ID,GRUPO_INSTITUCION,NOMBRE,MUNICIPIO,LOCALIDAD,LATITUD,LONGITUD,CONECTIVIDAD,DISTANCIA_TORRE_ESTATAL_CERCANA,TORRE_CERCANA_COORD,PROVEEDOR_PUBLICO,IPC,,,,
3475,SEGURIDAD,ITAMA - OFICINAS GENERALES,HERMOSILLO,HERMOSILLO,29.07171448,-110.958646,CONECTADA,0.31,"29.0744732, -110.9584987",0,NIVEL 2 (MEDIO),,,,
3526,SEGURIDAD,CENTRO FEDERAL DE READAPTACION SOCIAL,HERMOSILLO,LA HABANA TRES,28.9716862,-111.2948458,CONECTADA,15.54,"28.85721389, -111.3863694",0,NIVEL 2 (MEDIO),,,,
3512,SEGURIDAD,AGENCIA MINISTERIAL DE INVESTIGACION CRIMINAL - QUIRIEGO,QUIRIEGO,QUIRIEGO,27.518318,-109.253965,CONECTADA,0.38,"27.52069, -109.251259",1,NIVEL 1 (BAJO),,,,
3513,SEGURIDAD,AGENCIA MINISTERIAL DE INVESTIGACION CRIMINAL - ROSARIO,ROSARIO,ROSARIO,27.841968,-109.373232,CONECTADA,0.29,"27.840604, -109.370759",1,NIVEL 1 (BAJO),,,,
3514,SEGURIDAD,AGENCIA DEL MINISTERIO PÚBLICO - ROSARIO,ROSARIO,ROSARIO,27.841967,-109.373042,CONECTADA,0.27,"27.840604, -109.370759",1,NIVEL 1 (BAJO),,,,
3492,SEGURIDAD,CENTRO DE COMANDO COMUNICACION COMPUTO Y COORDINACION DE INTELIGENCIA,HERMOSILLO,HERMOSILLO,29.064845,-111.048111,CONECTADA,0.12,"29.06376, -111.048102",0,NIVEL 2 (MEDIO),,,,
3493,SEGURIDAD,COORDINACION ESTATAL DE ADMINISTRACION  EVALUACION Y CONTROL,HERMOSILLO,HERMOSILLO,29.092897,-110.981263,CONECTADA,0.58,"29.09152931, -110.9754964",0,NIVEL 2 (MEDIO),,,,
3494,SEGURIDAD,COORDINACION ESTATAL DE LA POLICIA ESTATAL DE SEGURIDAD PÚBLICA,HERMOSILLO,HERMOSILLO,29.093736,-110.984175,CONECTADA,0.88,"29.09152931, -110.9754964",0,NIVEL 2 (MEDIO),,,,
3509,SEGURIDAD,AGENCIA DEL MINISTERIO PÚBLICO - BACADEHUACHI,BACADEHUACHI,BACADEHUACHI,29.814174,-109.140927,CONECTADA,0.61,"29.80873, -109.14072",1,NIVEL 1 (BAJO),,,,
3510,SEGURIDAD,AGENCIA DEL MINISTERIO PÚBLICO - SAHUARIPA,SAHUARIPA,SAHUARIPA,29.056348,-109.233421,CONECTADA,0,"29.056386, -109.233431",1,NIVEL 1 (BAJO),,,,
3476,SEGURIDAD,ITAMA - HERMOSILLO II FEMENIL,HERMOSILLO,HERMOSILLO,29.04248876,-110.9803153,CONECTADA,3.4,"29.064011, -110.955496",0,NIVEL 2 (MEDIO),,,,
3478,SEGURIDAD,ITAMA - GMASS,HERMOSILLO,SANTA ELENA,29.128689,-110.875642,CONECTADA,9.4,"29.06939286, -110.944628",0,NIVEL 2 (MEDIO),,,,
3479,SEGURIDAD,ITAMA - HERMOSILLO I,HERMOSILLO,HERMOSILLO,29.046383,-110.935254,CONECTADA,0.7,"29.051335, -110.939713",0,NIVEL 2 (MEDIO),,,,
3481,SEGURIDAD,ITAMA - CTE HERMOSILLO,HERMOSILLO,HERMOSILLO,29.084389,-110.949607,CONECTADA,1.15,"29.07631845, -110.9570658",0,NIVEL 2 (MEDIO),,,,
3482,SEGURIDAD,ITAMA - COCORIT,CAJEME,COCORIT,27.574099,-109.954146,CONECTADA,1.55,"27.56626, -109.9411",0,NIVEL 2 (MEDIO),,,,
3483,SEGURIDAD,ITAMA - CTE OBREGON,CAJEME,CIUDAD OBREGON,27.50419,-109.95749,CONECTADA,2.3,"27.4836, -109.955",0,NIVEL 2 (MEDIO),,,,
3511,SEGURIDAD,AGENCIA MINISTERIAL DE INVESTIGACION CRIMINAL - SAHUARIPA,SAHUARIPA,SAHUARIPA,29.054913,-109.232466,CONECTADA,0.19,"29.056386, -109.233431",1,NIVEL 1 (BAJO),,,,
3484,SEGURIDAD,ITAMA - CTE NAVOJOA,NAVOJOA,NAVOJOA,27.082918,-109.446571,CONECTADA,0.07,"27.082605, -109.447167",0,NIVEL 2 (MEDIO),,,,
3485,SEGURIDAD,ITAMA - CTE NOGALES,NOGALES,NOGALES,31.315246,-110.950317,CONECTADA,0.44,"31.316111, -110.945833",0,NIVEL 2 (MEDIO),,,,
3486,SEGURIDAD,ITAMA - CICE NOGALES,NOGALES,AGUA ZARCA (FERROCARRIL),31.184719,-110.969169,CONECTADA,2.57,"31.16167, -110.9703",0,NIVEL 2 (MEDIO),,,,
3487,SEGURIDAD,ITAMA - CTE GUAYMAS,GUAYMAS,HEROICA GUAYMAS,27.925156,-110.89315,CONECTADA,0.97,"27.91950278, -110.9007333",0,NIVEL 2 (MEDIO),,,,
3488,SEGURIDAD,ITAMA - SAN LUIS RIO COLORADO,SAN LUIS RIO COLORADO,LA GRULLITA,32.424203,-114.795015,CONECTADA,1.63,"32.427675, -114.778164",0,NIVEL 2 (MEDIO),,,,
3490,SEGURIDAD,USP - UNIVERSIDAD DE LA SEGURIDAD PÚBLICA DEL ESTADO,HERMOSILLO,HERMOSILLO,29.013666,-110.960414,CONECTADA,2.48,"29.008651, -110.935527",0,NIVEL 2 (MEDIO),,,,
3491,SEGURIDAD,DESPACHO DEL TITULAR DE LA SECRETARIA,HERMOSILLO,HERMOSILLO,29.091638,-110.975513,CONECTADA,0.01,"29.09162451, -110.9754325",0,NIVEL 2 (MEDIO),,,,
3495,SEGURIDAD,CENTRO ESTATAL DE INFORMACION SOBRE SEGURIDAD PÚBLICA,HERMOSILLO,HERMOSILLO,29.091638,-110.975513,CONECTADA,0.01,"29.09162451, -110.9754325",0,NIVEL 2 (MEDIO),,,,
3496,SEGURIDAD,COORDINACION ESTATAL DEL SISTEMA PENITENCIARIO,HERMOSILLO,HERMOSILLO,29.0251,-110.915564,CONECTADA,1.41,"29.01491188, -110.9241526",0,NIVEL 2 (MEDIO),,,,
3497,SEGURIDAD,C5I HERMOSILLO,HERMOSILLO,HERMOSILLO,29.064193,-111.048336,CONECTADA,0.05,"29.06376, -111.048102",0,NIVEL 2 (MEDIO),,,,
3498,SEGURIDAD,C5I GUAYMAS,GUAYMAS,HEROICA GUAYMAS,27.946172,-110.919099,CONECTADA,1.46,"27.941844, -110.905094",0,NIVEL 2 (MEDIO),,,,
3499,SEGURIDAD,C5I SAN LUIS RIO COLORADO,SAN LUIS RIO COLORADO,SAN LUIS RIO COLORADO,32.456568,-114.746231,CONECTADA,0.01,"32.456613, -114.746291",0,NIVEL 2 (MEDIO),,,,
3500,SEGURIDAD,C5I PUERTO PEÑASCO,PUERTO PEÑASCO,PUERTO PEÑASCO,31.334021,-113.529957,CONECTADA,0.01,"31.33396389, -113.52995",0,NIVEL 2 (MEDIO),,,,
3501,SEGURIDAD,C5I CANANEA,CANANEA,HEROICA CIUDAD DE CANANEA,30.985731,-110.277367,CONECTADA,1.16,"30.98961, -110.26602",0,NIVEL 2 (MEDIO),,,,
3502,SEGURIDAD,C5I AGUA PRIETA,AGUA PRIETA,AGUA PRIETA,31.319165,-109.557953,CONECTADA,0.01,"31.31913889, -109.5580556",0,NIVEL 2 (MEDIO),,,,
3503,SEGURIDAD,C5I OBREGON,CAJEME,OBREGON,27.52596,-109.930065,CONECTADA,0.02,"27.52598056, -109.9302889",0,NIVEL 2 (MEDIO),,,,
3504,SEGURIDAD,C5I NAVOJOA,NAVOJOA,NAVOJOA,27.078889,-109.443481,CONECTADA,0.01,"27.07895278, -109.443525",0,NIVEL 2 (MEDIO),,,,
3505,SEGURIDAD,C5I NOGALES,NOGALES,NOGALES,31.290164,-110.951151,CONECTADA,0.01,"31.29011, -110.951213",0,NIVEL 2 (MEDIO),,,,
3506,SEGURIDAD,AGENCIA MINISTERIAL DE INVESTIGACION CRIMINAL - NACORI CHICO,NACORI CHICO,NACORI CHICO,29.686992,-108.978963,CONECTADA,0.12,"29.68636, -108.97802",1,NIVEL 1 (BAJO),,,,
3507,SEGURIDAD,AGENCIA MINISTERIAL DE INVESTIGACION CRIMINAL - TECORIPA,LA COLORADA,TECORIPA,28.623606,-109.951543,CONECTADA,0.3,"28.62378, -109.9546",1,NIVEL 1 (BAJO),,,,
3508,SEGURIDAD,AGENCIA MINISTERIAL DE INVESTIGACION CRIMINAL - ARIZPE,ARIZPE,ARIZPE,30.3321105,-110.173533,CONECTADA,0.89,"30.338364, -110.167683",1,NIVEL 1 (BAJO),,,,
3515,SEGURIDAD,AGENCIA MINISTERIAL DE INVESTIGACION CRIMINAL - YECORA,YECORA,YECORA,28.376095,-108.921182,CONECTADA,0.59,"28.37264, -108.925702",1,NIVEL 1 (BAJO),,,,
3516,SEGURIDAD,GUARDIA NACIONAL - SAHUARIPA,SAHUARIPA,SAHUARIPA,29.030513,-109.258673,CONECTADA,1.35,"29.023243, -109.269806",1,NIVEL 1 (BAJO),,,,
3517,SEGURIDAD,COMANDANCIA MUNICIPAL - ROSARIO,ROSARIO,ROSARIO,27.842266,-109.374085,CONECTADA,0.38,"27.840604, -109.370759",1,NIVEL 1 (BAJO),,,,
3518,SEGURIDAD,COMANDANCIA MUNICIPAL - QUIRIEGO,QUIRIEGO,QUIRIEGO,27.520231,-109.254609,CONECTADA,0.33,"27.52069, -109.251259",1,NIVEL 1 (BAJO),,,,
3519,SEGURIDAD,COMANDANCIA MUNICIPAL - YECORA,YECORA,YECORA,28.371039,-108.927441,CONECTADA,0.25,"28.37264, -108.925702",1,NIVEL 1 (BAJO),,,,
3520,SEGURIDAD,COMANDANCIA MUNICIPAL - BACANORA,BACANORA,BACANORA,28.978132,-109.399728,CONECTADA,0.07,"28.977583, -109.399342",1,NIVEL 1 (BAJO),,,,
3521,SEGURIDAD,COMANDANCIA MUNICIPAL - SAHUARIPA,SAHUARIPA,SAHUARIPA,29.06430828,-109.2405697,CONECTADA,1.01,"29.05581, -109.23689",1,NIVEL 1 (BAJO),,,,
3522,SEGURIDAD,COMANDANCIA MUNICIPAL - ARIVECHI,ARIVECHI,ARIVECHI,28.92733773,-109.1876277,CONECTADA,0.13,"28.92847, -109.18732",1,NIVEL 1 (BAJO),,,,
3523,SEGURIDAD,BATALLON DE INFANTERIA 24 - HERMOSILLO,HERMOSILLO,HERMOSILLO,29.11678508,-110.9499297,CONECTADA,3.74,"29.09162451, -110.9754325",1,NIVEL 1 (BAJO),,,,
3524,SEGURIDAD,HOSPITAL MILITAR REGIONAL - HERMOSILLO,HERMOSILLO,HERMOSILLO,29.11563903,-110.9497081,CONECTADA,3.66,"29.09162451, -110.9754325",1,NIVEL 1 (BAJO),,,,
3525,SEGURIDAD,COMPAÑIA DE MANTENIMIENTO 16/A. - HERMOSILLO,HERMOSILLO,HERMOSILLO,29.11361166,-110.9468816,CONECTADA,3.7,"29.09162451, -110.9754325",1,NIVEL 1 (BAJO),,,,
3233,SALUD,CENTRO DE SALUD RURAL ACONCHI,ACONCHI,ACONCHI,29.82632209,-110.227501,SIN CONEXION,0.73,"29.8262, -110.21989",0,NIVEL 3 (ALTO),,,,
3248,SALUD,CENTRO DE SALUD RURAL EL ZAPOTE,ALAMOS,EL ZAPOTE,26.77945191,-108.6906565,SIN CONEXION,21.53,"26.66351, -108.864288",0,NIVEL 3 (ALTO),,,,
3178,SALUD,BELEEM PITAHAYA,GUAYMAS,BEELEM PITAHAYA,27.77014187,-110.4372404,CONECTADA,9.77,"27.690069, -110.478103",0,NIVEL 2 (MEDIO),,,,
3179,SALUD,CAAPS,HERMOSILLO,HERMOSILLO,29.09966891,-110.9753877,CONECTADA,0.89,"29.09162451, -110.9754325",0,NIVEL 2 (MEDIO),,,,
3180,SALUD,CENTRO DE SALUD ALTAR,ALTAR,ALTAR,30.71523481,-111.8347816,CONECTADA,1.44,"30.70384167, -111.8277278",0,NIVEL 2 (MEDIO),,,,
3181,SALUD,CENTRO DE SALUD BACUM,BACUM,BACUM,27.55500396,-110.0850782,CONECTADA,0.01,"27.5551, -110.085",0,NIVEL 2 (MEDIO),,,,
3182,SALUD,CENTRO DE SALUD BENJAMIN HILL,BENJAMIN HILL,BENJAMIN HILL,30.16867212,-111.1172188,CONECTADA,0.1,"30.167956, -111.117789",0,NIVEL 2 (MEDIO),,,,
3183,SALUD,CENTRO DE SALUD BLOCK 410,CAJEME,CD OBREGON,27.45816878,-109.924122,CONECTADA,0.84,"27.46464167, -109.9284222",0,NIVEL 2 (MEDIO),,,,
3184,SALUD,CENTRO DE SALUD CANANEA,CANANEA,CANANEA,30.98379033,-110.3047997,CONECTADA,0.77,"30.9777, -110.308617",0,NIVEL 2 (MEDIO),,,,
3185,SALUD,CENTRO DE SALUD CIUDAD DE LOS NIÑOS,HERMOSILLO,HERMOSILLO,29.0065914,-110.9213456,CONECTADA,0.92,"29.01221702, -110.9283082",0,NIVEL 2 (MEDIO),,,,
3186,SALUD,CENTRO DE SALUD CUMPAS,CUMPAS,CUMPAS,29.99440099,-109.7827813,CONECTADA,0.69,"29.996425, -109.77598",0,NIVEL 2 (MEDIO),,,,
3187,SALUD,CENTRO DE SALUD DOMINGO OLIVARES,HERMOSILLO,HERMOSILLO,29.08668964,-110.9535549,CONECTADA,1.2,"29.07631845, -110.9570658",0,NIVEL 2 (MEDIO),,,,
3188,SALUD,CENTRO DE SALUD EMILIANO ZAPATA,HERMOSILLO,HERMOSILLO,29.04945113,-110.9630067,CONECTADA,1.78,"29.064011, -110.955496",0,NIVEL 2 (MEDIO),,,,
3189,SALUD,CENTRO DE SALUD URBANO Y ESTABILIZACION DE EMPALME,EMPALME,EMPALME,27.95863379,-110.7823197,CONECTADA,0.92,"27.959147, -110.79165",0,NIVEL 2 (MEDIO),,,,
3190,SALUD,CENTRO DE SALUD ESPERANZA,CAJEME,ESPERANZA,27.58228456,-109.9298233,CONECTADA,2.1,"27.56626, -109.9411",0,NIVEL 2 (MEDIO),,,,
3191,SALUD,CENTRO DE SALUD FLORESTA,HERMOSILLO,HERMOSILLO,29.12477449,-111.0209513,CONECTADA,2.78,"29.102933, -111.007014",0,NIVEL 2 (MEDIO),,,,
3192,SALUD,CENTRO DE SALUD GUAYMAS NORTE,GUAYMAS,GUAYMAS,27.9463934,-110.9293663,CONECTADA,0.48,"27.94620556, -110.9342083",0,NIVEL 2 (MEDIO),,,,
3193,SALUD,CENTRO DE SALUD HUATABAMPO,HUATABAMPO,HUATABAMPO,26.83583584,-109.6393042,CONECTADA,0.76,"26.84247222, -109.6411222",0,NIVEL 2 (MEDIO),,,,
3194,SALUD,CENTRO DE SALUD IMURIS,IMURIS,IMURIS,30.7832664,-110.8534539,CONECTADA,0.64,"30.7887194, -110.85133",0,NIVEL 2 (MEDIO),,,,
3195,SALUD,CENTRO DE SALUD LAS MINITAS,HERMOSILLO,HERMOSILLO,29.04536839,-110.9934893,CONECTADA,4.15,"29.06763827, -110.9592655",0,NIVEL 2 (MEDIO),,,,
3196,SALUD,CENTRO DE SALUD LOMAS DE MADRID,HERMOSILLO,HERMOSILLO,29.13057798,-110.9767023,CONECTADA,1.72,"29.14361389, -110.9862722",0,NIVEL 2 (MEDIO),,,,
3197,SALUD,CENTRO DE SALUD LOS NARANJOS,HERMOSILLO,HERMOSILLO,29.07737801,-110.9269038,CONECTADA,1.94,"29.06939286, -110.944628",0,NIVEL 2 (MEDIO),,,,
3198,SALUD,CENTRO DE SALUD LOS OLIVOS,HERMOSILLO,HERMOSILLO,29.03177382,-110.976821,CONECTADA,4.07,"29.037639, -110.935456",0,NIVEL 2 (MEDIO),,,,
3199,SALUD,CENTRO DE SALUD MIGUEL ALEMAN,HERMOSILLO,POBLADO MIGUEL ALEMAN,28.84131359,-111.4889727,CONECTADA,0.11,"28.84228, -111.48905",0,NIVEL 2 (MEDIO),,,,
3200,SALUD,CENTRO DE SALUD NACO,NACO,NACO,31.32565506,-109.9462175,CONECTADA,0.14,"31.32499, -109.94746",0,NIVEL 2 (MEDIO),,,,
3201,SALUD,CENTRO DE SALUD NACOZARI DE GARCIA,NACOZARI DE GARCIA,NACOZARI DE GARCIA,30.37253291,-109.6910883,CONECTADA,0.59,"30.37529, -109.68584",0,NIVEL 2 (MEDIO),,,,
3202,SALUD,CENTRO DE SALUD NAVOJOA CENTRO,NAVOJOA,NAVOJOA,27.06833528,-109.4502526,CONECTADA,0.3,"27.06563326, -109.4497993",0,NIVEL 2 (MEDIO),,,,
3203,SALUD,CENTRO DE SALUD NAVOJOA ORIENTE,NAVOJOA,NAVOJOA,27.0735468,-109.4182917,CONECTADA,1.1,"27.07407267, -109.42939239",0,NIVEL 2 (MEDIO),,,,
3204,SALUD,CENTRO DE SALUD NOGALES,NOGALES,NOGALES,31.28930311,-110.9580546,CONECTADA,0.49,"31.28495, -110.95889",0,NIVEL 2 (MEDIO),,,,
3205,SALUD,CENTRO DE SALUD OBREGON CENTRO,CAJEME,CD OBREGON,27.48707,-109.939154,CONECTADA,1.31,"27.49709444, -109.9322056",0,NIVEL 2 (MEDIO),,,,
3206,SALUD,CENTRO DE SALUD OBREGON NORTE,CAJEME,CD OBREGON,27.51207451,-109.9216369,CONECTADA,1.77,"27.52598056, -109.9302889",0,NIVEL 2 (MEDIO),,,,
3225,SALUD,HOSPITAL GENERAL DE NOGALES,NOGALES,NOGALES,31.30938881,-110.9442106,SIN CONEXION,0.76,"31.316111, -110.945833",0,NIVEL 3 (ALTO),,,,
3208,SALUD,CENTRO DE SALUD PEÑASCO,PUERTO PEÑASCO,PUERTO PEÑASCO,31.31972757,-113.5371295,CONECTADA,1.27,"31.32935585, -113.5298673",0,NIVEL 2 (MEDIO),,,,
3209,SALUD,CENTRO DE SALUD PITIQUITO,PITIQUITO,PITIQUITO,30.67584999,-112.0518998,CONECTADA,0.2,"30.67713, -112.05045",0,NIVEL 2 (MEDIO),,,,
3210,SALUD,CENTRO DE SALUD POBLADO MIGUEL ALEMAN 2,HERMOSILLO,HERMOSILLO,28.84943636,-111.501237,CONECTADA,1.32,"28.84294167, -111.4898444",0,NIVEL 2 (MEDIO),,,,
3211,SALUD,CENTRO DE SALUD PROGRESO NORTE,HERMOSILLO,HERMOSILLO,29.14189273,-110.9849644,CONECTADA,0.23,"29.14361389, -110.9862722",0,NIVEL 2 (MEDIO),,,,
3212,SALUD,CENTRO DE SALUD SAHUARO,HERMOSILLO,HERMOSILLO,29.10184051,-111.0057471,CONECTADA,0.17,"29.102933, -111.007014",0,NIVEL 2 (MEDIO),,,,
3213,SALUD,CENTRO DE SALUD CON HOSPITAL SANTA ANA,SANTA ANA,SANTA ANA,30.54341884,-111.1227163,CONECTADA,0.17,"30.544323, -111.121223",0,NIVEL 2 (MEDIO),,,,
3214,SALUD,CENTRO DE SALUD SANTA ISABEL,HERMOSILLO,HERMOSILLO,29.11833038,-110.9854271,CONECTADA,1.07,"29.11026111, -110.9913861",0,NIVEL 2 (MEDIO),,,,
3215,SALUD,CENTRO DE SALUD SONOYTA,SONOYTA,SONOYTA,31.86214019,-112.8475114,CONECTADA,0.31,"31.864325, -112.8494722",0,NIVEL 2 (MEDIO),,,,
3216,SALUD,CENTRO DE SALUD VILLA JUAREZ,BENITO JUAREZ,BENITO JUAREZ,27.13848004,-109.8517479,CONECTADA,2.42,"27.128213, -109.830136",0,NIVEL 2 (MEDIO),,,,
3217,SALUD,HOSPITAL COMUNITARIO ALAMOS,ALAMOS,ALAMOS,27.02632661,-108.9432822,CONECTADA,0.74,"27.021836, -108.937803",0,NIVEL 2 (MEDIO),,,,
3218,SALUD,HOSPITAL COMUNITARIO MOCTEZUMA,MOCTEZUMA,MOCTEZUMA,29.80210536,-109.6812957,CONECTADA,0.09,"29.80268, -109.68059",0,NIVEL 2 (MEDIO),,,,
3219,SALUD,HOSPITAL COMUNITARIO URES,URES,URES,29.42512976,-110.3908577,CONECTADA,0.34,"29.42809, -110.38989",0,NIVEL 2 (MEDIO),,,,
3220,SALUD,HOSPITAL GENERAL DE CABORCA,CABORCA,CABORCA,30.70414971,-112.1791371,CONECTADA,1.66,"30.715511, -112.167881",0,NIVEL 2 (MEDIO),,,,
3221,SALUD,HOSPITAL GENERAL DE CANANEA,CANANEA,CANANEA,30.99833169,-110.2536216,CONECTADA,1.41,"30.98850278, -110.2630333",0,NIVEL 2 (MEDIO),,,,
3222,SALUD,HOSPITAL GENERAL DE GUAYMAS,GUAYMAS,GUAYMAS,27.91852305,-110.9005203,CONECTADA,0.11,"27.91950278, -110.9007333",0,NIVEL 2 (MEDIO),,,,
3223,SALUD,HOSPITAL GENERAL DEL BAJO RIO MAYO,HUATABAMPO,HUATABAMPO,26.84253804,-109.641174,CONECTADA,0.01,"26.84247222, -109.6411222",0,NIVEL 2 (MEDIO),,,,
3224,SALUD,HOSPITAL GENERAL DE NAVOJOA,NAVOJOA,NAVOJOA,27.06006213,-109.4399213,CONECTADA,1.16,"27.06563326, -109.4497993",0,NIVEL 2 (MEDIO),,,,
3234,SALUD,CENTRO DE SALUD RURAL COLONIA MORELOS,AGUA PRIETA,AGUA PRIETA,30.82728214,-109.2245979,SIN CONEXION,33.65,"30.894625, -109.568311",0,NIVEL 3 (ALTO),,,,
3226,SALUD,HOSPITAL GENERAL DE OBREGON,CAJEME,CD OBREGON,27.4836196,-109.9550201,CONECTADA,0,"27.4836, -109.955",0,NIVEL 2 (MEDIO),,,,
3227,SALUD,HOSPITAL GENERAL PUERTO PEÑASCO,PUERTO PEÑASCO,PUERTO PEÑASCO,31.34137122,-113.5163813,CONECTADA,1.53,"31.33396389, -113.52995",0,NIVEL 2 (MEDIO),,,,
3228,SALUD,HOSPITAL INFANTIL DEL ESTADO DE SONORA,HERMOSILLO,HERMOSILLO,29.11642766,-110.9717468,CONECTADA,2.03,"29.11026111, -110.9913861",0,NIVEL 2 (MEDIO),,,,
3229,SALUD,HOSPITAL PSIQUIATRICO CARLOS NAVA,HERMOSILLO,HERMOSILLO,29.07151648,-110.9558313,CONECTADA,0.25,"29.07067222, -110.9533944",0,NIVEL 2 (MEDIO),,,,
3230,SALUD,HOSPITAL PSIQUIATRICO CRUZ DEL NORTE,HERMOSILLO,HERMOSILLO,29.08103594,-111.0050833,CONECTADA,2.44,"29.102933, -111.007014",0,NIVEL 2 (MEDIO),,,,
3231,SALUD,CENTRO DE SALUD RURAL LOMA DE GUAMUCHIL,CAJEME,LOMA DE GUAMUCHIL,27.61431905,-109.9842751,CONECTADA,6.83,"27.56626, -109.9411",0,NIVEL 2 (MEDIO),,,,
3232,SALUD,HOSPITAL COMUNITARIO VICAM PUEBLO,GUAYMAS,VICAM PUEBLO,27.64715273,-110.2960852,CONECTADA,0.02,"27.647, -110.296",0,NIVEL 2 (MEDIO),,,,
3265,SALUD,CENTRO DE SALUD RURAL BANAMICHI,BANAMICHI,BANAMICHI,30.00854721,-110.2167411,CONECTADA,0.2,"30.007164, -110.218019",0,NIVEL 2 (MEDIO),,,,
3266,SALUD,CENTRO DE SALUD RURAL BAVIACORA,BAVIACORA,BAVIACORA,29.71343655,-110.1657422,CONECTADA,0.09,"29.7141899999999, -110.16544",0,NIVEL 2 (MEDIO),,,,
3287,SALUD,CENTRO DE SALUD RURAL LA ATRAVEZADA,EMPALME,LA ATRAVEZADA,28.096451,-110.690013,CONECTADA,6.06,"28.075694, -110.747167",0,NIVEL 2 (MEDIO),,,,
3364,SALUD,CENTRO DE SALUD RURAL SAHUARIPA,SAHUARIPA,SAHUARIPA,29.05031644,-109.2326433,CONECTADA,0.68,"29.05637, -109.23347",0,NIVEL 2 (MEDIO),,,,
3370,SALUD,CENTRO DE SALUD RURAL ESTACION PESQUEIRA,SAN MIGUEL DE HORCASITAS,PESQUEIRA,29.3802486,-110.9014073,CONECTADA,12.6,"29.27303, -110.94341",0,NIVEL 2 (MEDIO),,,,
3391,SALUD,CENTRO DE SALUD RURAL YECORA,YECORA,YECORA,28.3702408,-108.930958,CONECTADA,0.41,"28.373942, -108.930475",0,NIVEL 2 (MEDIO),,,,
3408,SALUD,CENTRO DE SALUD URBANO CABORCA,CABORCA,CABORCA,30.71751841,-112.1790768,CONECTADA,1.09,"30.715511, -112.167881",0,NIVEL 2 (MEDIO),,,,
3420,SALUD,UNEME-ENFERMEDADES CRONICAS OBREGON,CAJEME,CIUDAD OBREGON,27.45562057,-109.9432108,CONECTADA,1.77,"27.46464167, -109.9284222",0,NIVEL 2 (MEDIO),,,,
3425,SALUD,HOSPITAL COMUNITARIO DE MAGDALENA,MAGDALENA,MAGDALENA  DE KINO,30.64212857,-110.9546661,CONECTADA,1.8,"30.6298, -110.96689",0,NIVEL 2 (MEDIO),,,,
3428,SALUD,HOSPITAL GENERAL DEL BAJO RIO MAYO,HUATABAMPO,HUATABAMPO,26.84254762,-109.6413577,CONECTADA,0.01,"26.842562, -109.641426",0,NIVEL 2 (MEDIO),,,,
3430,SALUD,CENTRO DE SALUD RURAL EMILIANO ZAPATA,CANANEA,EMILIANO ZAPATA,31.03163883,-110.1667731,CONECTADA,10.35,"30.98850278, -110.2630333",0,NIVEL 2 (MEDIO),,,,
3441,SALUD,POLICLINICO HUATABAMPO,HUATABAMPO,HUATABAMPO,26.827206,-109.634829,CONECTADA,1.76,"26.820916667, -109.61855556",0,NIVEL 2 (MEDIO),,,,
3443,SALUD,MODULO AGUA PRIETA,AGUA PRIETA,AGUA PRIETA,31.326924,-109.561059,CONECTADA,0.91,"31.31913889, -109.5580556",0,NIVEL 2 (MEDIO),,,,
3444,SALUD,MODULO ALAMOS,ALAMOS,ALAMOS,27.0245302,-108.9374947,CONECTADA,0.3,"27.021836, -108.937803",0,NIVEL 2 (MEDIO),,,,
3445,SALUD,MODULO BENITO JUAREZ,BENITO JUAREZ,VILLA JUAREZ,27.12829073,-109.8455708,CONECTADA,1.53,"27.128213, -109.830136",0,NIVEL 2 (MEDIO),,,,
3446,SALUD,MODULO CABORCA,CABORCA,CABORCA,30.71174062,-112.1559437,CONECTADA,0.61,"30.71350833, -112.1499222",0,NIVEL 2 (MEDIO),,,,
3447,SALUD,MODULO CAJEME,CAJEME,CAJEME,27.46507216,-109.9292732,CONECTADA,0.1,"27.46464167, -109.9284222",0,NIVEL 2 (MEDIO),,,,
3448,SALUD,MODULO CANANEA,CANANEA,CANANEA,30.98321984,-110.3035301,CONECTADA,0.78,"30.9777, -110.308617",0,NIVEL 2 (MEDIO),,,,
3449,SALUD,MODULO CASA DE DIA SNTE 54,HERMOSILLO,HERMOSILLO,29.10353419,-110.999603,CONECTADA,0.72,"29.102933, -111.007014",0,NIVEL 2 (MEDIO),,,,
3450,SALUD,MODULO CENTRO DE GOBIERNO,HERMOSILLO,HERMOSILLO,29.06793857,-110.9578983,CONECTADA,0.07,"29.06757, -110.95845",0,NIVEL 2 (MEDIO),,,,
3451,SALUD,MODULO COBACH VILLA DE SERIS,HERMOSILLO,HERMOSILLO,29.04377837,-110.9582943,CONECTADA,1.99,"29.051335, -110.939713",0,NIVEL 2 (MEDIO),,,,
3452,SALUD,MODULO CUMPAS,CUMPAS,CUMPAS,29.99524158,-109.7822155,CONECTADA,0.61,"29.996425, -109.77598",0,NIVEL 2 (MEDIO),,,,
3453,SALUD,MODULO EMPALME,EMPALME,EMPALME,27.9575081,-110.815454,CONECTADA,0.04,"27.957581, -110.815899",0,NIVEL 2 (MEDIO),,,,
3454,SALUD,MODULO ETCHOJOA,ETCHOJOA,ETCHOJOA,26.91297855,-109.6268347,CONECTADA,0.18,"26.911617, -109.625892",0,NIVEL 2 (MEDIO),,,,
3455,SALUD,MODULO GRANADOS,GRANADOS,GRANADOS,29.86330327,-109.3107002,CONECTADA,0.12,"29.86225, -109.31035",0,NIVEL 2 (MEDIO),,,,
3456,SALUD,MODULO HUASABAS,HUASABAS,HUASABAS,29.904158,-109.299909,CONECTADA,0.2,"29.90431, -109.30196",0,NIVEL 2 (MEDIO),,,,
3466,SALUD,MODULO SAHUARIPA,SAHUARIPA,SAHUARIPA,29.050151,-109.232214,CONECTADA,0.7,"29.05637, -109.23347",0,NIVEL 2 (MEDIO),,,,
3249,SALUD,CASA DE SALUD RURAL GEROCOA,ALAMOS,GEROCOA CHICO (GEROCOA),26.81403248,-108.8999518,SIN CONEXION,12.1,"26.793755, -109.019689",0,NIVEL 3 (ALTO),,,,
3457,SALUD,MODULO HUEPAC,HUEPAC,HUEPAC,29.91111701,-110.2129546,CONECTADA,0.14,"29.91147, -110.21156",0,NIVEL 2 (MEDIO),,,,
3458,SALUD,MODULO IMURIS,IMURIS,IMURIS,30.777763,-110.859289,CONECTADA,0.23,"30.7773, -110.8616389",0,NIVEL 2 (MEDIO),,,,
3459,SALUD,MODULO MAGDALENA,MAGDALENA,MAGDALENA,30.62917139,-110.9669658,CONECTADA,0.07,"30.6298, -110.96689",0,NIVEL 2 (MEDIO),,,,
3460,SALUD,MODULO MOCTEZUMA,MOCTEZUMA,MOCTEZUMA,29.80128998,-109.6802651,CONECTADA,0.16,"29.80268, -109.68059",0,NIVEL 2 (MEDIO),,,,
3461,SALUD,MODULO NACO,NACO,NACO,31.32966398,-109.9485878,CONECTADA,0.16,"31.33107222, -109.9482",0,NIVEL 2 (MEDIO),,,,
3462,SALUD,MODULO NACOZARI,NACOZARI,NACOZARI,30.37217831,-109.6908939,CONECTADA,0.6,"30.37529, -109.68584",0,NIVEL 2 (MEDIO),,,,
3463,SALUD,MODULO POBLADO MIGUEL ALEMAN,HERMOSILLO,POBLADO MIGUEL ALEMAN,28.84088068,-111.4752236,CONECTADA,1.36,"28.84228, -111.48905",0,NIVEL 2 (MEDIO),,,,
3464,SALUD,MODULO PUEBLO YAQUI,CAJEME,PUEBLO YAQUI,27.3557573,-110.0355649,CONECTADA,0.17,"27.35423611, -110.035575",0,NIVEL 2 (MEDIO),,,,
3465,SALUD,MODULO PUERTO PEÑASCO,PUERTO PEÑASCO,PUERTO PEÑASCO,31.31511051,-113.534858,CONECTADA,1.16,"31.305833, -113.540438",0,NIVEL 2 (MEDIO),,,,
3467,SALUD,MODULO SAN IGNACIO RIO MUERTO,SAN IGNACIO RIO MUERTO,SAN IGNACIO RIO MUERTO,27.41083085,-110.2430459,CONECTADA,0.37,"27.409988, -110.239434",0,NIVEL 2 (MEDIO),,,,
3468,SALUD,MODULO SAN LUIS RIO COLORADO,SAN LUIS RIO COLORADO,SAN LUIS RIO COLORADO,32.483357,-114.783908,CONECTADA,0.64,"32.47933611, -114.7790444",0,NIVEL 2 (MEDIO),,,,
3469,SALUD,MODULO SANTA ANA,SANTA ANA,SANTA ANA,30.54136062,-111.1239213,CONECTADA,0.36,"30.54169, -111.12766",0,NIVEL 2 (MEDIO),,,,
3472,SALUD,MODULO SONOYTA,SONOYTA,SONOYTA,31.866941,-112.855119,CONECTADA,0.61,"31.864325, -112.8494722",0,NIVEL 2 (MEDIO),,,,
3473,SALUD,MODULO UNISON HERMOSILLO,HERMOSILLO,HERMOSILLO,29.083476,-110.960362,CONECTADA,0.86,"29.07631845, -110.9570658",0,NIVEL 2 (MEDIO),,,,
3474,SALUD,MODULO URES,URES,URES,29.4285448,-110.3904176,CONECTADA,0.07,"29.42809, -110.38989",0,NIVEL 2 (MEDIO),,,,
3244,SALUD,CENTRO DE SALUD RURAL EL TABELO,ALAMOS,EL TABELO,27.16377432,-108.9587897,SIN CONEXION,8.56,"27.21055, -108.89006",0,NIVEL 3 (ALTO),,,,
3245,SALUD,CENTRO DE SALUD RURAL LOS TANQUES,ALAMOS,LOS TANQUES,27.21049821,-108.8943576,SIN CONEXION,0.43,"27.21055, -108.89006",0,NIVEL 3 (ALTO),,,,
3246,SALUD,CENTRO DE SALUD RURAL TAPIZUELAS,ALAMOS,LAS TAPIZUELAS,26.66614582,-108.8635531,SIN CONEXION,0.3,"26.66351, -108.864288",0,NIVEL 3 (ALTO),,,,
3247,SALUD,CENTRO DE SALUD RURAL TECHOBAMPO,ALAMOS,TECHOBAMPO,27.3011917,-108.8855605,SIN CONEXION,10.09,"27.21055, -108.89006",0,NIVEL 3 (ALTO),,,,
3235,SALUD,CENTRO DE SALUD RURAL BURAPACO,ALAMOS,BURAPACO,27.5603044,-108.8824112,SIN CONEXION,34.42,"27.545293, -109.231119",0,NIVEL 3 (ALTO),,,,
3236,SALUD,CENTRO DE SALUD RURAL CERRO COLORADO,ALAMOS,CERRO COLORADO,26.76634998,-108.8220273,SIN CONEXION,12.18,"26.66351, -108.864288",0,NIVEL 3 (ALTO),,,,
3237,SALUD,CENTRO DE SALUD RURAL EL CHINAL,ALAMOS,EL CHINAL,26.68095919,-108.7011546,SIN CONEXION,16.33,"26.66351, -108.864288",0,NIVEL 3 (ALTO),,,,
3238,SALUD,CENTRO DE SALUD RURAL EL CHINO,ALAMOS,EL CHINO,26.57150452,-108.9752561,SIN CONEXION,0.01,"26.57152, -108.97534",0,NIVEL 3 (ALTO),,,,
3239,SALUD,CENTRO DE SALUD RURAL EL MAQUIPO,ALAMOS,EL MAQUIPO,26.72378688,-108.715564,SIN CONEXION,16.22,"26.66351, -108.864288",0,NIVEL 3 (ALTO),,,,
3240,SALUD,CENTRO DE SALUD RURAL MEXIQUILLO,ALAMOS,MEXIQUILLO,27.34898655,-108.9263291,SIN CONEXION,15.81,"27.21055, -108.89006",0,NIVEL 3 (ALTO),,,,
3241,SALUD,CENTRO DE SALUD RURAL MOCUZARIT,ALAMOS,#¿NOMBRE?,27.21444105,-109.0967116,SIN CONEXION,0.23,"27.215093, -109.094535",0,NIVEL 3 (ALTO),,,,
3242,SALUD,CENTRO DE SALUD RURAL LOS MUERTOS,ALAMOS,LOS MUERTOS,26.74101938,-108.9111598,SIN CONEXION,9.8,"26.66351, -108.864288",0,NIVEL 3 (ALTO),,,,
3243,SALUD,CENTRO DE SALUD RURAL SAN BERNARDO,ALAMOS,SAN BERNARDO,27.4003373,-108.8469724,SIN CONEXION,21.53,"27.21055, -108.89006",0,NIVEL 3 (ALTO),,,,
3250,SALUD,CENTRO DE SALUD RURAL ARIVECHI,ARIVECHI,ARIVECHI,28.93070674,-109.1868744,SIN CONEXION,0.25,"28.92847, -109.18732",0,NIVEL 3 (ALTO),,,,
3251,SALUD,CENTRO DE SALUD RURAL TARACHI,ARIZPE,ARIVECHI,28.80620677,-108.9377458,SIN CONEXION,12.46,"28.741214, -109.041887",0,NIVEL 3 (ALTO),,,,
3252,SALUD,CENTRO DE SALUD RURAL ARIZPE,ARIZPE,ARIZPE,30.33987031,-110.1651452,SIN CONEXION,0.3,"30.338364, -110.167683",0,NIVEL 3 (ALTO),,,,
3253,SALUD,CENTRO DE SALUD RURAL BACANUCHI,ARIZPE,BACANUCHI,30.60494284,-110.2371379,SIN CONEXION,25.89,"30.632433, -109.968483",0,NIVEL 3 (ALTO),,,,
3254,SALUD,CENTRO DE SALUD RURAL CHINAPA,ARIZPE,CHINAPA,30.43760879,-110.0347962,SIN CONEXION,16.86,"30.338364, -110.167683",0,NIVEL 3 (ALTO),,,,
3255,SALUD,CENTRO DE SALUD RURAL SINOQUIPE,ARIZPE,SINOQUIPE,30.15710731,-110.2444575,SIN CONEXION,0.14,"30.157514, -110.245836",0,NIVEL 3 (ALTO),,,,
3256,SALUD,CENTRO DE SALUD RURAL ATIL,ATIL,ATIL,30.8445192,-111.5835741,SIN CONEXION,0.79,"30.847936, -111.576303",0,NIVEL 3 (ALTO),,,,
3257,SALUD,CENTRO DE SALUD RURAL BACADEHUACHI,BACADEHUACHI,BACADEHUACHI,29.80916643,-109.1436598,SIN CONEXION,0.1,"29.808589, -109.142825",0,NIVEL 3 (ALTO),,,,
3258,SALUD,CENTRO DE SALUD RURAL BACANORA,BACANORA,BACANORA,28.97855178,-109.3992277,SIN CONEXION,0.11,"28.977583, -109.399342",0,NIVEL 3 (ALTO),,,,
3259,SALUD,CENTRO DE SALUD RURAL BACERAC,BACERAC,BACERAC,30.35539836,-108.9301869,SIN CONEXION,0.26,"30.356653, -108.927858",0,NIVEL 3 (ALTO),,,,
3260,SALUD,CENTRO DE SALUD RURAL BACOACHI,BACOACHI,BACOACHI,30.631268,-109.971166,SIN CONEXION,0.29,"30.632433, -109.968483",0,NIVEL 3 (ALTO),,,,
3261,SALUD,CENTRO DE SALUD RURAL UNAMICHI,BACOACHI,UNAMICHI,30.67516678,-109.9859104,SIN CONEXION,5.04,"30.632433, -109.968483",0,NIVEL 3 (ALTO),,,,
3262,SALUD,CENTRO DE SALUD RURAL FCO.JAVIER MINA (CAMPO 60),BACUM,FCO. JAVIER MINA,27.45822022,-110.1133082,SIN CONEXION,0.01,"27.45816, -110.11326",0,NIVEL 3 (ALTO),,,,
3263,SALUD,CENTRO DE SALUD RURAL 1ERO. DE MAYO (CAMPO 77),BACUM,PRIMERO DE MAYO,27.38636996,-110.1210903,SIN CONEXION,8.02,"27.45816, -110.11326",0,NIVEL 3 (ALTO),,,,
3264,SALUD,CENTRO DE SALUD RURAL SAN JOSE DE BACUM,BACUM,SAN JOSE DE BACUM,27.51381507,-110.1419589,SIN CONEXION,3.15,"27.498163, -110.115354",0,NIVEL 3 (ALTO),,,,
3267,SALUD,CENTRO DE SALUD RURAL MAZOCAHUI,BAVIACORA,MAZOCAHUI,29.53784765,-110.1194014,SIN CONEXION,17.36,"29.461111, -110.275556",0,NIVEL 3 (ALTO),,,,
3268,SALUD,CENTRO DE SALUD RURAL BAVISPE,BAVISPE,BAVISPE,30.4794,-108.941,SIN CONEXION,0.25,"30.47913, -108.94358",0,NIVEL 3 (ALTO),,,,
3269,SALUD,CENTRO DE SALUD RURAL SAN MIGUELITO,BAVISPE,SAN MIGUELITO,30.51629978,-108.9680018,SIN CONEXION,0.18,"30.516485, -108.969837",0,NIVEL 3 (ALTO),,,,
3270,SALUD,CENTRO DE SALUD RURAL EL DIAMANTE,CABORCA,EL DIAMANTE,30.84531655,-112.6378301,SIN CONEXION,8.44,"30.805425, -112.7130333",0,NIVEL 3 (ALTO),,,,
3271,SALUD,CENTRO DE SALUD RURAL ORIBE DE ALBA,CABORCA,ORIBE DE ALBA,30.93676447,-113.0112461,SIN CONEXION,0.06,"30.93714, -113.01164",0,NIVEL 3 (ALTO),,,,
3272,SALUD,CENTRO DE SALUD RURAL COL. ALLENDE,CAJEME,ALLENDE,27.19066131,-109.9103919,SIN CONEXION,0.02,"27.190529, -109.910359",0,NIVEL 3 (ALTO),,,,
3273,SALUD,CENTRO DE SALUD RURAL BUENAVISTA,ARIZPE,BUENA VISTA,27.80067178,-109.902894,SIN CONEXION,26.34,"27.56626, -109.9411",0,NIVEL 3 (ALTO),,,,
3274,SALUD,CENTRO DE SALUD RURAL CUAUHTEMOC (CAMPO 5),CAJEME,CUAHTEMOC (CAMPO 5),27.43316892,-110.0194183,SIN CONEXION,8.48,"27.4836, -109.955",0,NIVEL 3 (ALTO),,,,
3275,SALUD,CENTRO DE SALUD RURAL MORELOS 1,CAJEME,MORELOS UNO,27.27842744,-109.9968061,SIN CONEXION,5.24,"27.26486024, -109.9459878",0,NIVEL 3 (ALTO),,,,
3276,SALUD,CENTRO DE SALUD RURAL QUECHEHUECA,CAJEME,QUETCHEHUECA,27.26300561,-109.943666,SIN CONEXION,0.31,"27.26486024, -109.9459878",0,NIVEL 3 (ALTO),,,,
3277,SALUD,CENTRO DE SALUD RURAL 31 DE OCTUBRE (CAMPO 16),CAJEME,31 DE OCTUBRE,27.43319469,-110.0193904,SIN CONEXION,8.47,"27.4836, -109.955",0,NIVEL 3 (ALTO),,,,
3278,SALUD,CENTRO DE SALUD RURAL PUEBLO YAQUI,CAJEME,PUEBLO YAQUI,27.35610494,-110.0362185,SIN CONEXION,0.22,"27.35423611, -110.035575",0,NIVEL 3 (ALTO),,,,
3279,SALUD,CENTRO DE SALUD RURAL CARBO,CARBO,CARBO,29.68114462,-110.9566473,SIN CONEXION,0.15,"29.68045, -110.957931",0,NIVEL 3 (ALTO),,,,
3280,SALUD,CENTRO DE SALUD RURAL LA COLORADA,LA COLORADA,LA COLORADA,28.80276228,-110.5804726,SIN CONEXION,18.86,"28.766305, -110.769459",0,NIVEL 3 (ALTO),,,,
3281,SALUD,CENTRO DE SALUD RURAL TECORIPA,LA COLORADA,TECORIPA,28.62413196,-109.9540191,SIN CONEXION,0.07,"28.62378, -109.9546",0,NIVEL 3 (ALTO),,,,
3282,SALUD,CENTRO DE SALUD RURAL CUCURPE,CUCURPE,CUCURPE,30.32892714,-110.7062243,SIN CONEXION,0.23,"30.330397, -110.704533",0,NIVEL 3 (ALTO),,,,
3283,SALUD,CENTRO DE SALUD RURAL LOS HOYOS,CUMPAS,LOS HOYOS,30.12888275,-109.7818779,SIN CONEXION,14.56,"29.998067, -109.775114",0,NIVEL 3 (ALTO),,,,
3284,SALUD,CENTRO DE SALUD RURAL JECORI,CUMPAS,JECORI,29.9394606,-109.7397417,SIN CONEXION,0.04,"29.939763, -109.739574",0,NIVEL 3 (ALTO),,,,
3285,SALUD,CENTRO DE SALUD RURAL DIVISADEROS,DIVISADEROS,DIVISADEROS,29.61361225,-109.4679352,SIN CONEXION,0.21,"29.615191, -109.46673",0,NIVEL 3 (ALTO),,,,
3286,SALUD,CENTRO DE SALUD RURAL ANTONIO ROSALES,CAJEME,ANTONIO ROSALES,28.07753854,-110.6128062,SIN CONEXION,0.02,"28.077694, -110.612917",0,NIVEL 3 (ALTO),,,,
3299,SALUD,CENTRO DE SALUD RURAL SAN PEDRO NUEVO,ETCHOJOA,SAN PEDRO NUEVO,27.02132698,-109.6300372,SIN CONEXION,5.28,"26.979011, -109.654255",0,NIVEL 3 (ALTO),,,,
3288,SALUD,CENTRO DE SALUD RURAL ETCHOJOA,ETCHOJOA,ETCHOJOA,26.91045824,-109.6305307,SIN CONEXION,0.48,"26.911617, -109.625892",0,NIVEL 3 (ALTO),,,,
3289,SALUD,CENTRO DE SALUD RURAL BACAME NUEVO,ETCHOJOA,BACAME NUEVO,27.15859033,-109.5898481,SIN CONEXION,9.79,"27.093839, -109.656901",0,NIVEL 3 (ALTO),,,,
3290,SALUD,CENTRO DE SALUD RURAL BACOBAMPO,ETCHOJOA,BACOBAMPO,26.97886823,-109.6582815,SIN CONEXION,0.2,"26.97865556, -109.6562833",0,NIVEL 3 (ALTO),,,,
3291,SALUD,CENTRO DE SALUD RURAL BASCONCOBE,ETCHOJOA,BASCONCOBE,26.95099009,-109.6711255,SIN CONEXION,3.41,"26.97865556, -109.6562833",0,NIVEL 3 (ALTO),,,,
3292,SALUD,CENTRO DE SALUD RURAL LA BOCANA,ETCHOJOA,LA BOCANA,26.8867143,-109.6713922,SIN CONEXION,5.29,"26.911617, -109.625892",0,NIVEL 3 (ALTO),,,,
3293,SALUD,CENTRO DE SALUD RURAL BUAYSIACOBE,ETCHOJOA,BUAYSIACOBE,27.058919,-109.683983,SIN CONEXION,0.01,"27.05884, -109.68408",0,NIVEL 3 (ALTO),,,,
3294,SALUD,CENTRO DE SALUD RURAL CHUCARIT,ETCHOJOA,CHUCARIT,27.03409226,-109.5853986,SIN CONEXION,7.93,"27.074443, -109.65144",0,NIVEL 3 (ALTO),,,,
3295,SALUD,CENTRO DE SALUD RURAL JITONHUECA,ETCHOJOA,JITONHUECA,27.06059433,-109.6046164,SIN CONEXION,4.86,"27.083333, -109.646555",0,NIVEL 3 (ALTO),,,,
3296,SALUD,CENTRO DE SALUD RURAL MOCORUA,ETCHOJOA,MOCORÚA,26.95779899,-109.7311061,SIN CONEXION,4.25,"26.990163, -109.708276",0,NIVEL 3 (ALTO),,,,
3297,SALUD,CENTRO DE SALUD RURAL EL RODEO,ETCHOJOA,EL RODEO,27.01699236,-109.6429794,SIN CONEXION,4.37,"26.979011, -109.654255",0,NIVEL 3 (ALTO),,,,
3298,SALUD,CENTRO DE SALUD RURAL EL SAHUARAL,ETCHOJOA,EL SAHUARAL,26.92656038,-109.6646999,SIN CONEXION,4.19,"26.911617, -109.625892",0,NIVEL 3 (ALTO),,,,
3300,SALUD,CENTRO DE SALUD RURAL FRONTERAS,FRONTERAS,FRONTERAS,30.89719387,-109.5600066,SIN CONEXION,0.84,"30.894625, -109.568311",0,NIVEL 3 (ALTO),,,,
3301,SALUD,CENTRO DE SALUD RURAL ESQUEDA,FRONTERAS,ESQUEDA,30.72371779,-109.587577,SIN CONEXION,19.09,"30.894625, -109.568311",0,NIVEL 3 (ALTO),,,,
3302,SALUD,CENTRO DE SALUD RURAL GRANADOS,GRANADOS,GRANADOS,29.86411287,-109.30715,SIN CONEXION,0.37,"29.86225, -109.31035",0,NIVEL 3 (ALTO),,,,
3303,SALUD,CENTRO DE SALUD RURAL FRANCISCO MARQUEZ,GUAYMAS,FRANCISCO MARQUEZ,28.15793658,-110.5908041,SIN CONEXION,0.06,"28.1576944, -110.5913889",0,NIVEL 3 (ALTO),,,,
3304,SALUD,CENTRO DE SALUD RURAL LA MISA,GUAYMAS,LA MISA,28.37522536,-110.5316772,SIN CONEXION,0.05,"28.37488, -110.53142",0,NIVEL 3 (ALTO),,,,
3305,SALUD,CENTRO DE SALUD RURAL POTAM,GUAYMAS,POTAM,27.62356487,-110.416107,SIN CONEXION,0.27,"27.625629, -110.417627",0,NIVEL 3 (ALTO),,,,
3306,SALUD,CENTRO DE SALUD URBANO PRIMERO HERMOSILLO,HERMOSILLO,HERMOSILLO,29.12936335,-110.9973565,SIN CONEXION,1.92,"29.14361389, -110.9862722",0,NIVEL 3 (ALTO),,,,
3307,SALUD,CENTRO DE SALUD RURAL PUNTA CHUECA,HERMOSILLO,PUNTA CHUECA,29.01397234,-112.1607146,SIN CONEXION,0.26,"29.01624, -112.16025",0,NIVEL 3 (ALTO),,,,
3308,SALUD,CENTRO DE SALUD RURAL BAHIA DE KINO,HERMOSILLO,BAHIA DE KINO,29.14777595,-110.984143,SIN CONEXION,0.51,"29.14361389, -110.9862722",0,NIVEL 3 (ALTO),,,,
3309,SALUD,CENTRO DE SALUD RURAL PLAN DE AYALA,HERMOSILLO,PLAN DE AYALA,28.56968977,-111.5558359,SIN CONEXION,21.73,"28.75333, -111.632058",0,NIVEL 3 (ALTO),,,,
3310,SALUD,CENTRO DE SALUD RURAL SAN PEDRO EL SAUCITO,HERMOSILLO,SAN PEDRO SAUCITO,29.1803207,-110.8812465,SIN CONEXION,9.37,"29.196339, -110.7865361",0,NIVEL 3 (ALTO),,,,
3311,SALUD,CENTRO DE SALUD RURAL LA VICTORIA,HERMOSILLO,LA VICTORIA,29.12261318,-110.8916738,SIN CONEXION,7.84,"29.06939286, -110.944628",0,NIVEL 3 (ALTO),,,,
3312,SALUD,CENTRO DE SALUD RURAL HUACHINERA,HUACHINERA,HUACHINERA,30.20894252,-108.9589212,SIN CONEXION,0.22,"30.207014, -108.959606",0,NIVEL 3 (ALTO),,,,
3313,SALUD,CENTRO DE SALUD RURAL ARIBABI,HUACHINERA,ARIBABI,30.06926951,-109.0866067,SIN CONEXION,0.51,"30.07004, -109.091843",0,NIVEL 3 (ALTO),,,,
3314,SALUD,CENTRO DE SALUD RURAL HUASABAS,HUASABAS,HUASABAS,29.9051711,-109.2998407,SIN CONEXION,0.23,"29.90431, -109.30196",0,NIVEL 3 (ALTO),,,,
3315,SALUD,CENTRO DE SALUD RURAL LAS BOCAS,HUATABAMPO,LAS BOCAS,26.59500827,-109.335506,SIN CONEXION,0.01,"26.59506, -109.33547",0,NIVEL 3 (ALTO),,,,
3316,SALUD,CENTRO DE SALUD RURAL EL CARO,HUATABAMPO,EL CARO,26.86572839,-109.7145372,SIN CONEXION,7.7,"26.842562, -109.641426",0,NIVEL 3 (ALTO),,,,
3317,SALUD,CENTRO DE SALUD RURAL CITAVARO,HUATABAMPO,CITAVARO,26.87856273,-109.7096723,SIN CONEXION,7.86,"26.842562, -109.641426",0,NIVEL 3 (ALTO),,,,
3318,SALUD,CENTRO DE SALUD RURAL LA ESQUINA,HUATABAMPO,LA ESQUINA,26.8005,-109.717,SIN CONEXION,8.84,"26.842562, -109.641426",0,NIVEL 3 (ALTO),,,,
3319,SALUD,CENTRO DE SALUD RURAL FRANCISCO SARABIA,HUATABAMPO,FRANCISCO SARABIA,26.5123,-109.105,SIN CONEXION,0.45,"26.508286, -109.104936",0,NIVEL 3 (ALTO),,,,
3320,SALUD,CENTRO DE SALUD RURAL TTE. JUAN DE LA BARRERA,HUATABAMPO,JUAN DE LA BARRERA,26.40934279,-109.0949114,SIN CONEXION,6.67,"26.427719, -109.031198",0,NIVEL 3 (ALTO),,,,
3321,SALUD,CENTRO DE SALUD RURAL EL JUPARE,HUATABAMPO,JÚPARE,26.801317,-109.7034438,SIN CONEXION,7.68,"26.842562, -109.641426",0,NIVEL 3 (ALTO),,,,
3322,SALUD,CENTRO DE SALUD RURAL ETCHOROPO,HUATABAMPO,ETCHOROPO,26.76566347,-109.681801,SIN CONEXION,8.78,"26.820916667, -109.61855556",0,NIVEL 3 (ALTO),,,,
3323,SALUD,CENTRO DE SALUD RURAL MELCHOR OCAMPO,HUATABAMPO,MELCHOR OCAMPO,26.53452608,-109.1765308,SIN CONEXION,0.01,"26.53461, -109.17651",0,NIVEL 3 (ALTO),,,,
3324,SALUD,CENTRO DE SALUD RURAL MORONCARIT,HUATABAMPO,MORONCARIT,26.73963907,-109.6130787,SIN CONEXION,9.05,"26.820916667, -109.61855556",0,NIVEL 3 (ALTO),,,,
3325,SALUD,CENTRO DE SALUD RURAL LAS PARRAS,HUATABAMPO,LAS PARRAS,26.83876738,-109.716988,SIN CONEXION,7.51,"26.842562, -109.641426",0,NIVEL 3 (ALTO),,,,
3326,SALUD,CENTRO DE SALUD RURAL POZO DULCE,HUATABAMPO,POZO DULCE,26.84533972,-109.7508619,SIN CONEXION,10.86,"26.842562, -109.641426",0,NIVEL 3 (ALTO),,,,
3327,SALUD,CENTRO DE SALUD RURAL VENUSTIANO CARRANZA,HUATABAMPO,VENUSTIANO CARRANZA,26.422946,-109.030271,SIN CONEXION,0.54,"26.427719, -109.031198",0,NIVEL 3 (ALTO),,,,
3328,SALUD,CENTRO DE SALUD RURAL YAVARITOS,HUATABAMPO,YAVARITOS,26.779108,-109.368831,SIN CONEXION,0,"26.77914, -109.36883",0,NIVEL 3 (ALTO),,,,
3329,SALUD,CENTRO DE SALUD RURAL YAVAROS,HUATABAMPO,YAVAROS,26.70519991,-109.5202078,SIN CONEXION,16.15,"26.820916667, -109.61855556",0,NIVEL 3 (ALTO),,,,
3330,SALUD,CENTRO DE SALUD RURAL EJ. 10 DE ABRIL,HUATABAMPO,10 DE ABRIL,26.57854538,-109.1641129,SIN CONEXION,2.99,"26.60396, -109.1739",0,NIVEL 3 (ALTO),,,,
3331,SALUD,CENTRO DE SALUD RURAL HUEPAC,HUEPAC,HUEPAC,29.91197037,-110.2138426,SIN CONEXION,0.23,"29.91147, -110.21156",0,NIVEL 3 (ALTO),,,,
3332,SALUD,CENTRO DE SALUD RURAL TERRENATE,IMURIS,TERRENATE,30.72877084,-110.9211773,SIN CONEXION,6.51,"30.67032222, -110.9166611",0,NIVEL 3 (ALTO),,,,
3333,SALUD,CENTRO DE SALUD RURAL SAN IGNACIO DE LOYOLA,MAGDALENA,SAN IGNACIO DE LOYOLA,30.69554966,-110.9234573,SIN CONEXION,2.88,"30.67032222, -110.9166611",0,NIVEL 3 (ALTO),,,,
3334,SALUD,CENTRO DE SALUD RURAL MAZATAN,MAZATAN,MAZATAN,29.00792611,-110.1379812,SIN CONEXION,0.34,"29.00672, -110.13476",0,NIVEL 3 (ALTO),,,,
3335,SALUD,CENTRO DE SALUD RURAL NACORI CHICO,NACORI CHICO,NACORI CHICO,29.68807551,-108.9819387,SIN CONEXION,0.28,"29.687128, -108.984583",0,NIVEL 3 (ALTO),,,,
3336,SALUD,CENTRO DE SALUD RURAL MESA DE 3 RIOS,NACORI CHICO,MESA DE TRES RIOS,29.84140838,-108.7118099,SIN CONEXION,30.94,"29.68636, -108.97802",0,NIVEL 3 (ALTO),,,,
3337,SALUD,CENTRO DE SALUD RURAL CAMOA,NAVOJOA,CAMOA,27.2238183,-109.2580204,SIN CONEXION,15.96,"27.083018, -109.289376",0,NIVEL 3 (ALTO),,,,
3338,SALUD,CENTRO DE SALUD RURAL FUNDICION,NAVOJOA,FUNDIICION,27.33056951,-109.7383736,SIN CONEXION,0.01,"27.33064, -109.73827",0,NIVEL 3 (ALTO),,,,
3339,SALUD,CENTRO DE SALUD RURAL MASIACA,NAVOJOA,MASIACA,26.76339589,-109.2351187,SIN CONEXION,0.03,"26.763306, -109.234861",0,NIVEL 3 (ALTO),,,,
3340,SALUD,CENTRO DE SALUD RURAL NACHUQUIS,NAVOJOA,NACHUQUIS,27.08113654,-109.5434046,SIN CONEXION,4.39,"27.068219444, -109.50155556",0,NIVEL 3 (ALTO),,,,
3341,SALUD,CENTRO DE SALUD RURAL COMISARIA ROSALES,NAVOJOA,ROSALES,27.12921305,-109.4379512,SIN CONEXION,3.15,"27.127718, -109.469734",0,NIVEL 3 (ALTO),,,,
3342,SALUD,CENTRO DE SALUD RURAL SAN JOSE MASIACA,NAVOJOA,SAN JOSE MASIACA,26.74456683,-109.2460503,SIN CONEXION,2.36,"26.763306, -109.234861",0,NIVEL 3 (ALTO),,,,
3343,SALUD,CENTRO DE SALUD RURAL TESIA,NAVOJOA,TESIA,27.16532378,-109.3691949,SIN CONEXION,10.79,"27.127718, -109.469734",0,NIVEL 3 (ALTO),,,,
3344,SALUD,CENTRO DE SALUD RURAL TETAPECHE,NAVOJOA,TETAPECHE,27.204336,-109.3622607,SIN CONEXION,13.62,"27.127718, -109.469734",0,NIVEL 3 (ALTO),,,,
3345,SALUD,CENTRO DE SALUD RURAL SAPOMORA,NAVOJOA,SAPOMORA,27.04783869,-109.499042,SIN CONEXION,2.28,"27.068219444, -109.50155556",0,NIVEL 3 (ALTO),,,,
3346,SALUD,CENTRO DE SALUD RURAL BACABACHI,NAVOJOA,BACABACHI,26.89186383,-109.3935301,SIN CONEXION,0.47,"26.891989, -109.398275",0,NIVEL 3 (ALTO),,,,
3347,SALUD,CENTRO DE SALUD RURAL LOS BUAYUMS,NAVOJOA,LOS BUAYUMS,26.86366855,-109.4325978,SIN CONEXION,2.32,"26.878814, -109.448692",0,NIVEL 3 (ALTO),,,,
3348,SALUD,CENTRO DE SALUD RURAL SANTA MARIA DEL BUARAJE,NAVOJOA,SANTA MARIA DEL BUARAJE,27.30288807,-109.8027536,SIN CONEXION,0.01,"27.30295, -109.80285",0,NIVEL 3 (ALTO),,,,
3349,SALUD,CENTRO DE SALUD RURAL SAN IGNACIO COHUIRIMPO,NAVOJOA,PUENTE SAN IGNACIO,27.0699278,-109.4866871,SIN CONEXION,1.48,"27.068219444, -109.50155556",0,NIVEL 3 (ALTO),,,,
3350,SALUD,CENTRO DE SALUD RURAL CIBUTA,NOGALES,CIBUTA,31.06170204,-110.8982876,SIN CONEXION,13.06,"31.16167, -110.9703",0,NIVEL 3 (ALTO),,,,
3351,SALUD,CENTRO DE SALUD RURAL ONAVAS,ONAVAS,ONAVAS,28.46169527,-109.5296837,SIN CONEXION,0.19,"28.460069, -109.528962",0,NIVEL 3 (ALTO),,,,
3352,SALUD,CENTRO DE SALUD RURAL OPODEPE,OPODEPE,OPODEPE,29.92580228,-110.6292409,SIN CONEXION,0.33,"29.925443, -110.625861",0,NIVEL 3 (ALTO),,,,
3353,SALUD,CENTRO DE SALUD RURAL QUEROBABI,OPODEPE,QUEROBABI,30.05109025,-111.030407,SIN CONEXION,0.04,"30.050978, -111.03",0,NIVEL 3 (ALTO),,,,
3354,SALUD,CENTRO DE SALUD RURAL OQUITOA,OQUITOA,OQUITOA,30.74089521,-111.7348681,SIN CONEXION,0.01,"30.7409, -111.7348",0,NIVEL 3 (ALTO),,,,
3355,SALUD,CENTRO DE SALUD RURAL DESEMBOQUE DE LOS SERIS,PITIQUITO,DESEMBOQUE DE LOS SERIS,29.50530815,-112.3975939,SIN CONEXION,0.17,"29.50634, -112.39627",0,NIVEL 3 (ALTO),,,,
3356,SALUD,CENTRO DE SALUD RURAL FELIX GOMEZ,PITIQUITO,FELIX GOMEZ,29.83714525,-111.4793423,SIN CONEXION,49.39,"30.050978, -111.03",0,NIVEL 3 (ALTO),,,,
3357,SALUD,CENTRO DE SALUD RURAL PUERTO LIBERTAD,PITIQUITO,PUERTO LIBERTAD,29.90517149,-112.683902,SIN CONEXION,52.33,"29.50634, -112.39627",0,NIVEL 3 (ALTO),,,,
3358,SALUD,CENTRO DE SALUD RURAL QUIRIEGO,QUIRIEGO,QUIRIEGO,27.51991045,-109.2508452,SIN CONEXION,0.09,"27.52065, -109.251129",0,NIVEL 3 (ALTO),,,,
3359,SALUD,CENTRO DE SALUD RURAL BATACOSA,QUIRIEGO,BATACOSA,27.5295512,-109.4007182,SIN CONEXION,14.77,"27.52069, -109.251259",0,NIVEL 3 (ALTO),,,,
3360,SALUD,CENTRO DE SALUD RURAL TEPAHUI,QUIRIEGO,TEPAHUI,27.39520234,-109.1840179,SIN CONEXION,0.3,"27.396111, -109.181111",0,NIVEL 3 (ALTO),,,,
3361,SALUD,CENTRO DE SALUD RURAL RAYON,RAYON,RAYON,29.71306455,-110.5674251,SIN CONEXION,0.61,"29.714677, -110.5735",0,NIVEL 3 (ALTO),,,,
3362,SALUD,CENTRO DE SALUD RURAL ROSARIO TESOPACO,ROSARIO,ROSARIO,27.84161774,-109.3688143,SIN CONEXION,0.22,"27.840585, -109.370693",0,NIVEL 3 (ALTO),,,,
3363,SALUD,CENTRO DE SALUD RURAL NURI,ROSARIO,NURI,28.11605569,-109.3281235,SIN CONEXION,0.22,"28.11424, -109.3272",0,NIVEL 3 (ALTO),,,,
3365,SALUD,CENTRO DE SALUD RURAL SAN FELIPE DE JESUS,SAN FELIPE DE JESUS,SAN FELIPE DE JESUS,29.86178682,-110.2384891,SIN CONEXION,0.11,"29.86259, -110.239133",0,NIVEL 3 (ALTO),,,,
3366,SALUD,CENTRO DE SALUD RURAL SAN JAVIER,SAN JAVIER,SAN JAVIER,28.59515016,-109.7401446,SIN CONEXION,0.04,"28.59521, -109.73969",0,NIVEL 3 (ALTO),,,,
3367,SALUD,CENTRO DE SALUD RURAL GOLFO SANTA CLARA,SAN LUIS RIO COLORADO,GOLFO DE SANTA CLARA,31.68638784,-114.5002538,SIN CONEXION,0.13,"31.68750815, -114.50041433",0,NIVEL 3 (ALTO),,,,
3368,SALUD,CENTRO DE SALUD RURAL LUIS B. SANCHEZ,SAN LUIS RIO COLORADO,INGENIERO LUIS B. SANCHEZ,32.2008595,-115.0004966,SIN CONEXION,1.07,"32.20119, -114.98914",0,NIVEL 3 (ALTO),,,,
3369,SALUD,CENTRO DE SALUD RURAL SAN MIGUEL DE HORCASITAS,SAN MIGUEL DE HORCASITAS,SAN MIGUEL DE HORCASITAS,29.48779602,-110.7270098,SIN CONEXION,0.13,"29.487305, -110.725787",0,NIVEL 3 (ALTO),,,,
3371,SALUD,CENTRO DE SALUD RURAL SAN PEDRO DE LA CUEVA,SAN PEDRO DE LA CUEVA,SAN PEDRO DE LA CUEVA,29.28751819,-109.7374611,SIN CONEXION,0.64,"29.288686, -109.743956",0,NIVEL 3 (ALTO),,,,
3372,SALUD,CENTRO DE SALUD RURAL ESTACION LLANO,SANTA ANA,EL LLANO,30.36159894,-111.1050636,SIN CONEXION,13.7,"30.45145, -111.20288",0,NIVEL 3 (ALTO),,,,
3373,SALUD,CENTRO DE SALUD RURAL SANTA CRUZ,SANTA CRUZ,SANTA CRUZ,31.2318824,-110.5960163,SIN CONEXION,0.62,"31.237444, -110.595678",0,NIVEL 3 (ALTO),,,,
3374,SALUD,CENTRO DE SALUD RURAL MIGUEL HIDALGO (SAN LAZARO),SANTA CRUZ,MIGUEL HIDALGO (SAN LAZARO),31.14526712,-110.6405734,SIN CONEXION,11.1,"31.237444, -110.595678",0,NIVEL 3 (ALTO),,,,
3375,SALUD,CENTRO DE SALUD RURAL SARIC,SARIC,SARIC,31.10310686,-111.3805678,SIN CONEXION,0.2,"31.103939, -111.382436",0,NIVEL 3 (ALTO),,,,
3376,SALUD,CENTRO DE SALUD RURAL SASABE,SARIC,SASABE,31.47209599,-111.5472033,SIN CONEXION,0.22,"31.470086, -111.547419",0,NIVEL 3 (ALTO),,,,
3377,SALUD,CENTRO DE SALUD RURAL SOYOPA,SOYOPA,SOYOPA,28.76240934,-109.6372941,SIN CONEXION,0.09,"28.761941, -109.636582",0,NIVEL 3 (ALTO),,,,
3378,SALUD,CENTRO DE SALUD RURAL SAN ANTONIO DE LA HUERTA,SOYOPA,SAN ANTONIO DE LA HUERTA,28.46168584,-109.5296784,SIN CONEXION,0.19,"28.460069, -109.528962",0,NIVEL 3 (ALTO),,,,
3379,SALUD,CENTRO DE SALUD RURAL TONICHI,SOYOPA,TONICHI,28.60118508,-109.5661489,SIN CONEXION,0.09,"28.601828, -109.565667",0,NIVEL 3 (ALTO),,,,
3380,SALUD,CENTRO DE SALUD RURAL SUAQUI GRANDE,SUAQUI GRANDE,SUAQUI GRANDE,28.39585803,-109.8885225,SIN CONEXION,0.35,"28.394783, -109.891928",0,NIVEL 3 (ALTO),,,,
3381,SALUD,CENTRO DE SALUD RURAL TEPACHE,TEPACHE,TEPACHE,29.53619764,-109.5334095,SIN CONEXION,0.88,"29.529121, -109.5294",0,NIVEL 3 (ALTO),,,,
3382,SALUD,CENTRO DE SALUD RURAL TRINCHERAS,TRINCHERAS,TRINCHERAS,30.39807582,-111.5323602,SIN CONEXION,0.34,"30.39929, -111.5291",0,NIVEL 3 (ALTO),,,,
3383,SALUD,CENTRO DE SALUD RURAL PUEBLO NUEVO ( NVO OCUCA),TRINCHERAS,PUEBLO NUEVO (PUEBLO NUEVO OCUCA),30.39680633,-111.5277851,SIN CONEXION,0.3,"30.39929, -111.5291",0,NIVEL 3 (ALTO),,,,
3384,SALUD,CENTRO DE SALUD RURAL TUBUTAMA,TUBUTAMA,TUBUTAMA,30.88592999,-111.4632473,SIN CONEXION,11.59,"30.847936, -111.576303",0,NIVEL 3 (ALTO),,,,
3385,SALUD,CENTRO DE SALUD RURAL PUEBLO DE ALAMOS,URES,PUEBLO DE ALAMOS,29.2061,-110.141,SIN CONEXION,0.42,"29.209897, -110.141306",0,NIVEL 3 (ALTO),,,,
3386,SALUD,CENTRO DE SALUD RURAL RANCHO VIEJO,URES,RANCHO VIEJO,29.12754398,-110.3138413,SIN CONEXION,13.93,"29.093878, -110.175761",0,NIVEL 3 (ALTO),,,,
3387,SALUD,CENTRO DE SALUD RURAL VILLA HIDALGO,VILLA HIDALGO,VILLA HIDALGO,30.16085396,-109.3200507,SIN CONEXION,0.65,"30.166433, -109.322178",0,NIVEL 3 (ALTO),,,,
3388,SALUD,CENTRO DE SALUD RURAL SAN JUAN DEL RIO,VILLA HIDALGO,SAN JUAN DEL RIO,30.30334139,-109.3517727,SIN CONEXION,15.46,"30.1663611, -109.32425",0,NIVEL 3 (ALTO),,,,
3389,SALUD,CENTRO DE SALUD RURAL VILLA PESQUEIRA,VILLA PESQUEIRA,VILLA PESQUEIRA (MATAPE),29.11761909,-109.9674748,SIN CONEXION,0.18,"29.118272, -109.969133",0,NIVEL 3 (ALTO),,,,
3390,SALUD,CENTRO DE SALUD RURAL NACORI GRANDE,VILLA PESQUEIRA,NACORI GRANDE,29.06082565,-110.0590486,SIN CONEXION,0.14,"29.060281, -110.057739",0,NIVEL 3 (ALTO),,,,
3392,SALUD,CENTRO DE SALUD RURAL MAYCOBA,YECORA,MAYCOBA,28.39168108,-108.6595584,SIN CONEXION,26.12,"28.37264, -108.925702",0,NIVEL 3 (ALTO),,,,
3393,SALUD,CENTRO DE SALUD RURAL SANTA ROSA,YECORA,SANTA ROSA,28.47516878,-109.1044987,SIN CONEXION,13.07,"28.375794, -109.033189",0,NIVEL 3 (ALTO),,,,
3394,SALUD,CENTRO DE SALUD RURAL JECOPACO,BENITO JUAREZ,JECOPACO,27.1999726,-109.7670369,SIN CONEXION,6.52,"27.258411, -109.761846",0,NIVEL 3 (ALTO),,,,
3395,SALUD,CENTRO DE SALUD RURAL PAREDON COLORADO,BENITO JUAREZ,PAREDON COLORADO (PAREDON VIEJO),27.07652252,-109.9319566,SIN CONEXION,1.85,"27.079185, -109.913514",0,NIVEL 3 (ALTO),,,,
3396,SALUD,CENTRO DE SALUD RURAL SAN IGNACIO RIO MUERTO,SAN IGNACIO RIO MUERTO,SAN IGNACIO RIO MUERTO,27.41105156,-110.2449952,SIN CONEXION,0.56,"27.409988, -110.239434",0,NIVEL 3 (ALTO),,,,
3397,SALUD,CENTRO DE SALUD RURAL AGIABAMPO 1,HUATABAMPO,AGIABAMPO UNO,26.36498003,-109.1433381,SIN CONEXION,13.17,"26.427719, -109.031198",0,NIVEL 3 (ALTO),,,,
3398,SALUD,CENTRO DE SALUD RURAL FCO. MIGUEL CARDENAS V. (MASCAREÑAS),NOGALES,FRANCISCO MIGUEL CARDENAS VALDEZ,31.27468736,-110.7935126,SIN CONEXION,10.37,"31.300917, -110.898194",0,NIVEL 3 (ALTO),,,,
3399,SALUD,CENTRO DE SALUD RURAL PLUTARCO ELIAS CALLES (LA Y GRIEGA),CABORCA,"PLUTARCO 
ELIAS CALLES (L",30.80543521,-112.7131844,SIN CONEXION,0.01,"30.805425, -112.7130333",0,NIVEL 3 (ALTO),,,,
3400,SALUD,CENTRO DE SALUD RURAL EL CLARO,SANTA ANA,EL CLARO,30.45304568,-111.2036846,SIN CONEXION,0.19,"30.45145, -111.20288",0,NIVEL 3 (ALTO),,,,
3401,SALUD,CENTRO DE SALUD RURAL IGNACIO ZARAGOZA,CANANEA,IGNACIO ZARAGOZA (LA MESA),31.084488,-110.106732,SIN CONEXION,15.52,"31.16462, -109.9732",0,NIVEL 3 (ALTO),,,,
3402,SALUD,CENTRO DE SALUD EL TAZAJAL,HERMOSILLO,EL TAZAJAL,29.1428909,-110.8829391,SIN CONEXION,10.04,"29.14361389, -110.9862722",0,NIVEL 3 (ALTO),,,,
3403,SALUD,CENTRO DE SALUD RURAL EL CHOYUDO,HERMOSILLO,EL CHOYUDO,28.31852734,-111.4540045,SIN CONEXION,0.17,"28.317394, -111.4527777",0,NIVEL 3 (ALTO),,,,
3404,SALUD,CENTRO DE SALUD RURAL MESA DEL SERI,HERMOSILLO,MESA DE SERI,29.11102992,-110.8362488,SIN CONEXION,10.64,"29.196339, -110.7865361",0,NIVEL 3 (ALTO),,,,
3405,SALUD,CENTRO DE SALUD RURAL EL NOVILLO,SOYOPA,EL NOVILLO,28.93818502,-109.6374988,SIN CONEXION,12.56,"28.88552, -109.75171",0,NIVEL 3 (ALTO),,,,
3406,SALUD,CENTRO DE SALUD RURAL BASIROA,ALAMOS,BASIROA,26.713211,-108.9068,SIN CONEXION,6.96,"26.66351, -108.864288",0,NIVEL 3 (ALTO),,,,
3407,SALUD,CENTRO DE SALUD RURAL MESA COLORADA,MESA COLORADA,MESA COLORADA,27.57044845,-108.8633495,SIN CONEXION,36.36,"27.545293, -109.231119",0,NIVEL 3 (ALTO),,,,
3409,SALUD,CENTRO DE SALUD URBANO SAN LUIS RIO COLORADO,SAN LUIS RIO COLORADO,SAN LUIS RIO COLORADO,32.45705458,-114.7470624,SIN CONEXION,0.09,"32.456613, -114.746291",0,NIVEL 3 (ALTO),,,,
3410,SALUD,CENTRO COMUNITARIO DE SALUD MENTAL Y ADICCIONES HERMOSILLO I SUR,HERMOSILLO,HERMOSILLO,29.03058585,-110.9559177,SIN CONEXION,2.14,"29.037639, -110.935456",0,NIVEL 3 (ALTO),,,,
3411,SALUD,CENTRO COMUNITARIO DE SALUD MENTAL Y ADICCIONES HERMOSILLO II NORTE,HERMOSILLO,HERMOSILLO,29.12487275,-111.0200429,SIN CONEXION,2.75,"29.102933, -111.007014",0,NIVEL 3 (ALTO),,,,
3412,SALUD,CENTRO COMUNITARIO DE SALUD MENTAL Y ADICCIONES CAJEME I NORTE,CAJEME,CIUDAD OBREGON,27.51149414,-109.9211968,SIN CONEXION,1.84,"27.52598056, -109.9302889",0,NIVEL 3 (ALTO),,,,
3413,SALUD,CENTRO COMUNITARIO DE SALUD MENTAL Y ADICCIONES CAJEME II SUR,CAJEME,CIUDAD OBREGON,27.45559854,-109.9432205,SIN CONEXION,1.77,"27.46464167, -109.9284222",0,NIVEL 3 (ALTO),,,,
3414,SALUD,CENTRO COMUNITARIO DE SALUD MENTAL Y ADICCIONES GUAYMAS,GUAYMAS,HEROICA DE GUAYMAS,27.94650651,-110.9289694,SIN CONEXION,0.52,"27.94620556, -110.9342083",0,NIVEL 3 (ALTO),,,,
3415,SALUD,CENTRO COMUNITARIO DE SALUD MENTAL Y ADICCIONES NAVOJOA,NAVOJOA,NAVOJOA,27.06791076,-109.45027,SIN CONEXION,0.26,"27.06563326, -109.4497993",0,NIVEL 3 (ALTO),,,,
3416,SALUD,CENTRO COMUNITARIO DE SALUD MENTAL Y ADICCIONES CABORCA,CABORCA,CABORCA,30.71750636,-112.179474,SIN CONEXION,1.13,"30.715511, -112.167881",0,NIVEL 3 (ALTO),,,,
3417,SALUD,CENTRO COMUNITARIO DE SALUD MENTAL Y ADICCIONES PUERTO PEÑASCO,PUERTO PEÑASCO,PUERTO PEÑASCO,31.31967512,-113.5366993,SIN CONEXION,1.26,"31.32935585, -113.5298673",0,NIVEL 3 (ALTO),,,,
3418,SALUD,CENTRO COMUNITARIO DE SALUD MENTAL Y ADICCIONES SAN LUIS RIO COLORADO,SAN LUIS RIO COLORADO,SAN LUIS RIO COLORADO,32.45684103,-114.7470957,SIN CONEXION,0.08,"32.456613, -114.746291",0,NIVEL 3 (ALTO),,,,
3419,SALUD,CENTRO COMUNITARIO DE SALUD MENTAL Y ADICCIONES NOGALES,NOGALES,HEROICA DE NOGALES,31.28975161,-110.957828,SIN CONEXION,0.54,"31.28495, -110.95889",0,NIVEL 3 (ALTO),,,,
3421,SALUD,CENTRO COMUNITARIO DE SALUD MENTAL Y ADICCIONES AGUA PRIETA,AGUA PRIETA,AGUA PRIETA,31.29663231,-109.5548618,SIN CONEXION,1.51,"31.30943, -109.5601",0,NIVEL 3 (ALTO),,,,
3422,SALUD,CENTRO INTEGRAL DE SALUD MENTAL NAVOJOA (CISAME),NAVOJOA,NAVOJOA,27.06790359,-109.4495542,SIN CONEXION,0.25,"27.06563326, -109.4497993",0,NIVEL 3 (ALTO),,,,
3423,SALUD,CENTRO INTEGRAL DE SALUD MENTAL HERMOSILLO (CISAME),HERMOSILLO,HERMOSILLO,29.12491733,-111.0198659,SIN CONEXION,2.74,"29.102933, -111.007014",0,NIVEL 3 (ALTO),,,,
3424,SALUD,CENTRO ESTATAL DE ONCOLOGIA DR. ERNESTO RIVERA CLAISSE,HERMOSILLO,HERMOSILLO,29.06463995,-110.9624839,SIN CONEXION,0.46,"29.06763827, -110.9592655",0,NIVEL 3 (ALTO),,,,
3426,SALUD,HOSPITAL GENERAL DEL ESTADO DE SONORA,HERMOSILLO,HERMOSILLO,29.08165183,-111.0037725,SIN CONEXION,2.39,"29.102933, -111.007014",0,NIVEL 3 (ALTO),,,,
3427,SALUD,HOSPITAL GENERAL DE AGUA PRIETA,AGUA PRIETA,AGUA PRIETA,31.31938427,-109.5825713,SIN CONEXION,2.33,"31.31913889, -109.5580556",0,NIVEL 3 (ALTO),,,,
3429,SALUD,CENTRO DE SALUD RURAL VICENTE GUERRERO,CAJEME,VICENTE GUERRERO (EL PORTON),30.98144028,-110.4711839,SIN CONEXION,9.09,"31.00504444, -110.3799139",0,NIVEL 3 (ALTO),,,,
3431,SALUD,CENTRO DE SALUD RURAL JOSE MARIA MORELOS Y PAVON,CANANEA,JOSE MARIA MORELOS Y PAVON (SAUCEDA),31.2138,-110.225,SIN CONEXION,24.49,"31.10824, -110.45094",0,NIVEL 3 (ALTO),,,,
3470,SALUD,MODULO SNTE SECCION 54,HERMOSILLO,HERMOSILLO,29.075745,-110.955829,SIN CONEXION,0.14,"29.07631845, -110.9570658",0,NIVEL 3 (ALTO),,,,
3471,SALUD,MODULO AYUNTAMIENTO DE HERMOSILLO,HERMOSILLO,HERMOSILLO,29.13446218,-110.9797801,SIN CONEXION,1.2,"29.14361389, -110.9862722",0,NIVEL 3 (ALTO),,,,
3527,SALUD,CENTRO FEDERAL DE READAPTACION SOCIAL,HERMOSILLO,LA HABANA TRES,28.9716862,-111.2948458,CONECTADA,15.54,"28.85721389, -111.3863694",0,NIVEL 2 (MEDIO),,,,
3207,SALUD,CENTRO DE SALUD OBREGON SUR,CAJEME,CD OBREGON,27.45541854,-109.9432272,CONECTADA,1.78,"27.46464167, -109.9284222",0,NIVEL 2 (MEDIO),,,,
3432,SALUD,HOSPITAL GENERAL DE SAN LUIS RIO COLORADO,SAN LUIS RIO COLORADO,SAN LUIS RIO COLORADO,32.46998256,-114.7779719,CONECTADA,0.72,"32.473614, -114.784344",0,NIVEL 2 (MEDIO),,,,
3433,SALUD,CENTRO MEDICO DR. IGNACIO CHAVEZ,HERMOSILLO,HERMOSILLO,29.09675281,-110.9542571,CONECTADA,2.14,"29.09162451, -110.9754325",0,NIVEL 2 (MEDIO),,,,
3434,SALUD,HOSPITAL ADOLFO LOPEZ MATEOS,CAJEME,CD. OBREGON,27.506614,-109.931898,CONECTADA,1.06,"27.49709444, -109.9322056",0,NIVEL 2 (MEDIO),,,,
3435,SALUD,HOSPITAL ISSSTESON GUAYMAS,GUAYMAS,GUAYMAS,27.91919559,-110.9149123,CONECTADA,1.39,"27.91950278, -110.9007333",0,NIVEL 2 (MEDIO),,,,
3436,SALUD,CLINICA HOSPITAL NOGALES,NOGALES,NOGALES,31.29797073,-110.9136363,CONECTADA,0.04,"31.29834167, -110.9137",0,NIVEL 2 (MEDIO),,,,
3437,SALUD,POLICLINICO SIGLO XXI ISSSTESON  SNTE SECCION 54,NAVOJOA,NAVOJOA,27.06126285,-109.4498222,CONECTADA,0.49,"27.06563326, -109.4497993",0,NIVEL 2 (MEDIO),,,,
3438,SALUD,CENTRO INTEGRAL DE ATENCION A LA SALUD SUR CENTRO,HERMOSILLO,HERMOSILLO,29.092813,-110.971671,CONECTADA,0.39,"29.09162451, -110.9754325",0,NIVEL 2 (MEDIO),,,,
3439,SALUD,CENTRO INTEGRAL DE ATENCION A LA SALUD SUR NORTE,HERMOSILLO,HERMOSILLO,29.11874509,-110.9919184,CONECTADA,0.94,"29.11026111, -110.9913861",0,NIVEL 2 (MEDIO),,,,
3440,SALUD,CENTRO INTEGRAL DE ATENCION A LA SALUD SUR,HERMOSILLO,HERMOSILLO,29.06612171,-110.9621705,CONECTADA,0.33,"29.06763827, -110.9592655",0,NIVEL 2 (MEDIO),,,,
3442,SALUD,FARMACIA NO. 2,HERMOSILLO,HERMOSILLO,29.09675281,-110.9542571,CONECTADA,2.14,"29.09162451, -110.9754325",0,NIVEL 2 (MEDIO),,,,
3477,SALUD,ITAMA - HERMOSILLO II FEMENIL,HERMOSILLO,HERMOSILLO,29.04248876,-110.9803153,CONECTADA,3.4,"29.064011, -110.955496",0,NIVEL 2 (MEDIO),,,,
3480,SALUD,ITAMA - HERMOSILLO I,HERMOSILLO,HERMOSILLO,29.046383,-110.935254,CONECTADA,0.7,"29.051335, -110.939713",0,NIVEL 2 (MEDIO),,,,
3489,SALUD,ITAMA - SAN LUIS RIO COLORADO,SAN LUIS RIO COLORADO,LA GRULLITA,32.424203,-114.795015,CONECTADA,1.63,"32.427675, -114.778164",0,NIVEL 2 (MEDIO),,,,
3821,GOBIERNO,CENTRO DE VACUNAS HERMOSILLO,HERMOSILLO,HERMOSILLO,29.06364492,-110.9623738,SIN CONEXION,0.54,"29.06763827, -110.9592655",0,NIVEL 3 (ALTO),,,,
3776,GOBIERNO,DISTRITO DE SALUD 2 CABORCA,CABORCA,CABORCA,30.70707931,-112.1570688,SIN CONEXION,0.99,"30.71350833, -112.1499222",0,NIVEL 3 (ALTO),,,,
3778,GOBIERNO,CONTROL SANITARIO CANANEA,CANANEA,CANANEA,30.98438908,-110.3064582,SIN CONEXION,0.77,"30.9777, -110.308617",0,NIVEL 3 (ALTO),,,,
3779,GOBIERNO,COORDINACION MEDICA HUATABAMPO,HUATABAMPO,HUATABAMPO,26.83579763,-109.6393749,SIN CONEXION,0.76,"26.84247222, -109.6411222",0,NIVEL 3 (ALTO),,,,
3820,GOBIERNO,ARCHIVO LOPEZ CASTILLO,HERMOSILLO,HERMOSILLO,29.09446871,-110.9799998,SIN CONEXION,0.54,"29.09162451, -110.9754325",0,NIVEL 3 (ALTO),,,,
3603,GOBIERNO,SUBSECRETARIA DE INGRESOS,HERMOSILLO,HERMOSILLO,29.0760353,-110.9590133,CONECTADA,0.16,"29.07489666, -110.9580838",0,NIVEL 2 (MEDIO),,,,
3612,GOBIERNO,DIRECCION GENERAL DE RECAUDACION,SAHUARIPA,SAHUARIPA,29.0560452,-109.2339324,CONECTADA,0.06,"29.05637, -109.23347",0,NIVEL 2 (MEDIO),,,,
3780,GOBIERNO,CONTROL SANITARIO MAGDALENA DE KINO,MAGDALENA,MAGDALENA DE KINO,30.63190145,-110.9687018,SIN CONEXION,0.21,"30.63, -110.9690972",0,NIVEL 3 (ALTO),,,,
3613,GOBIERNO,DIRECCION GENERAL DE RECAUDACION,HERMOSILLO,HERMOSILLO,29.0735472,-111.0688,CONECTADA,2.28,"29.06370833, -111.0482389",0,NIVEL 2 (MEDIO),,,,
3614,GOBIERNO,SUBSECRETARIA DE INGRESOS,HERMOSILLO,HERMOSILLO,29.076184,-110.957031,CONECTADA,0.02,"29.07631845, -110.9570658",0,NIVEL 2 (MEDIO),,,,
3635,GOBIERNO,SERVICIOS DE SALUD DE SONORA,LA COLORADA,LA COLORADA,28.80279797,-110.5804702,CONECTADA,18.86,"28.766305, -110.769459",0,NIVEL 2 (MEDIO),,,,
3650,GOBIERNO,DIF SONORA,HERMOSILLO,HERMOSILLO,29.0757,-110.92289,CONECTADA,2.23,"29.06939286, -110.944628",0,NIVEL 2 (MEDIO),,,,
3781,GOBIERNO,CONTROL SANITARIO MOCTEZUMA,MOCTEZUMA,MOCTEZUMA,29.80132746,-109.6802591,SIN CONEXION,0.15,"29.80268, -109.68059",0,NIVEL 3 (ALTO),,,,
3782,GOBIERNO,DISTRITO DE SALUD 5 NAVOJOA,NAVOJOA,NAVOJOA,27.07296504,-109.4439156,SIN CONEXION,0.67,"27.07895278, -109.443525",0,NIVEL 3 (ALTO),,,,
3742,GOBIERNO,INSTITUTO SONORENSE DE CULTURA,ALAMOS,ALAMOS,27.02273031,-108.9339862,SIN CONEXION,0.39,"27.021836, -108.937803",0,NIVEL 3 (ALTO),,,,
3750,GOBIERNO,INSTITUTO DE MOVILIDAD Y TRANSPORTE PARA EL ESTADO DE SONORA,HERMOSILLO,HERMOSILLO,29.0686322,-110.9575055,SIN CONEXION,0.03,"29.06842354, -110.9572519",0,NIVEL 3 (ALTO),,,,
3751,GOBIERNO,INSTITUTO DE MOVILIDAD Y TRANSPORTE PARA EL ESTADO DE SONORA,HERMOSILLO,HERMOSILLO,29.0686322,-110.9575055,SIN CONEXION,0.03,"29.06842354, -110.9572519",0,NIVEL 3 (ALTO),,,,
3752,GOBIERNO,INSTITUTO DE MOVILIDAD Y TRANSPORTE PARA EL ESTADO DE SONORA,NAVOJOA,NAVOJOA,27.08073945,-109.4454504,SIN CONEXION,0.26,"27.08241944, -109.4472139",0,NIVEL 3 (ALTO),,,,
3753,GOBIERNO,INSTITUTO DE MOVILIDAD Y TRANSPORTE PARA EL ESTADO DE SONORA,CAJEME,CIUDAD OBREGON,27.49702062,-109.9323776,SIN CONEXION,0.02,"27.49709444, -109.9322056",0,NIVEL 3 (ALTO),,,,
3754,GOBIERNO,INSTITUTO DE MOVILIDAD Y TRANSPORTE PARA EL ESTADO DE SONORA,HEROICA GUAYMAS,HEROICA GUAYMAS,27.92434419,-110.8902281,SIN CONEXION,1.16,"27.91950278, -110.9007333",0,NIVEL 3 (ALTO),,,,
3775,GOBIERNO,CONTROL SANITARIO AGUA PRIETA,AGUA PRIETA,AGUA PRIETA,31.32947208,-109.5517306,SIN CONEXION,0.51,"31.327, -109.54715",0,NIVEL 3 (ALTO),,,,
3783,GOBIERNO,CONTROL SANITARIO NOGALES,NOGALES,NOGALES,31.33181496,-110.9464768,SIN CONEXION,0.73,"31.328578, -110.939791",0,NIVEL 3 (ALTO),,,,
3784,GOBIERNO,CONTROL SANITARIO PUERTO  PEÑASCO,PUERTO PEÑASCO,PUERTO PEÑASCO,31.30647738,-113.5373929,SIN CONEXION,0.3,"31.305833, -113.540438",0,NIVEL 3 (ALTO),,,,
3785,GOBIERNO,DISTRITO DE SALUD 6 SLRC,SAN LUIS RIO COLORADO,SAN LUIS RIO COLORADO,32.47162929,-114.7863684,SIN CONEXION,0.29,"32.473614, -114.784344",0,NIVEL 3 (ALTO),,,,
3786,GOBIERNO,CENTRO DE VACUNAS SANTA ANA,SANTA ANA,SANTA ANA,30.538317,-111.1104196,SIN CONEXION,0.54,"30.54224722, -111.1137528",0,NIVEL 3 (ALTO),,,,
3787,GOBIERNO,DISTRITO DE SALUD 3 SANTA ANA,SANTA ANA,SANTA ANA,30.54495985,-111.1190192,SIN CONEXION,0.22,"30.544323, -111.121223",0,NIVEL 3 (ALTO),,,,
3788,GOBIERNO,CONTROL SANITARIO SANTA ANA,SANTA ANA,SANTA ANA,30.54354673,-111.1198546,SIN CONEXION,0.16,"30.544323, -111.121223",0,NIVEL 3 (ALTO),,,,
3789,GOBIERNO,CENTRO DE GOBIERNO,HERMOSILLO,HERMOSILLO,29.06843094,-110.9568971,SIN CONEXION,0.03,"29.06842354, -110.9572519",0,NIVEL 3 (ALTO),,,,
3790,GOBIERNO,ALMACEN JURISDICCIONAL NAVOJOA,NAVOJOA,NAVOJOA,27.0729124,-109.4439245,SIN CONEXION,0.67,"27.07895278, -109.443525",0,NIVEL 3 (ALTO),,,,
3791,GOBIERNO,CENTRO JURISDICCIONAL DE VACUNAS NAVOJOA,NAVOJOA,NAVOJOA,27.06816937,-109.4495986,SIN CONEXION,0.28,"27.06563326, -109.4497993",0,NIVEL 3 (ALTO),,,,
3792,GOBIERNO,CONTROL SANITARIO NAVOJOA,NAVOJOA,NAVOJOA,27.08797164,-109.4449918,SIN CONEXION,0.63,"27.082605, -109.447167",0,NIVEL 3 (ALTO),,,,
3793,GOBIERNO,OFICINA DEL SECRETARIO,HERMOSILLO,HERMOSILLO,29.06841687,-110.9569829,SIN CONEXION,0.03,"29.06842354, -110.9572519",0,NIVEL 3 (ALTO),,,,
3794,GOBIERNO,DIRECCION GENERAL DE SERVICIOS DE SALUD A LA PERSONA,HERMOSILLO,HERMOSILLO,29.08314079,-110.9971988,SIN CONEXION,2.31,"29.09152931, -110.9754964",0,NIVEL 3 (ALTO),,,,
3795,GOBIERNO,LABORATORIO ESTATAL SALUD PÚBLICA,HERMOSILLO,HERMOSILLO,29.08363772,-110.997535,SIN CONEXION,2.31,"29.09152931, -110.9754964",0,NIVEL 3 (ALTO),,,,
3796,GOBIERNO,CENTRO REGULADOR DE URGENCIAS MEDICAS CRUM HERMOSILLO,HERMOSILLO,HERMOSILLO,29.03921641,-110.9934169,SIN CONEXION,4.58,"29.06763827, -110.9592655",0,NIVEL 3 (ALTO),,,,
3797,GOBIERNO,"DISTRITO DE SALUD 1, HERMOSILLO",HERMOSILLO,HERMOSILLO,29.0993844,-110.9747938,SIN CONEXION,0.87,"29.09162451, -110.9754325",0,NIVEL 3 (ALTO),,,,
3798,GOBIERNO,CENTRO REGULADOR DE EMERGENCIAS MEDICAS CRUM TECORIPA,LA COLORADA,TECORIPA,28.62276457,-109.951358,SIN CONEXION,0.34,"28.62378, -109.9546",0,NIVEL 3 (ALTO),,,,
3799,GOBIERNO,CASA DE SALUD TORIM,GUAYMAS,TORIM,27.57928422,-110.2287597,SIN CONEXION,0.16,"27.57877, -110.22728",0,NIVEL 3 (ALTO),,,,
3800,GOBIERNO,UNDEX AGUA PRIETA,AGUA PRIETA,AGUA PRIETA,31.32790394,-109.5588856,SIN CONEXION,0.98,"31.31913889, -109.5580556",0,NIVEL 3 (ALTO),,,,
3801,GOBIERNO,UNDEX NOGALES,NOGALES,NOGALES,31.31627706,-110.9499712,SIN CONEXION,0.39,"31.316111, -110.945833",0,NIVEL 3 (ALTO),,,,
3802,GOBIERNO,UNEME CABORCA,CABORCA,CABORCA,30.71746385,-112.1797235,SIN CONEXION,1.15,"30.715511, -112.167881",0,NIVEL 3 (ALTO),,,,
3803,GOBIERNO,CENTRO DE DESARROLLO INFANTIL SNTSA SECC. 43 (CDI),HERMOSILLO,HERMOSILLO,29.12130985,-110.9600231,SIN CONEXION,3.29,"29.11026111, -110.9913861",0,NIVEL 3 (ALTO),,,,
3804,GOBIERNO,DGPROSPE,HERMOSILLO,HERMOSILLO,29.05312837,-110.9629752,SIN CONEXION,1.41,"29.064011, -110.955496",0,NIVEL 3 (ALTO),,,,
3805,GOBIERNO,COMISION DE PROTECCION CONTRA RIESGOS SANITARIOS (COEPRISSON),HERMOSILLO,HERMOSILLO,29.06839439,-110.9567367,SIN CONEXION,0.05,"29.06842354, -110.9572519",0,NIVEL 3 (ALTO),,,,
3806,GOBIERNO,CENTRO AMBULATORIO PARA LA PREVENCION Y ATENCION DEL VIH SIDA E INFECCIONES DE TRANSMISION SEXUAL CD.OBREGON,CAJEME,CIUDAD OBREGON,27.51175114,-109.9212927,SIN CONEXION,1.81,"27.52598056, -109.9302889",0,NIVEL 3 (ALTO),,,,
3807,GOBIERNO,ALMACEN JURISDICCIONAL OBREGON,CAJEME,CIUDAD OBREGON,27.48706201,-109.9399218,SIN CONEXION,1.35,"27.49709444, -109.9322056",0,NIVEL 3 (ALTO),,,,
3808,GOBIERNO,CONTROL SANITARIO OBREGON,CAJEME,CIUDAD OBREGON,27.48444462,-109.9542903,SIN CONEXION,0.1,"27.48364722, -109.9538472",0,NIVEL 3 (ALTO),,,,
3809,GOBIERNO,CENTRO DE CAPACITACION EN SALUD,HERMOSILLO,HERMOSILLO,29.0956964,-110.9509676,SIN CONEXION,2.23,"29.07631845, -110.9570658",0,NIVEL 3 (ALTO),,,,
3810,GOBIERNO,CENTRO AMBULATORIO PARA LA PREVENCION Y ATENCION DEL VIH SIDA E INFECCIONES DE TRANSMISION SEXUAL HERMOSILLO,HERMOSILLO,HERMOSILLO,29.09878839,-110.9753117,SIN CONEXION,0.8,"29.09162451, -110.9754325",0,NIVEL 3 (ALTO),,,,
3811,GOBIERNO,ALMACEN ACTIVO FIJO,HERMOSILLO,HERMOSILLO,29.05289625,-110.9630413,SIN CONEXION,1.44,"29.064011, -110.955496",0,NIVEL 3 (ALTO),,,,
3812,GOBIERNO,DIRECCION PROTECCION CIVIL,HERMOSILLO,HERMOSILLO,29.07510608,-110.9828229,SIN CONEXION,1.96,"29.09152931, -110.9754964",0,NIVEL 3 (ALTO),,,,
3813,GOBIERNO,UNIDAD DE ASUNTOS JURIDICOS,HERMOSILLO,HERMOSILLO,29.06962048,-110.9603397,SIN CONEXION,0.24,"29.06763827, -110.9592655",0,NIVEL 3 (ALTO),,,,
3814,GOBIERNO,DIRECCION DE TECNOLOGIAS DE LA INFORMACION Y COMUNICACIONES,HERMOSILLO,HERMOSILLO,29.07955861,-110.9919863,SIN CONEXION,2.08,"29.09152931, -110.9754964",0,NIVEL 3 (ALTO),,,,
3815,GOBIERNO,JUNTA DE ASISTENCIA PRIVADA,HERMOSILLO,HERMOSILLO,29.07739332,-110.9584525,SIN CONEXION,0.18,"29.07631845, -110.9570658",0,NIVEL 3 (ALTO),,,,
3816,GOBIERNO,COMISION DE ARBITRAJE MEDICO,HERMOSILLO,HERMOSILLO,29.0757309,-110.9472406,SIN CONEXION,0.75,"29.06939286, -110.944628",0,NIVEL 3 (ALTO),,,,
3817,GOBIERNO,CENTRO ESTATAL DE TRANSPLANTES,HERMOSILLO,HERMOSILLO,29.07832249,-110.9686753,SIN CONEXION,1.08,"29.0744732, -110.9584987",0,NIVEL 3 (ALTO),,,,
3818,GOBIERNO,DIRECCION GENERAL DE ASISTENCIA SOCIAL,HERMOSILLO,HERMOSILLO,29.11568953,-110.9716328,SIN CONEXION,2.01,"29.11026111, -110.9913861",0,NIVEL 3 (ALTO),,,,
3819,GOBIERNO,ALMACEN JURISDICCION HERMOSILLO,HERMOSILLO,HERMOSILLO,29.09487283,-110.9798267,SIN CONEXION,0.56,"29.09162451, -110.9754325",0,NIVEL 3 (ALTO),,,,
3822,GOBIERNO,DIRECCION GENERAL DE ADMINISTRACION,HERMOSILLO,HERMOSILLO,29.06840425,-110.9567421,SIN CONEXION,0.05,"29.06842354, -110.9572519",0,NIVEL 3 (ALTO),,,,
3823,GOBIERNO,OFICINAS QUINTO PISO EDIFICIO MEXICO,HERMOSILLO,HERMOSILLO,29.06748291,-110.9581771,SIN CONEXION,0.03,"29.06757, -110.95845",0,NIVEL 3 (ALTO),,,,
3824,GOBIERNO,UNEME-ENFERMEDADES CRONICAS HERMOSILLO,HERMOSILLO,HERMOSILLO,29.124893,-111.0200226,SIN CONEXION,2.75,"29.102933, -111.007014",0,NIVEL 3 (ALTO),,,,
3825,GOBIERNO,UNEME NOGALES,NOGALES,NOGALES,31.28969324,-110.9578139,SIN CONEXION,0.54,"31.28495, -110.95889",0,NIVEL 3 (ALTO),,,,
3826,GOBIERNO,UNEME OBREGON,CAJEME,CIUDAD OBREGON,27.45571067,-109.9431934,SIN CONEXION,1.76,"27.46464167, -109.9284222",0,NIVEL 3 (ALTO),,,,
3827,GOBIERNO,UNEME PUERTO PEÑASCO,PUERTO PEÑASCO,PUERTO PEÑASCO,31.31966825,-113.53671,SIN CONEXION,1.26,"31.32935585, -113.5298673",0,NIVEL 3 (ALTO),,,,
3828,GOBIERNO,UNEME SLRC,SAN LUIS RIO COLORADO,SAN LUIS RIO COLORADO,32.45684013,-114.7471562,SIN CONEXION,0.09,"32.456613, -114.746291",0,NIVEL 3 (ALTO),,,,
3829,GOBIERNO,CENTRO AVANZADO DE ATENCION PRIMARIA A LA SALUD,HERMOSILLO,HERMOSILLO,29.09970109,-110.9753237,SIN CONEXION,0.9,"29.09162451, -110.9754325",0,NIVEL 3 (ALTO),,,,
3830,GOBIERNO,CENTRO DE HIGIENE MENTAL DR. CARLOS NAVA MUÑOZ,HERMOSILLO,HERMOSILLO,29.07148835,-110.9558152,SIN CONEXION,0.25,"29.07067222, -110.9533944",0,NIVEL 3 (ALTO),,,,
3831,GOBIERNO,UNIDAD DE ATENCION INTEGRAL A LAS ADICCIONES DEL ESTADO DE SONORA (UNAIDES-OBREGON),CAJEME,PROVIDENCIA,27.51997354,-110.0009333,SIN CONEXION,6.07,"27.4836, -109.955",0,NIVEL 3 (ALTO),,,,
3832,GOBIERNO,UNEME-ENFERMEDADES CRONICAS HERMOSILLO,HERMOSILLO,HERMOSILLO,29.12489889,-111.0200438,SIN CONEXION,2.75,"29.102933, -111.007014",0,NIVEL 3 (ALTO),,,,
3833,GOBIERNO,UNEME-ENFERMEDADES CRONICAS AGUA PRIETA,AGUA PRIETA,AGUA PRIETA,31.29665731,-109.5551458,SIN CONEXION,1.5,"31.30943, -109.5601",0,NIVEL 3 (ALTO),,,,
4520,GOBIERNO,H.AYUNTAMIENTO - ACONCHI,ACONCHI,ACONCHI,29.825783,-110.228603,SIN CONEXION,0.84,"29.8262, -110.21989",0,NIVEL 3 (ALTO),,,,
4521,GOBIERNO,H.AYUNTAMIENTO - AGUA PRIETA,AGUA PRIETA,AGUA PRIETA,31.328022,-109.546376,SIN CONEXION,0.14,"31.327, -109.54715",0,NIVEL 3 (ALTO),,,,
4522,GOBIERNO,H.AYUNTAMIENTO - ALAMOS,ALAMOS,ALAMOS,27.021674,-108.935342,SIN CONEXION,0.24,"27.021836, -108.937803",0,NIVEL 3 (ALTO),,,,
4523,GOBIERNO,H.AYUNTAMIENTO - ALTAR,ALTAR,ALTAR,30.713551,-111.833537,SIN CONEXION,1.21,"30.70384167, -111.8277278",0,NIVEL 3 (ALTO),,,,
4524,GOBIERNO,H.AYUNTAMIENTO - ARIVECHI,ARIVECHI,ARIVECHI,28.928514,-109.187172,SIN CONEXION,0.02,"28.92847, -109.18732",0,NIVEL 3 (ALTO),,,,
4525,GOBIERNO,H.AYUNTAMIENTO - ARIZPE,ARIZPE,ARIZPE,30.336213,-110.166976,SIN CONEXION,0.25,"30.338364, -110.167683",0,NIVEL 3 (ALTO),,,,
4526,GOBIERNO,H.AYUNTAMIENTO - ATIL,ATIL,ATIL,30.844188,-111.583427,SIN CONEXION,0.8,"30.847936, -111.576303",0,NIVEL 3 (ALTO),,,,
4527,GOBIERNO,H.AYUNTAMIENTO - BACADEHUACHI,BACADEHUACHI,BACADEHUACHI,29.808684,-109.140623,SIN CONEXION,0.01,"29.80873, -109.14072",0,NIVEL 3 (ALTO),,,,
4528,GOBIERNO,H.AYUNTAMIENTO - BACANORA,BACANORA,BACANORA,28.98415,-109.400379,SIN CONEXION,0.42,"28.98144, -109.40336",0,NIVEL 3 (ALTO),,,,
4529,GOBIERNO,H.AYUNTAMIENTO - BACERAC,BACERAC,BACERAC,30.355149,-108.929697,SIN CONEXION,0.24,"30.356653, -108.927858",0,NIVEL 3 (ALTO),,,,
4530,GOBIERNO,H.AYUNTAMIENTO - BACOACHI,BACOACHI,BACOACHI,30.633214,-109.969455,SIN CONEXION,0.13,"30.632433, -109.968483",0,NIVEL 3 (ALTO),,,,
4531,GOBIERNO,H.AYUNTAMIENTO - BACUM,BACUM,BACUM,27.549954,-110.083127,SIN CONEXION,0.01,"27.54989167, -110.083075",0,NIVEL 3 (ALTO),,,,
4532,GOBIERNO,H.AYUNTAMIENTO - BANAMICHI,BANAMICHI,BANAMICHI,30.007176,-110.2179,SIN CONEXION,0.01,"30.007164, -110.218019",0,NIVEL 3 (ALTO),,,,
4533,GOBIERNO,H.AYUNTAMIENTO - BAVIACORA,BAVIACORA,BAVIACORA,29.715184,-110.164969,SIN CONEXION,0.01,"29.715211, -110.165078",0,NIVEL 3 (ALTO),,,,
4534,GOBIERNO,H.AYUNTAMIENTO - BAVISPE,BAVISPE,BAVISPE,30.48046,-108.940646,SIN CONEXION,0.32,"30.47913, -108.94358",0,NIVEL 3 (ALTO),,,,
4535,GOBIERNO,H.AYUNTAMIENTO - BENJAMIN HILL,BENJAMIN HILL,BENJAMIN HILL,30.166896,-111.117932,SIN CONEXION,0.12,"30.167956, -111.117789",0,NIVEL 3 (ALTO),,,,
4536,GOBIERNO,H.AYUNTAMIENTO - CABORCA,CABORCA,HEROICA CABORCA,30.712425,-112.149803,SIN CONEXION,0.12,"30.71350833, -112.1499222",0,NIVEL 3 (ALTO),,,,
4537,GOBIERNO,H.AYUNTAMIENTO - CAJEME,CAJEME,CIUDAD OBREGON,27.496428,-109.932485,SIN CONEXION,0.08,"27.49709444, -109.9322056",0,NIVEL 3 (ALTO),,,,
4538,GOBIERNO,H.AYUNTAMIENTO - CANANEA,CANANEA,HEROICA CIUDAD DE CANANEA,30.982681,-110.301642,SIN CONEXION,0.87,"30.9777, -110.308617",0,NIVEL 3 (ALTO),,,,
4539,GOBIERNO,H.AYUNTAMIENTO - CARBO,CARBO,CARBO,29.684524,-110.954443,SIN CONEXION,0.56,"29.68045, -110.957931",0,NIVEL 3 (ALTO),,,,
4540,GOBIERNO,H.AYUNTAMIENTO - LA COLORADA,LA COLORADA,LA COLORADA,28.803013,-110.58072,SIN CONEXION,18.84,"28.766305, -110.769459",0,NIVEL 3 (ALTO),,,,
4541,GOBIERNO,H.AYUNTAMIENTO - CUCURPE,CUCURPE,CUCURPE,30.329189,-110.706047,SIN CONEXION,0.2,"30.330397, -110.704533",0,NIVEL 3 (ALTO),,,,
4542,GOBIERNO,H.AYUNTAMIENTO - CUMPAS,CUMPAS,CUMPAS,29.993487,-109.782539,SIN CONEXION,0.71,"29.996425, -109.77598",0,NIVEL 3 (ALTO),,,,
4543,GOBIERNO,H.AYUNTAMIENTO - DIVISADEROS,DIVISADEROS,DIVISADEROS,29.614861,-109.47022,SIN CONEXION,0.01,"29.614828, -109.470172",0,NIVEL 3 (ALTO),,,,
4544,GOBIERNO,H.AYUNTAMIENTO - EMPALME,EMPALME,EMPALME,27.957535,-110.815897,SIN CONEXION,0.01,"27.957581, -110.815899",0,NIVEL 3 (ALTO),,,,
4545,GOBIERNO,H.AYUNTAMIENTO - ETCHOJOA,ETCHOJOA,ETCHOJOA,26.911615,-109.625925,SIN CONEXION,0,"26.911617, -109.625892",0,NIVEL 3 (ALTO),,,,
4546,GOBIERNO,H.AYUNTAMIENTO - FRONTERAS,FRONTERAS,FRONTERAS,30.898101,-109.559746,SIN CONEXION,0.9,"30.894625, -109.568311",0,NIVEL 3 (ALTO),,,,
4547,GOBIERNO,H.AYUNTAMIENTO - GRANADOS,GRANADOS,GRANADOS,29.862285,-109.310382,SIN CONEXION,0,"29.86225, -109.31035",0,NIVEL 3 (ALTO),,,,
4548,GOBIERNO,H.AYUNTAMIENTO - GUAYMAS,HEROICA GUAYMAS,HEROICA GUAYMAS,27.923352,-110.88951,SIN CONEXION,1.18,"27.91950278, -110.9007333",0,NIVEL 3 (ALTO),,,,
4549,GOBIERNO,H.AYUNTAMIENTO - HERMOSILLO,HERMOSILLO,HERMOSILLO,29.075392,-110.958292,SIN CONEXION,0.06,"29.07489666, -110.9580838",0,NIVEL 3 (ALTO),,,,
4550,GOBIERNO,H.AYUNTAMIENTO - HUACHINERAS,HUACHINERA,HUACHINERA,30.211122,-108.958934,SIN CONEXION,0.46,"30.207014, -108.959606",0,NIVEL 3 (ALTO),,,,
4551,GOBIERNO,H.AYUNTAMIENTO - HUASABAS,HUASABAS,HUASABAS,29.90422,-109.30154,SIN CONEXION,0.04,"29.90431, -109.30196",0,NIVEL 3 (ALTO),,,,
4552,GOBIERNO,H.AYUNTAMIENTO - HUATABAMPO,HUATABAMPO,HUATABAMPO,26.827016,-109.644377,SIN CONEXION,1.75,"26.84247222, -109.6411222",0,NIVEL 3 (ALTO),,,,
4553,GOBIERNO,H.AYUNTAMIENTO - HUEPAC,HUEPAC,HUEPAC,29.911182,-110.213619,SIN CONEXION,0.2,"29.91147, -110.21156",0,NIVEL 3 (ALTO),,,,
4554,GOBIERNO,H.AYUNTAMIENTO - IMURIS,IMURIS,IMURIS,30.777322,-110.861517,SIN CONEXION,0.01,"30.7773, -110.8616389",0,NIVEL 3 (ALTO),,,,
4555,GOBIERNO,H.AYUNTAMIENTO - MAGDALENA,MAGDALENA,MAGDALENA DE KINO,30.630217,-110.969323,SIN CONEXION,0.03,"30.63, -110.9690972",0,NIVEL 3 (ALTO),,,,
4556,GOBIERNO,H.AYUNTAMIENTO - MAZATAN,MAZATAN,MAZATAN,29.003071,-110.139588,SIN CONEXION,0.62,"29.00672, -110.13476",0,NIVEL 3 (ALTO),,,,
4557,GOBIERNO,H.AYUNTAMIENTO - MOCTEZUMA,MOCTEZUMA,MOCTEZUMA,29.802076,-109.680857,SIN CONEXION,0.07,"29.80268, -109.68059",0,NIVEL 3 (ALTO),,,,
4558,GOBIERNO,H.AYUNTAMIENTO - NACO,NACO,NACO,31.331342,-109.948109,SIN CONEXION,0.03,"31.33107222, -109.9482",0,NIVEL 3 (ALTO),,,,
4559,GOBIERNO,H.AYUNTAMIENTO - NACORI CHICO,NACORI CHICO,NACORI CHICO,29.685865,-108.978843,SIN CONEXION,0.1,"29.68636, -108.97802",0,NIVEL 3 (ALTO),,,,
4560,GOBIERNO,H.AYUNTAMIENTO - NACOZARI DE GARCIA,NACOZARI DE GARCIA,NACOZARI DE GARCIA,30.37364,-109.686364,SIN CONEXION,0.19,"30.37529, -109.68584",0,NIVEL 3 (ALTO),,,,
4561,GOBIERNO,H.AYUNTAMIENTO - NAVOJOA,NAVOJOA,NAVOJOA,27.082155,-109.445868,SIN CONEXION,0.14,"27.08241944, -109.4472139",0,NIVEL 3 (ALTO),,,,
4562,GOBIERNO,H.AYUNTAMIENTO - NOGALES,NOGALES,HEROICA NOGALES,31.325855,-110.945643,SIN CONEXION,0.62,"31.32836667, -110.9398083",0,NIVEL 3 (ALTO),,,,
4563,GOBIERNO,H.AYUNTAMIENTO - ONAVAS,ONAVAS,ONAVAS,28.46015,-109.528877,SIN CONEXION,0.01,"28.460069, -109.528962",0,NIVEL 3 (ALTO),,,,
4564,GOBIERNO,H.AYUNTAMIENTO - OPODEPE,OPODEPE,OPODEPE,29.926618,-110.631521,SIN CONEXION,0.56,"29.925443, -110.625861",0,NIVEL 3 (ALTO),,,,
4565,GOBIERNO,H.AYUNTAMIENTO - OQUITOA,OQUITOA,OQUITOA,30.742107,-111.734815,SIN CONEXION,0.01,"30.742219, -111.734878",0,NIVEL 3 (ALTO),,,,
4566,GOBIERNO,H.AYUNTAMIENTO - PITIQUITO,PITIQUITO,PITIQUITO,30.675988,-112.052917,SIN CONEXION,0.27,"30.67713, -112.05045",0,NIVEL 3 (ALTO),,,,
4567,GOBIERNO,H.AYUNTAMIENTO - PUERTO PEÑASCO,PUERTO PEÑASCO,PUERTO PEÑASCO,31.305894,-113.540519,SIN CONEXION,0.01,"31.305833, -113.540556",0,NIVEL 3 (ALTO),,,,
4568,GOBIERNO,H.AYUNTAMIENTO - QUIRIEGO,QUIRIEGO,QUIRIEGO,27.520467,-109.250049,SIN CONEXION,0.11,"27.52065, -109.251129",0,NIVEL 3 (ALTO),,,,
4569,GOBIERNO,H.AYUNTAMIENTO - RAYON,RAYON,RAYON,29.713028,-110.569277,SIN CONEXION,0.45,"29.714677, -110.5735",0,NIVEL 3 (ALTO),,,,
4570,GOBIERNO,H.AYUNTAMIENTO - ROSARIO TESOPACO,ROSARIO,ROSARIO,27.840593,-109.370759,SIN CONEXION,0,"27.840604, -109.370759",0,NIVEL 3 (ALTO),,,,
4571,GOBIERNO,H.AYUNTAMIENTO - SAHUARIPA,SAHUARIPA,SAHUARIPA,29.056336,-109.233486,SIN CONEXION,0,"29.05637, -109.23347",0,NIVEL 3 (ALTO),,,,
4572,GOBIERNO,H.AYUNTAMIENTO - SAN FELIPE DE JESÚS,SAN FELIPE DE JESUS,SAN FELIPE DE JESUS,29.85848,-110.240983,SIN CONEXION,0.23,"29.858456, -110.243403",0,NIVEL 3 (ALTO),,,,
4573,GOBIERNO,H.AYUNTAMIENTO - SAN JAVIER,SAN JAVIER,SAN JAVIER,28.595082,-109.739339,SIN CONEXION,0.04,"28.59521, -109.73969",0,NIVEL 3 (ALTO),,,,
4574,GOBIERNO,H.AYUNTAMIENTO - SAN LUIS RIO COLORADO,SAN LUIS RIO COLORADO,SAN LUIS RIO COLORADO,32.479671,-114.779548,SIN CONEXION,0.06,"32.47933611, -114.7790444",0,NIVEL 3 (ALTO),,,,
4575,GOBIERNO,H.AYUNTAMIENTO - SAN MIGUEL DE HORCASITAS,SAN MIGUEL DE HORCASITAS,SAN MIGUEL DE HORCASITAS,29.488406,-110.727171,SIN CONEXION,0.18,"29.487305, -110.725787",0,NIVEL 3 (ALTO),,,,
4576,GOBIERNO,H.AYUNTAMIENTO - SAN PEDRO DE LA CUEVA,SAN PEDRO DE LA CUEVA,SAN PEDRO DE LA CUEVA,29.286764,-109.735495,SIN CONEXION,0.85,"29.288686, -109.743956",0,NIVEL 3 (ALTO),,,,
4577,GOBIERNO,H.AYUNTAMIENTO - SANTA ANA,SANTA ANA,SANTA ANA,30.544353,-111.121269,SIN CONEXION,0,"30.544389, -111.121275",0,NIVEL 3 (ALTO),,,,
4578,GOBIERNO,H.AYUNTAMIENTO - SANTA CRUZ,SANTA CRUZ,SANTA CRUZ,31.231641,-110.596063,SIN CONEXION,0.65,"31.237444, -110.595678",0,NIVEL 3 (ALTO),,,,
4579,GOBIERNO,H.AYUNTAMIENTO - SARIC,SARIC,SARIC,31.102791,-111.379065,SIN CONEXION,0.35,"31.103939, -111.382436",0,NIVEL 3 (ALTO),,,,
4580,GOBIERNO,H.AYUNTAMIENTO - SOYOPA,SOYOPA,SOYOPA,28.764588,-109.634353,SIN CONEXION,0.02,"28.76444, -109.63444",0,NIVEL 3 (ALTO),,,,
4581,GOBIERNO,H.AYUNTAMIENTO - SUAQUI GRANDE,SUAQUI GRANDE,SUAQUI GRANDE,28.39554,-109.888193,SIN CONEXION,0.37,"28.394783, -109.891928",0,NIVEL 3 (ALTO),,,,
4582,GOBIERNO,H.AYUNTAMIENTO - TEPACHE,TEPACHE,TEPACHE,29.534637,-109.532327,SIN CONEXION,0.68,"29.529121, -109.5294",0,NIVEL 3 (ALTO),,,,
4583,GOBIERNO,H.AYUNTAMIENTO - TRINCHERAS,TRINCHERAS,TRINCHERAS,30.39873,-111.531662,SIN CONEXION,0.25,"30.39929, -111.5291",0,NIVEL 3 (ALTO),,,,
4584,GOBIERNO,H.AYUNTAMIENTO - TUBUTAMA,TUBUTAMA,TUBUTAMA,30.885086,-111.465864,SIN CONEXION,11.32,"30.847936, -111.576303",0,NIVEL 3 (ALTO),,,,
4585,GOBIERNO,H.AYUNTAMIENTO - URES,URES,URES,29.428142,-110.39018,SIN CONEXION,0.03,"29.42809, -110.38989",0,NIVEL 3 (ALTO),,,,
4586,GOBIERNO,H.AYUNTAMIENTO - VILLA HIDALGO,VILLA HIDALGO,VILLA HIDALGO,30.163024,-109.320101,SIN CONEXION,0.43,"30.166433, -109.322178",0,NIVEL 3 (ALTO),,,,
4587,GOBIERNO,H.AYUNTAMIENTO - VILLA PESQUEIRA,VILLA PESQUEIRA,VILLA PESQUEIRA (MATAPE),29.118298,-109.968957,SIN CONEXION,0.02,"29.11836, -109.96912",0,NIVEL 3 (ALTO),,,,
4588,GOBIERNO,H.AYUNTAMIENTO - YECORA,YECORA,YECORA,28.372365,-108.925889,SIN CONEXION,0.04,"28.37264, -108.925702",0,NIVEL 3 (ALTO),,,,
4589,GOBIERNO,H.AYUNTAMIENTO - SONOYTA,GENERAL PLUTARCO ELIAS CALLES,SONOYTA,31.866337,-112.857228,SIN CONEXION,0.77,"31.864325, -112.8494722",0,NIVEL 3 (ALTO),,,,
4590,GOBIERNO,H.AYUNTAMIENTO - BENITO JUAREZ,BENITO JUAREZ,VILLA JUAREZ,27.127845,-109.842582,SIN CONEXION,1.23,"27.128213, -109.830136",0,NIVEL 3 (ALTO),,,,
4591,GOBIERNO,H.AYUNTAMIENTO - SAN IGNACIO RIO MUERTO,SAN IGNACIO RIO MUERTO,SAN IGNACIO RIO MUERTO,27.411248,-110.241488,SIN CONEXION,0.25,"27.409988, -110.239434",0,NIVEL 3 (ALTO),,,,
3777,GOBIERNO,CONTROL SANITARIO CABORCA,CABORCA,CABORCA,30.70963795,-112.1612118,SIN CONEXION,0.91,"30.715511, -112.167881",0,NIVEL 3 (ALTO),,,,
3834,GOBIERNO,UNIDAD DE ESPECIALIDADES MEDICAS DE CIRUGIA AMBULATORIA,HERMOSILLO,HERMOSILLO,29.06302002,-110.9641865,SIN CONEXION,0.7,"29.06763827, -110.9592655",0,NIVEL 3 (ALTO),,,,
3564,GOBIERNO,SECRETARIA / SUBSECRETARIA DE PROMOCION DEL EMPLEO Y PRODUCTIVIDAD,HERMOSILLO,HERMOSILLO,29.06760651,-110.9569843,CONECTADA,0.02,"29.06771437, -110.9571943",0,NIVEL 2 (MEDIO),,,,
3565,GOBIERNO,SUBSECRETARIA DE PROMOCION DEL EMPLEO Y PRODUCTIVIDAD,HERMOSILLO,HERMOSILLO,29.06793941,-110.9579392,CONECTADA,0.06,"29.06757, -110.95845",0,NIVEL 2 (MEDIO),,,,
3566,GOBIERNO,JUNTAS DE CONCILIACION Y ARBITRAJE DEL ESTADO DE SONORA,OBREGON,OBREGON,27.49355018,-109.931536,CONECTADA,0.4,"27.49709444, -109.9322056",0,NIVEL 2 (MEDIO),,,,
3567,GOBIERNO,DIRECCION GENERAL OPERATIVA DEL SERVICIO ESTATAL DEL EMPLEO,OBREGON,OBREGON,27.4972256,-109.9320895,CONECTADA,0.02,"27.49709444, -109.9322056",0,NIVEL 2 (MEDIO),,,,
3568,GOBIERNO,SUBSECRETARIA DEL TRABAJO,HERMOSILLO,HERMOSILLO,29.06793941,-110.9579392,CONECTADA,0.06,"29.06757, -110.95845",0,NIVEL 2 (MEDIO),,,,
3569,GOBIERNO,JUNTAS DE CONCILIACION Y ARBITRAJE DEL ESTADO DE SONORA,HERMOSILLO,HERMOSILLO,29.07316614,-110.9569232,CONECTADA,0.21,"29.0746145, -110.9582516",0,NIVEL 2 (MEDIO),,,,
3570,GOBIERNO,SECRETARIA,HERMOSILLO,HERMOSILLO,29.07436975,-110.9602993,CONECTADA,0.18,"29.0744732, -110.9584987",0,NIVEL 2 (MEDIO),,,,
3571,GOBIERNO,JUNTAS DE CONCILIACION Y ARBITRAJE DEL ESTADO DE SONORA,NAVOJOA,NAVOJOA,27.07716513,-109.4494122,CONECTADA,0.62,"27.07895278, -109.443525",0,NIVEL 2 (MEDIO),,,,
3572,GOBIERNO,DIRECCION GENERAL OPERATIVA DEL SERVICIO ESTATAL DEL EMPLEO,NAVOJOA,NAVOJOA,27.08035815,-109.4439643,CONECTADA,0.16,"27.07895278, -109.443525",0,NIVEL 2 (MEDIO),,,,
3573,GOBIERNO,DIRECCION GENERAL DE NOTARIAS,HERMOSILLO,HERMOSILLO,29.068086,-110.9569458,CONECTADA,0.05,"29.06771437, -110.9571943",0,NIVEL 2 (MEDIO),,,,
3574,GOBIERNO,SECRETARIA EJECUTIVA DEL SISTEMA ESTATAL DE PROTECCION INTEGRAL,HERMOSILLO,HERMOSILLO,29.0683566,-110.9569415,CONECTADA,0.03,"29.06842354, -110.9572519",0,NIVEL 2 (MEDIO),,,,
3575,GOBIERNO,COMISION DE BUSQUEDA DE PERSONAS PARA EL ESTADO DE SONORA,HERMOSILLO,HERMOSILLO,29.0683566,-110.9569415,CONECTADA,0.03,"29.06842354, -110.9572519",0,NIVEL 2 (MEDIO),,,,
3576,GOBIERNO,CONSEJO ESTATAL DE POBLACION,HERMOSILLO,HERMOSILLO,29.068436,-110.956642,CONECTADA,0.06,"29.06842354, -110.9572519",0,NIVEL 2 (MEDIO),,,,
3577,GOBIERNO,DIRECCION GENERAL DE REGISTRO CIVIL,HERMOSILLO,HERMOSILLO,29.06775617,-110.9566895,CONECTADA,0.05,"29.06771437, -110.9571943",0,NIVEL 2 (MEDIO),,,,
3578,GOBIERNO,COORDINACION ESTATAL DE PROTECCION CIVIL,HERMOSILLO,HERMOSILLO,29.07953,-110.949686,CONECTADA,0.8,"29.07631845, -110.9570658",0,NIVEL 2 (MEDIO),,,,
3587,GOBIERNO,DIRECCION GENERAL DE REGISTRO CIVIL,CAJEME,CIUDAD OBREGON,27.4928933,-109.9316279,CONECTADA,0.47,"27.49709444, -109.9322056",0,NIVEL 2 (MEDIO),,,,
3722,GOBIERNO,SEC,CANANEA,CANANEA,30.98853019,-110.2631498,CONECTADA,0.01,"30.98850278, -110.2630333",0,NIVEL 2 (MEDIO),,,,
3579,GOBIERNO,INSTITUTO SONORENSE  DE LAS MUJERES,HERMOSILLO,HERMOSILLO,29.1121303,-110.9738553,CONECTADA,1.72,"29.11026111, -110.9913861",0,NIVEL 2 (MEDIO),,,,
3580,GOBIERNO,COMISION DE BUSQUEDA DE PERSONAS PARA EL ESTADO DE SONORA,HERMOSILLO,HERMOSILLO,29.00949,-110.955139,CONECTADA,1.91,"29.008651, -110.935527",0,NIVEL 2 (MEDIO),,,,
3581,GOBIERNO,DIRECCION GENERAL DE ATENCION A GRUPOS PRIORITARIOS Y MIGRANTES,HERMOSILLO,HERMOSILLO,29.06579526,-110.9706809,CONECTADA,1.13,"29.06763827, -110.9592655",0,NIVEL 2 (MEDIO),,,,
3582,GOBIERNO,COMISION ESTATAL PARA EL  DESARROLLO DE LOS PUEBLOS Y COMUNIDADES INDIGENAS,HERMOSILLO,HERMOSILLO,29.07312,-110.9613,CONECTADA,0.31,"29.0744732, -110.9584987",0,NIVEL 2 (MEDIO),,,,
3583,GOBIERNO,DIRECCION GENERAL DEL BOLETIN OFICIAL Y ARCHIVO DEL ESTADO,HERMOSILLO,HERMOSILLO,29.07755121,-110.9541158,CONECTADA,0.32,"29.07631845, -110.9570658",0,NIVEL 2 (MEDIO),,,,
3584,GOBIERNO,DIRECCION GENERAL DE CONCERTACION AGRARIA,HERMOSILLO,HERMOSILLO,29.0722496,-110.9593514,CONECTADA,0.26,"29.0744732, -110.9584987",0,NIVEL 2 (MEDIO),,,,
3585,GOBIERNO,INSTITUTO SONORENSE  DE LAS MUJERES,HERMOSILLO,MIGUEL ALEMÁN (LA DOCE),28.841168,-111.4823091,CONECTADA,0.67,"28.84228, -111.48905",0,NIVEL 2 (MEDIO),,,,
3586,GOBIERNO,INSTITUTO SONORENSE  DE LAS MUJERES,MAGDALENA DE KINO,MAGDALENA DE KINO,30.6306907,-110.97444,CONECTADA,0.45,"30.632581, -110.978589",0,NIVEL 2 (MEDIO),,,,
3588,GOBIERNO,DIRECCION GENERAL DE REGISTRO CIVIL,CAJEME,CIUDAD OBREGON,27.4918262,-109.9462257,CONECTADA,1.18,"27.48364722, -109.9538472",0,NIVEL 2 (MEDIO),,,,
3589,GOBIERNO,DIRECCION GENERAL DE REGISTRO CIVIL,CAJEME,COCORIT,27.5763352,-109.963483,CONECTADA,2.47,"27.56626, -109.9411",0,NIVEL 2 (MEDIO),,,,
3590,GOBIERNO,DIRECCION GENERAL DE REGISTRO CIVIL,HERMOSILLO,MIGUEL ALEMÁN (LA DOCE),28.841016,-111.480255,CONECTADA,0.87,"28.84228, -111.48905",0,NIVEL 2 (MEDIO),,,,
3591,GOBIERNO,DIRECCION GENERAL DE REGISTRO CIVIL,HERMOSILLO,HERMOSILLO,29.1058014,-110.9536999,CONECTADA,2.64,"29.09162451, -110.9754325",0,NIVEL 2 (MEDIO),,,,
3592,GOBIERNO,DIRECCION GENERAL DE REGISTRO CIVIL,HERMOSILLO,HERMOSILLO,29.0931518,-110.9770405,CONECTADA,0.23,"29.09162451, -110.9754325",0,NIVEL 2 (MEDIO),,,,
3593,GOBIERNO,DIRECCION GENERAL DE REGISTRO CIVIL,HERMOSILLO,HERMOSILLO,29.0639234,-110.9557882,CONECTADA,0.03,"29.064011, -110.955496",0,NIVEL 2 (MEDIO),,,,
3594,GOBIERNO,DIRECCION GENERAL DE ATENCION A GRUPOS PRIORITARIOS Y MIGRANTES,HERMOSILLO,HERMOSILLO,29.07737,-110.94225,CONECTADA,0.92,"29.06939286, -110.944628",0,NIVEL 2 (MEDIO),,,,
3595,GOBIERNO,INSTITUTO SONORENSE  DE LAS MUJERES,CAJEME,CIUDAD OBREGON,27.4933194,-109.9280557,CONECTADA,0.59,"27.49709444, -109.9322056",0,NIVEL 2 (MEDIO),,,,
3609,GOBIERNO,DIRECCION GENERAL DE ADMINISTRACION,HERMOSILLO,HERMOSILLO,29.07578738,-110.9608908,CONECTADA,0.27,"29.0744732, -110.9584987",0,NIVEL 2 (MEDIO),,,,
3610,GOBIERNO,PROCURADURIA FISCAL,HERMOSILLO,HERMOSILLO,29.1,-110.9570306,CONECTADA,2.02,"29.09162451, -110.9754325",0,NIVEL 2 (MEDIO),,,,
3691,GOBIERNO,ISSSTESON,CAJEME,CD. OBREGON,27.506614,-109.931898,CONECTADA,1.06,"27.49709444, -109.9322056",0,NIVEL 2 (MEDIO),,,,
3692,GOBIERNO,ISSSTESON,NOGALES,NOGALES,31.29797073,-110.9136363,CONECTADA,0.04,"31.29834167, -110.9137",0,NIVEL 2 (MEDIO),,,,
3700,GOBIERNO,TELEVISORA DE HERMOSILLO SA DE CV,HERMOSILLO,HERMOSILLO,29.089,-110.9776,CONECTADA,0.35,"29.09152931, -110.9754964",0,NIVEL 2 (MEDIO),,,,
3701,GOBIERNO,DIRECCION GENERAL DE INFORMATICA,HERMOSILLO,HERMOSILLO,29.06781133,-110.9569752,CONECTADA,0.02,"29.06771437, -110.9571943",0,NIVEL 2 (MEDIO),,,,
3702,GOBIERNO,RADIO SONORA,HERMOSILLO,HERMOSILLO,29.07620636,-110.9543812,CONECTADA,0.26,"29.07631845, -110.9570658",0,NIVEL 2 (MEDIO),,,,
3703,GOBIERNO,UNIVERSIDAD ESTATAL DE SONORA,HERMOSILLO,HERMOSILLO,29.12492,-110.96224,CONECTADA,3.13,"29.14361389, -110.9862722",0,NIVEL 2 (MEDIO),,,,
3598,GOBIERNO,DIR. GRAL. DE PLAN. ADMIN. Y EVALUACION.,HERMOSILLO,HERMOSILLO,29.06847,-110.95671,CONECTADA,0.05,"29.06842354, -110.9572519",0,NIVEL 2 (MEDIO),,,,
3596,GOBIERNO,DESPACHO DEL SECRETARIO.,HERMOSILLO,HERMOSILLO,29.0684,-110.95757,CONECTADA,0.03,"29.06842354, -110.9572519",0,NIVEL 2 (MEDIO),,,,
3597,GOBIERNO,DIRECCION GENERAL DE DESARROLLO AGRICOLA,HERMOSILLO,HERMOSILLO,29.06847,-110.95671,CONECTADA,0.05,"29.06842354, -110.9572519",0,NIVEL 2 (MEDIO),,,,
3599,GOBIERNO,SUBSECRETARIA DE GANADERIA,HERMOSILLO,HERMOSILLO,29.06771,-110.95616,CONECTADA,0.1,"29.06771437, -110.9571943",0,NIVEL 2 (MEDIO),,,,
3600,GOBIERNO,DESPACHO DE LA SECRETARIA.,HERMOSILLO,HERMOSILLO,29.06851,-110.95745,CONECTADA,0.02,"29.06842354, -110.9572519",0,NIVEL 2 (MEDIO),,,,
3601,GOBIERNO,DIRECCION GENERAL DEL SISTEMA DE INFORMACION FINANCIERA,HERMOSILLO,HERMOSILLO,29.06763827,-110.9569834,CONECTADA,0.02,"29.06771437, -110.9571943",0,NIVEL 2 (MEDIO),,,,
3602,GOBIERNO,SUBSECRETARIA DE INGRESOS,HERMOSILLO,HERMOSILLO,29.076267,-110.9570306,CONECTADA,0.01,"29.07631845, -110.9570658",0,NIVEL 2 (MEDIO),,,,
3604,GOBIERNO,DIRECCION GENERAL DE RECAUDACION,CAJEME,CIUDAD OBREGON,27.49713761,-109.9322287,CONECTADA,0.01,"27.49709444, -109.9322056",0,NIVEL 2 (MEDIO),,,,
3605,GOBIERNO,COORDINACION EJECUTIVA DE AUDITORIA FISCAL,CAJEME,CIUDAD OBREGON,27.50253299,-109.945215,CONECTADA,1.42,"27.49709444, -109.9322056",0,NIVEL 2 (MEDIO),,,,
3606,GOBIERNO,DIRECCION GENERAL DE RECAUDACION,HERMOSILLO,HERMOSILLO,29,-110.9241469,CONECTADA,1.42,"29.01221702, -110.9283082",0,NIVEL 2 (MEDIO),,,,
3607,GOBIERNO,DIRECCION GENERAL DE RECAUDACION,HERMOSILLO,MIGUEL ALEMÁN (LA DOCE),28.84004981,-111.4906051,CONECTADA,0.29,"28.84228, -111.48905",0,NIVEL 2 (MEDIO),,,,
3608,GOBIERNO,DIRECCION GENERAL DE RECAUDACION,HERMOSILLO,HERMOSILLO,29.09401396,-111.0209414,CONECTADA,0.77,"29.09499722, -111.0287889",0,NIVEL 2 (MEDIO),,,,
3611,GOBIERNO,DIRECCION GENERAL DE CONTABILIDAD GUBERNAMENTAL,HERMOSILLO,HERMOSILLO,29.097711,-111.026827,CONECTADA,0.36,"29.09499722, -111.0287889",0,NIVEL 2 (MEDIO),,,,
3615,GOBIERNO,SERVICIOS DE SALUD DE SONORA,HERMOSILLO,HERMOSILLO,29.0685067,-110.9595856,CONECTADA,0.1,"29.06763827, -110.9592655",0,NIVEL 2 (MEDIO),,,,
3616,GOBIERNO,SERVICIOS DE SALUD DE SONORA,HERMOSILLO,HERMOSILLO,29.0676129,-110.9583258,CONECTADA,0.01,"29.06757, -110.95845",0,NIVEL 2 (MEDIO),,,,
3617,GOBIERNO,SERVICIOS DE SALUD DE SONORA,HERMOSILLO,HERMOSILLO,29.0532513,-110.9626379,CONECTADA,1.38,"29.064011, -110.955496",0,NIVEL 2 (MEDIO),,,,
3618,GOBIERNO,SERVICIOS DE SALUD DE SONORA,CAJEME,CD OBREGON,27.5117277,-109.9239078,CONECTADA,1.71,"27.52598056, -109.9302889",0,NIVEL 2 (MEDIO),,,,
3619,GOBIERNO,SERVICIOS DE SALUD DE SONORA,CAJEME,CD OBREGON,27.4871817,-109.939831,CONECTADA,1.33,"27.49709444, -109.9322056",0,NIVEL 2 (MEDIO),,,,
3620,GOBIERNO,SERVICIOS DE SALUD DE SONORA,HERMOSILLO,HERMOSILLO,29.0528983,-110.9630757,CONECTADA,1.44,"29.064011, -110.955496",0,NIVEL 2 (MEDIO),,,,
3621,GOBIERNO,SERVICIOS DE SALUD DE SONORA,HERMOSILLO,HERMOSILLO,29.0833037,-110.9974732,CONECTADA,2.32,"29.09152931, -110.9754964",0,NIVEL 2 (MEDIO),,,,
3622,GOBIERNO,SERVICIOS DE SALUD DE SONORA,HERMOSILLO,HERMOSILLO,29.0948141,-110.9796854,CONECTADA,0.54,"29.09162451, -110.9754325",0,NIVEL 2 (MEDIO),,,,
3623,GOBIERNO,SERVICIOS DE SALUD DE SONORA,HERMOSILLO,HERMOSILLO,29.0951276,-110.9800084,CONECTADA,0.59,"29.09162451, -110.9754325",0,NIVEL 2 (MEDIO),,,,
3624,GOBIERNO,JUNTA DE ASISTENCIA PRIVADA,HERMOSILLO,HERMOSILLO,29.0775,-110.958429,CONECTADA,0.19,"29.07631845, -110.9570658",0,NIVEL 2 (MEDIO),,,,
3625,GOBIERNO,DIRECCION GENERAL DE ASISTENCIA SOCIAL,HERMOSILLO,HERMOSILLO,29.1157894,-110.9716816,CONECTADA,2.01,"29.11026111, -110.9913861",0,NIVEL 2 (MEDIO),,,,
3626,GOBIERNO,CENTRO ESTATAL DE TRASPLANTES,HERMOSILLO,HERMOSILLO,29.1081553,-110.9483188,CONECTADA,3.21,"29.09162451, -110.9754325",0,NIVEL 2 (MEDIO),,,,
3627,GOBIERNO,SERVICIOS DE SALUD DE SONORA,HERMOSILLO,HERMOSILLO,29.069658,-110.960306,CONECTADA,0.25,"29.06763827, -110.9592655",0,NIVEL 2 (MEDIO),,,,
3628,GOBIERNO,SERVICIOS DE SALUD DE SONORA,HERMOSILLO,HERMOSILLO,29.095717,-110.9522159,CONECTADA,2.21,"29.07631845, -110.9570658",0,NIVEL 2 (MEDIO),,,,
3629,GOBIERNO,SERVICIOS DE SALUD DE SONORA,HERMOSILLO,HERMOSILLO,29.07950017,-110.992004,CONECTADA,2.09,"29.09152931, -110.9754964",0,NIVEL 2 (MEDIO),,,,
3630,GOBIERNO,SERVICIOS DE SALUD DE SONORA,HERMOSILLO,HERMOSILLO,29.0528983,-110.9630757,CONECTADA,1.44,"29.064011, -110.955496",0,NIVEL 2 (MEDIO),,,,
3631,GOBIERNO,SERVICIOS DE SALUD DE SONORA,HERMOSILLO,HERMOSILLO,29.0796364,-110.9917946,CONECTADA,2.06,"29.09152931, -110.9754964",0,NIVEL 2 (MEDIO),,,,
3632,GOBIERNO,COMISION DE ARBITRAJE MEDICO DEL ESTADO DE SONORA,HERMOSILLO,HERMOSILLO,29.0756645,-110.9472913,CONECTADA,0.74,"29.06939286, -110.944628",0,NIVEL 2 (MEDIO),,,,
3633,GOBIERNO,COMISION ESTATAL DE PROTECCION CONTRA RIESGOS SANITARIOS ESTADO DE SONORA,CAJEME,CIUDAD OBREGON,27.484668,-109.9542079,CONECTADA,0.12,"27.48364722, -109.9538472",0,NIVEL 2 (MEDIO),,,,
3634,GOBIERNO,DIRECCION GENERAL DE SERVICIOS DE SALUD A LA PERSONA,HERMOSILLO,HERMOSILLO,29.0636815,-110.9649072,CONECTADA,0.7,"29.06763827, -110.9592655",0,NIVEL 2 (MEDIO),,,,
3636,GOBIERNO,SERVICIOS DE SALUD DE SONORA,HERMOSILLO,HERMOSILLO,29.12052334,-110.965015,CONECTADA,2.8,"29.11026111, -110.9913861",0,NIVEL 2 (MEDIO),,,,
3637,GOBIERNO,SERVICIOS DE SALUD DE SONORA,HERMOSILLO,HERMOSILLO,29.039162,-110.993463,CONECTADA,4.59,"29.06763827, -110.9592655",0,NIVEL 2 (MEDIO),,,,
3638,GOBIERNO,SERVICIOS DE SALUD DE SONORA,HERMOSILLO,HERMOSILLO,29.099339,-110.9752084,CONECTADA,0.86,"29.09162451, -110.9754325",0,NIVEL 2 (MEDIO),,,,
3639,GOBIERNO,DIF SONORA,HERMOSILLO,HERMOSILLO,29.08963,-110.96782,CONECTADA,0.77,"29.09162451, -110.9754325",0,NIVEL 2 (MEDIO),,,,
3640,GOBIERNO,DIF SONORA,HERMOSILLO,HERMOSILLO,29.08954,-110.96768,CONECTADA,0.79,"29.09162451, -110.9754325",0,NIVEL 2 (MEDIO),,,,
3719,GOBIERNO,SEC,CAJEME,OBREGON,27.52595172,-109.9302071,CONECTADA,0.01,"27.52598056, -109.9302889",0,NIVEL 2 (MEDIO),,,,
3641,GOBIERNO,DIF SONORA,HERMOSILLO,HERMOSILLO,29.11351199,-111.0021553,CONECTADA,0.95,"29.10935986, -110.9936158",0,NIVEL 2 (MEDIO),,,,
3642,GOBIERNO,DIF SONORA,HERMOSILLO,HERMOSILLO,29.09310057,-110.9293052,CONECTADA,3.03,"29.06939286, -110.944628",0,NIVEL 2 (MEDIO),,,,
3643,GOBIERNO,DIF SONORA,HERMOSILLO,HERMOSILLO,29.11246,-110.98787,CONECTADA,0.42,"29.11026111, -110.9913861",0,NIVEL 2 (MEDIO),,,,
3644,GOBIERNO,DIF SONORA,HERMOSILLO,HERMOSILLO,29.06275,-110.95762,CONECTADA,0.25,"29.064011, -110.955496",0,NIVEL 2 (MEDIO),,,,
3645,GOBIERNO,DIF SONORA,HERMOSILLO,HERMOSILLO,29.079,-110.94395,CONECTADA,1.07,"29.06939286, -110.944628",0,NIVEL 2 (MEDIO),,,,
3646,GOBIERNO,DIF SONORA,HERMOSILLO,HERMOSILLO,29.07504,-110.92302,CONECTADA,2.19,"29.06939286, -110.944628",0,NIVEL 2 (MEDIO),,,,
3647,GOBIERNO,DIF SONORA,HEROICA NOGALES,HEROICA NOGALES,31.27761,-110.92203,CONECTADA,0.66,"31.27536, -110.92842",0,NIVEL 2 (MEDIO),,,,
3648,GOBIERNO,DIF SONORA,SAN LUIS RÍO COLORADO,SAN LUIS RÍO COLORADO,32.48507768,-114.7832994,CONECTADA,0.75,"32.47933611, -114.7790444",0,NIVEL 2 (MEDIO),,,,
3649,GOBIERNO,DIF SONORA,HERMOSILLO,HERMOSILLO,29.12247,-110.95896,CONECTADA,3.43,"29.11026111, -110.9913861",0,NIVEL 2 (MEDIO),,,,
3651,GOBIERNO,DIF SONORA,HERMOSILLO,HERMOSILLO,29.0995,-110.95882,CONECTADA,1.84,"29.09162451, -110.9754325",0,NIVEL 2 (MEDIO),,,,
3652,GOBIERNO,DIF SONORA,HERMOSILLO,HERMOSILLO,29.03144,-110.95595,CONECTADA,2.11,"29.037639, -110.935456",0,NIVEL 2 (MEDIO),,,,
3653,GOBIERNO,DIF SONORA,HERMOSILLO,HERMOSILLO,29.12151,-110.9596,CONECTADA,3.33,"29.11026111, -110.9913861",0,NIVEL 2 (MEDIO),,,,
3654,GOBIERNO,DIF SONORA,CAJEME,CIUDAD OBREGON,27.49685,-109.90327,CONECTADA,2.85,"27.49709444, -109.9322056",0,NIVEL 2 (MEDIO),,,,
3655,GOBIERNO,DIRECCION GENERAL DE SERVICIOS DE SALUD A LA PERSONA,HERMOSILLO,HERMOSILLO,29.0830228,-110.9962,CONECTADA,2.22,"29.09152931, -110.9754964",0,NIVEL 2 (MEDIO),,,,
3656,GOBIERNO,SERVICIOS DE SALUD DE SONORA,HERMOSILLO,HERMOSILLO,29.0672317,-110.9576705,CONECTADA,0.07,"29.06771437, -110.9571943",0,NIVEL 2 (MEDIO),,,,
3657,GOBIERNO,SUBSECRETARIA DE RECURSOS MATERIALES Y SERVICIOS,HERMOSILLO,HERMOSILLO,29.06781132,-110.958117,CONECTADA,0.04,"29.06757, -110.95845",0,NIVEL 2 (MEDIO),,,,
3658,GOBIERNO,SUBSECRETARIA DE GOBIERNO DIGITAL,HERMOSILLO,HERMOSILLO,29.06758018,-110.9570493,CONECTADA,0.02,"29.06771437, -110.9571943",0,NIVEL 2 (MEDIO),,,,
3659,GOBIERNO,DIRECCION GENERAL DE ADMINISTRACION DE RECURSOS HUMANOS,HERMOSILLO,HERMOSILLO,29.06758018,-110.9570493,CONECTADA,0.02,"29.06771437, -110.9571943",0,NIVEL 2 (MEDIO),,,,
3660,GOBIERNO,CECAP,HERMOSILLO,HERMOSILLO,29.06760109,-110.9584359,CONECTADA,0,"29.06757, -110.95845",0,NIVEL 2 (MEDIO),,,,
3661,GOBIERNO,DESARROLLO ORGANIZACIONAL,HERMOSILLO,HERMOSILLO,29.0678288,-110.95907,CONECTADA,0.03,"29.06763827, -110.9592655",0,NIVEL 2 (MEDIO),,,,
3662,GOBIERNO,CENDI 1,HERMOSILLO,HERMOSILLO,29.08241558,-110.9998535,CONECTADA,2.39,"29.102933, -111.007014",0,NIVEL 2 (MEDIO),,,,
3663,GOBIERNO,CENDI 2,HERMOSILLO,HERMOSILLO,29.07099852,-110.9571597,CONECTADA,0.29,"29.06842354, -110.9572519",0,NIVEL 2 (MEDIO),,,,
3664,GOBIERNO,COMISION DE VIVIENDA DEL ESTADO DE SONORA,HERMOSILLO,HERMOSILLO,29.06809394,-110.9571521,CONECTADA,0.04,"29.06842354, -110.9572519",0,NIVEL 2 (MEDIO),,,,
3665,GOBIERNO,SECRETARIA,HERMOSILLO,HERMOSILLO,29.06968285,-110.9613161,CONECTADA,0.3,"29.06763827, -110.9592655",0,NIVEL 2 (MEDIO),,,,
3666,GOBIERNO,DIRECCION GENERAL DE DESARROLLO REGIONAL,CAJEME,CIUDAD OBREGON,27.4816174,-109.9350108,CONECTADA,0.74,"27.4776144, -109.9289854",0,NIVEL 2 (MEDIO),,,,
3667,GOBIERNO,DIRECCION GENERAL DE PARTICIPACION SOCIAL,CAJEME,CIUDAD OBREGON,27.4816174,-109.9350108,CONECTADA,0.74,"27.4776144, -109.9289854",0,NIVEL 2 (MEDIO),,,,
3668,GOBIERNO,DIRECCION GENERAL DE PARTICIPACION SOCIAL,NAVOJOA,NAVOJOA,27.07574755,-109.4345234,CONECTADA,0.54,"27.074257, -109.429382",0,NIVEL 2 (MEDIO),,,,
3669,GOBIERNO,INSTITUTO SONORENSE DE LA JUVENTUD,HERMOSILLO,HERMOSILLO,29.07,-110.95,CONECTADA,0.34,"29.07067222, -110.9533944",0,NIVEL 2 (MEDIO),,,,
3670,GOBIERNO,INSTITUTO SONORENSE PARA LA ATENCION DE LOS ADULTOS MAYORES,HERMOSILLO,HERMOSILLO,29.0377427,-110.9819182,CONECTADA,3.89,"29.064011, -110.955496",0,NIVEL 2 (MEDIO),,,,
3671,GOBIERNO,INSTITUTO SONORENSE PARA LA ATENCION DE LOS ADULTOS MAYORES,CAJEME,CIUDAD OBREGON,27.4581191,-109.949709,CONECTADA,2.22,"27.46464167, -109.9284222",0,NIVEL 2 (MEDIO),,,,
3672,GOBIERNO,DESPACHO DEL CONSEJERO,HERMOSILLO,HERMOSILLO,29.0683251,-110.9569311,CONECTADA,0.03,"29.06842354, -110.9572519",0,NIVEL 2 (MEDIO),,,,
3673,GOBIERNO,DEFENSORIA PÚBLICA,HERMOSILLO,HERMOSILLO,29.0745588,-110.9576521,CONECTADA,0.06,"29.07489666, -110.9580838",0,NIVEL 2 (MEDIO),,,,
3674,GOBIERNO,DEFENSORIA PÚBLICA,HERMOSILLO,HERMOSILLO,29.0745588,-110.9576521,CONECTADA,0.06,"29.07489666, -110.9580838",0,NIVEL 2 (MEDIO),,,,
3675,GOBIERNO,DEFENSORIA PÚBLICA,HERMOSILLO,HERMOSILLO,29.0745588,-110.9576521,CONECTADA,0.06,"29.07489666, -110.9580838",0,NIVEL 2 (MEDIO),,,,
3676,GOBIERNO,DEFENSORIA PÚBLICA,HERMOSILLO,HERMOSILLO,29.0745588,-110.9576521,CONECTADA,0.06,"29.07489666, -110.9580838",0,NIVEL 2 (MEDIO),,,,
3677,GOBIERNO,DEFENSORIA PÚBLICA,HERMOSILLO,HERMOSILLO,29.0745588,-110.9576521,CONECTADA,0.06,"29.07489666, -110.9580838",0,NIVEL 2 (MEDIO),,,,
3766,GOBIERNO,TELEFONIA RURAL DE SONORA,OBREGON,OBREGON,27.52614,-109.92971,CONECTADA,0.06,"27.52598056, -109.9302889",0,NIVEL 2 (MEDIO),,,,
3678,GOBIERNO,DEFENSORIA PÚBLICA,CAJEME,CIUDAD OBREGON,27.49843141,-109.9318068,CONECTADA,0.15,"27.49709444, -109.9322056",0,NIVEL 2 (MEDIO),,,,
3679,GOBIERNO,DESPACHO DEL CONSEJERO,HERMOSILLO,HERMOSILLO,29.0745194,-110.9572468,CONECTADA,0.09,"29.07489666, -110.9580838",0,NIVEL 2 (MEDIO),,,,
3680,GOBIERNO,DEFENSORIA PÚBLICA,HERMOSILLO,HERMOSILLO,29.04567051,-110.9359149,CONECTADA,0.73,"29.051335, -110.939713",0,NIVEL 2 (MEDIO),,,,
3720,GOBIERNO,SEC,CABORCA,CABORCA,30.72766284,-112.1618631,CONECTADA,0.01,"30.727575, -112.1619417",0,NIVEL 2 (MEDIO),,,,
3681,GOBIERNO,DEFENSORIA PÚBLICA,HERMOSILLO,HERMOSILLO,29.04647834,-110.9369389,CONECTADA,0.6,"29.051335, -110.939713",0,NIVEL 2 (MEDIO),,,,
3682,GOBIERNO,OFICINA DEL EJECUTIVO ESTATAL,HERMOSILLO,HERMOSILLO,29.06747714,-110.9580992,CONECTADA,0.04,"29.06757, -110.95845",0,NIVEL 2 (MEDIO),,,,
3683,GOBIERNO,COORDINACION GENERAL DEL SISTEMA ESTATAL DE COMUNICACION SOCIAL,HERMOSILLO,HERMOSILLO,29.07461242,-110.9584031,CONECTADA,0.01,"29.0746145, -110.9582516",0,NIVEL 2 (MEDIO),,,,
3684,GOBIERNO,SECRETARIA TECNICA DE LA MESA DE SEGURIDAD,HERMOSILLO,HERMOSILLO,29.07461242,-110.9584031,CONECTADA,0.01,"29.0746145, -110.9582516",0,NIVEL 2 (MEDIO),,,,
3685,GOBIERNO,SECRETARIA PARTICULAR,HERMOSILLO,HERMOSILLO,29.070695,-110.9574856,CONECTADA,0.25,"29.06842354, -110.9572519",0,NIVEL 2 (MEDIO),,,,
3686,GOBIERNO,SECRETARIA PARTICULAR,HERMOSILLO,HERMOSILLO,29.09849326,-110.9371327,CONECTADA,3.14,"29.07631845, -110.9570658",0,NIVEL 2 (MEDIO),,,,
3687,GOBIERNO,SECRETARIA PARTICULAR,HEROICA GUAYMAS,HEROICA GUAYMAS,27.92131232,-110.9462705,CONECTADA,3.01,"27.94620556, -110.9342083",0,NIVEL 2 (MEDIO),,,,
3688,GOBIERNO,SECRETARIA PARTICULAR,ALAMOS,ALAMOS,27.02289122,-108.9396594,CONECTADA,0.22,"27.021836, -108.937803",0,NIVEL 2 (MEDIO),,,,
3689,GOBIERNO,ISSSTESON,HERMOSILLO,HERMOSILLO,29.07607042,-110.9577079,CONECTADA,0.07,"29.07631845, -110.9570658",0,NIVEL 2 (MEDIO),,,,
3690,GOBIERNO,ISSSTESON,HERMOSILLO,HERMOSILLO,29.09675281,-110.9542571,CONECTADA,2.14,"29.09162451, -110.9754325",0,NIVEL 2 (MEDIO),,,,
3693,GOBIERNO,ISSSTESON,NAVOJOA,NAVOJOA,27.06126285,-109.4498222,CONECTADA,0.49,"27.06563326, -109.4497993",0,NIVEL 2 (MEDIO),,,,
3694,GOBIERNO,ISSSTESON,CAJEME,CD. OBREGON,29.076254,-110.95944,CONECTADA,0.2,"29.07489666, -110.9580838",0,NIVEL 2 (MEDIO),,,,
3695,GOBIERNO,ISSSTESON,CAJEME,CD. OBREGON,29.076254,-110.95944,CONECTADA,0.2,"29.07489666, -110.9580838",0,NIVEL 2 (MEDIO),,,,
3696,GOBIERNO,ISSSTESON,CAJEME,CD. OBREGON,27.5066593,-109.9316384,CONECTADA,1.07,"27.49709444, -109.9322056",0,NIVEL 2 (MEDIO),,,,
3697,GOBIERNO,ISSSTESON,CAJEME,CAJEME,27.46507216,-109.9292732,CONECTADA,0.1,"27.46464167, -109.9284222",0,NIVEL 2 (MEDIO),,,,
3698,GOBIERNO,ISSSTESON,HERMOSILLO,POBLADO MIGUEL ALEMÁN,28.84088068,-111.4752236,CONECTADA,1.36,"28.84228, -111.48905",0,NIVEL 2 (MEDIO),,,,
3699,GOBIERNO,ISSSTESON,CAJEME,PUEBLO YAQUI,27.3557573,-110.0355649,CONECTADA,0.17,"27.35423611, -110.035575",0,NIVEL 2 (MEDIO),,,,
3704,GOBIERNO,UNIVERSIDAD ESTATAL DE SONORA,HERMOSILLO,HERMOSILLO,29.10821,-110.996,CONECTADA,0.26,"29.10935986, -110.9936158",0,NIVEL 2 (MEDIO),,,,
3705,GOBIERNO,UNIVERSIDAD ESTATAL DE SONORA,NAVOJOA,NAVOJOA,27.04889,-109.45263,CONECTADA,0.17,"27.04738, -109.452824",0,NIVEL 2 (MEDIO),,,,
3706,GOBIERNO,COMISION DEL DEPORTE DEL ESTADO DE SONORA,HERMOSILLO,HERMOSILLO,29.107118,-110.995112,CONECTADA,0.29,"29.10935986, -110.9936158",0,NIVEL 2 (MEDIO),,,,
3707,GOBIERNO,COMISION DEL DEPORTE DEL ESTADO DE SONORA,HERMOSILLO,HERMOSILLO,29.11485946,-110.9967757,CONECTADA,0.68,"29.10935986, -110.9936158",0,NIVEL 2 (MEDIO),,,,
3708,GOBIERNO,COMISION DEL DEPORTE DEL ESTADO DE SONORA,HERMOSILLO,HERMOSILLO,29.10784378,-110.9941422,CONECTADA,0.18,"29.10935986, -110.9936158",0,NIVEL 2 (MEDIO),,,,
3709,GOBIERNO,COMISION DEL DEPORTE DEL ESTADO DE SONORA,HERMOSILLO,HERMOSILLO,29.10623296,-110.9941358,CONECTADA,0.35,"29.10935986, -110.9936158",0,NIVEL 2 (MEDIO),,,,
3710,GOBIERNO,COMISION DEL DEPORTE DEL ESTADO DE SONORA,HERMOSILLO,HERMOSILLO,29.10856279,-110.9935553,CONECTADA,0.09,"29.10935986, -110.9936158",0,NIVEL 2 (MEDIO),,,,
3711,GOBIERNO,COMISION DEL DEPORTE DEL ESTADO DE SONORA,HERMOSILLO,HERMOSILLO,29.107118,-110.995112,CONECTADA,0.29,"29.10935986, -110.9936158",0,NIVEL 2 (MEDIO),,,,
3712,GOBIERNO,COMISION DEL DEPORTE DEL ESTADO DE SONORA,HERMOSILLO,HERMOSILLO,29.10682166,-110.9931703,CONECTADA,0.29,"29.10935986, -110.9936158",0,NIVEL 2 (MEDIO),,,,
3721,GOBIERNO,SEC,NOGALES,NOGALES,31.29012671,-110.9509952,CONECTADA,0.02,"31.29011, -110.951213",0,NIVEL 2 (MEDIO),,,,
3713,GOBIERNO,INSTITUTO DE BECAS Y CREDITO EDUCATIVO DEL ESTADO DE SONORA,HERMOSILLO,HERMOSILLO,29.08475277,-110.9760166,CONECTADA,0.76,"29.09152931, -110.9754964",0,NIVEL 2 (MEDIO),,,,
3714,GOBIERNO,INSTITUTO SONORENSE DE CULTURA,HERMOSILLO,HERMOSILLO,29.0671048,-110.9556842,CONECTADA,0.16,"29.06771437, -110.9571943",0,NIVEL 2 (MEDIO),,,,
3715,GOBIERNO,INSTITUTO SONORENSE DE CULTURA,HERMOSILLO,HERMOSILLO,29.07422812,-110.9581449,CONECTADA,0.04,"29.0744732, -110.9584987",0,NIVEL 2 (MEDIO),,,,
3716,GOBIERNO,INSTITUTO SONORENSE DE CULTURA,CIUDAD OBREGON,CIUDAD OBREGON,27.49954501,-109.9675778,CONECTADA,2.16,"27.4836, -109.955",0,NIVEL 2 (MEDIO),,,,
3717,GOBIERNO,INSTITUTO SONORENSE DE EDUCACION PARA LOS ADULTOS,HERMOSILLO,HERMOSILLO,29.07657424,-110.9464169,CONECTADA,0.82,"29.06939286, -110.944628",0,NIVEL 2 (MEDIO),,,,
3718,GOBIERNO,UNIVERSIDAD DE LA SIERRA,HERMOSILLO,MOCTEZUMA,29.82363684,-109.6783969,CONECTADA,0.01,"29.823617, -109.67851",0,NIVEL 2 (MEDIO),,,,
3723,GOBIERNO,SEC,GUAYMAS,GUAYMAS,27.946254,-110.93405,CONECTADA,0.02,"27.94620556, -110.9342083",0,NIVEL 2 (MEDIO),,,,
3724,GOBIERNO,SEC,NAVOJOA,NAVOJOA,27.08268397,-109.4473115,CONECTADA,0.02,"27.082605, -109.447167",0,NIVEL 2 (MEDIO),,,,
3725,GOBIERNO,SEC,HUATABAMPO,HUATABAMPO,26.84233,-109.641225,CONECTADA,0.02,"26.84247222, -109.6411222",0,NIVEL 2 (MEDIO),,,,
3726,GOBIERNO,UNIVERSIDAD ESTATAL DE SONORA,HERMOSILLO,HERMOSILLO,29.07155,-110.95527,CONECTADA,0.21,"29.07067222, -110.9533944",0,NIVEL 2 (MEDIO),,,,
3727,GOBIERNO,UNIVERSIDAD ESTATAL DE SONORA,BENITO JUAREZ,VILLA JUAREZ,27.12961,-109.84213,CONECTADA,1.2,"27.128213, -109.830136",0,NIVEL 2 (MEDIO),,,,
3728,GOBIERNO,UNIVERSIDAD ESTATAL DE SONORA,MAGDALENA DE KINO,MAGDALENA DE KINO,30.81129,-110.98418,CONECTADA,12.3,"30.7773, -110.8616389",0,NIVEL 2 (MEDIO),,,,
3729,GOBIERNO,UNIVERSIDAD ESTATAL DE SONORA,SAN LUIS RIO COLORADO,SAN LUIS RIO COLORADO,32.46907,-114.75881,CONECTADA,1.82,"32.456613, -114.746291",0,NIVEL 2 (MEDIO),,,,
3730,GOBIERNO,UNIVERSIDAD ESTATAL DE SONORA,HERMOSILLO,MIGUEL ALEMAN (LA DOCE),28.841129,-111.4684,CONECTADA,2.02,"28.84228, -111.48905",0,NIVEL 2 (MEDIO),,,,
3731,GOBIERNO,UNIVERSIDAD TECNOLOGICA DE HERMOSILLO,HERMOSILLO,HERMOSILLO,29.00925369,-110.9013612,CONECTADA,2.3,"29.01491188, -110.9241526",0,NIVEL 2 (MEDIO),,,,
3732,GOBIERNO,COMISION DEL DEPORTE DEL ESTADO DE SONORA,HERMOSILLO,HERMOSILLO,29.09513488,-110.9524861,CONECTADA,2.14,"29.07631845, -110.9570658",0,NIVEL 2 (MEDIO),,,,
3733,GOBIERNO,COMISION DEL DEPORTE DEL ESTADO DE SONORA,HERMOSILLO,HERMOSILLO,29.1189121,-110.9725985,CONECTADA,2.06,"29.11026111, -110.9913861",0,NIVEL 2 (MEDIO),,,,
3734,GOBIERNO,INSTITUTO DE BECAS Y CREDITO EDUCATIVO DEL ESTADO DE SONORA,CIUDAD OBREGON,CIUDAD OBREGON,27.48560492,-109.9318444,CONECTADA,0.93,"27.4776144, -109.9289854",0,NIVEL 2 (MEDIO),,,,
3735,GOBIERNO,INSTITUTO SONORENSE DE CULTURA,HERMOSILLO,HERMOSILLO,29.07630887,-110.9547924,CONECTADA,0.22,"29.07631845, -110.9570658",0,NIVEL 2 (MEDIO),,,,
3736,GOBIERNO,INSTITUTO SONORENSE DE CULTURA,HERMOSILLO,HERMOSILLO,29.07652613,-110.9588252,CONECTADA,0.17,"29.07631845, -110.9570658",0,NIVEL 2 (MEDIO),,,,
3737,GOBIERNO,INSTITUTO SONORENSE DE CULTURA,HERMOSILLO,HERMOSILLO,29.07617656,-109.9548434,CONECTADA,4.88,"29.118272, -109.969133",0,NIVEL 2 (MEDIO),,,,
3738,GOBIERNO,INSTITUTO SONORENSE DE CULTURA,HERMOSILLO,HERMOSILLO,29.07617656,-109.9548434,CONECTADA,4.88,"29.118272, -109.969133",0,NIVEL 2 (MEDIO),,,,
3739,GOBIERNO,INSTITUTO SONORENSE DE CULTURA,HERMOSILLO,HERMOSILLO,29.07617656,-109.9548434,CONECTADA,4.88,"29.118272, -109.969133",0,NIVEL 2 (MEDIO),,,,
3740,GOBIERNO,INSTITUTO SONORENSE DE CULTURA,HERMOSILLO,HERMOSILLO,29.07617656,-109.9548434,CONECTADA,4.88,"29.118272, -109.969133",0,NIVEL 2 (MEDIO),,,,
3741,GOBIERNO,INSTITUTO SONORENSE DE CULTURA,CIUDAD OBREGON,CIUDAD OBREGON,27.49954501,-109.9675778,CONECTADA,2.16,"27.4836, -109.955",0,NIVEL 2 (MEDIO),,,,
3743,GOBIERNO,UNIVERSIDAD ESTATAL DE SONORA,HERMOSILLO,HERMOSILLO,29.07155,-110.95527,CONECTADA,0.21,"29.07067222, -110.9533944",0,NIVEL 2 (MEDIO),,,,
3744,GOBIERNO,INSTITUTO DE BECAS Y CREDITO EDUCATIVO DEL ESTADO DE SONORA,HERMOSILLO,HERMOSILLO,29.08475277,-110.9760166,CONECTADA,0.76,"29.09152931, -110.9754964",0,NIVEL 2 (MEDIO),,,,
3745,GOBIERNO,INSTITUTO DE BECAS Y CREDITO EDUCATIVO DEL ESTADO DE SONORA,CIUDAD OBREGON,CIUDAD OBREGON,27.48560492,-109.9318444,CONECTADA,0.93,"27.4776144, -109.9289854",0,NIVEL 2 (MEDIO),,,,
3746,GOBIERNO,COMISION DE ECOLOGIA Y DESARROLLO SUSTENTABLE DEL ESTADO DE SONORA,HERMOSILLO,HERMOSILLO,29.0952721,-110.9600633,CONECTADA,1.55,"29.09162451, -110.9754325",0,NIVEL 2 (MEDIO),,,,
3747,GOBIERNO,COMISION DE ECOLOGIA Y DESARROLLO SUSTENTABLE DEL ESTADO DE SONORA,HERMOSILLO,HERMOSILLO,29.0952721,-110.9600633,CONECTADA,1.55,"29.09162451, -110.9754325",0,NIVEL 2 (MEDIO),,,,
3748,GOBIERNO,COMISION DE ECOLOGIA Y DESARROLLO SUSTENTABLE DEL ESTADO DE SONORA,HERMOSILLO,HERMOSILLO,29.0952721,-110.9600633,CONECTADA,1.55,"29.09162451, -110.9754325",0,NIVEL 2 (MEDIO),,,,
3749,GOBIERNO,CONSEJO ESTATAL DE CONCERTACION PARA LA OBRA PÚBLICA,HERMOSILLO,HERMOSILLO,29.0628271,-110.9578719,CONECTADA,0.27,"29.064011, -110.955496",0,NIVEL 2 (MEDIO),,,,
3755,GOBIERNO,INSTITUTO SONORENSE DE INFRAESTRUCTURA EDUCATIVA,CAJEME,CIUDAD OBREGON,27.51040702,-109.9490078,CONECTADA,2.22,"27.49709444, -109.9322056",0,NIVEL 2 (MEDIO),,,,
3756,GOBIERNO,INSTITUTO SONORENSE DE INFRAESTRUCTURA EDUCATIVA,NAVOJOA,NAVOJOA,27.07500698,-109.4422019,CONECTADA,0.46,"27.07895278, -109.443525",0,NIVEL 2 (MEDIO),,,,
3757,GOBIERNO,TELEFONIA RURAL DE SONORA,HERMOSILLO,HERMOSILLO,29.06831191,-110.9572812,CONECTADA,0.01,"29.06842354, -110.9572519",0,NIVEL 2 (MEDIO),,,,
3765,GOBIERNO,TELEFONIA RURAL DE SONORA,OBREGON,OBREGON,27.496931,-109.932283,CONECTADA,0.02,"27.49709444, -109.9322056",0,NIVEL 2 (MEDIO),,,,
3758,GOBIERNO,TELEFONIA RURAL DE SONORA,HERMOSILLO,HERMOSILLO,29.06831191,-110.9572812,CONECTADA,0.01,"29.06842354, -110.9572519",0,NIVEL 2 (MEDIO),,,,
3759,GOBIERNO,TELEFONIA RURAL DE SONORA,HERMOSILLO,HERMOSILLO,29.06831191,-110.9572812,CONECTADA,0.01,"29.06842354, -110.9572519",0,NIVEL 2 (MEDIO),,,,
3760,GOBIERNO,TELEFONIA RURAL DE SONORA,MOCTEZUMA,MOCTEZUMA,29.823697,-109.678454,CONECTADA,0.01,"29.823617, -109.67851",0,NIVEL 2 (MEDIO),,,,
3761,GOBIERNO,TELEFONIA RURAL DE SONORA,MOCTEZUMA,MOCTEZUMA,29.823697,-109.678454,CONECTADA,0.01,"29.823617, -109.67851",0,NIVEL 2 (MEDIO),,,,
3762,GOBIERNO,TELEFONIA RURAL DE SONORA,MOCTEZUMA,MOCTEZUMA,29.823697,-109.678454,CONECTADA,0.01,"29.823617, -109.67851",0,NIVEL 2 (MEDIO),,,,
3763,GOBIERNO,TELEFONIA RURAL DE SONORA,URES,URES,29.4281842,-110.3903777,CONECTADA,0.05,"29.42809, -110.38989",0,NIVEL 2 (MEDIO),,,,
3764,GOBIERNO,TELEFONIA RURAL DE SONORA,URES,URES,29.4281842,-110.3903777,CONECTADA,0.05,"29.42809, -110.38989",0,NIVEL 2 (MEDIO),,,,
3767,GOBIERNO,TELEFONIA RURAL DE SONORA,SAHUARIPA,SAHUARIPA,29.056291,-109.233419,CONECTADA,0.01,"29.05637, -109.23347",0,NIVEL 2 (MEDIO),,,,
3768,GOBIERNO,ALMACEN QUIROGA,HERMOSILLO,HERMOSILLO,29.0832542,-110.9962444,CONECTADA,2.22,"29.09152931, -110.9754964",0,NIVEL 2 (MEDIO),,,,
3769,GOBIERNO,CENTRO INFANTIL PARA EL DESARROLLO NEUROCONDUCTUAL,HERMOSILLO,HERMOSILLO,29.06308788,-110.9636045,CONECTADA,0.66,"29.06763827, -110.9592655",0,NIVEL 2 (MEDIO),,,,
3770,GOBIERNO,CENTRO INTEGRAL DE SALUD MENTAL CISAME NOGALES,NOGALES,NOGALES,31.3162363,-110.9501499,CONECTADA,0.41,"31.316111, -110.945833",0,NIVEL 2 (MEDIO),,,,
3771,GOBIERNO,DISTRITO DE SALUD 4 OBREGON,CAJEME,CIUDAD OBREGON,27.48703672,-109.9399342,CONECTADA,1.35,"27.49709444, -109.9322056",0,NIVEL 2 (MEDIO),,,,
3772,GOBIERNO,DIRECCION GENERAL DE INFRAESTRUCTURA FISICA,HERMOSILLO,HERMOSILLO,29.08169816,-111.0055363,CONECTADA,2.37,"29.102933, -111.007014",0,NIVEL 2 (MEDIO),,,,
3773,GOBIERNO,DIRECCION GENERAL DE SALUD MENTAL,HERMOSILLO,HERMOSILLO,29.07982486,-110.9723191,CONECTADA,1.34,"29.09152931, -110.9754964",0,NIVEL 2 (MEDIO),,,,
3774,GOBIERNO,CENTRO DE TRANSFUSION SANGUINEA,HERMOSILLO,HERMOSILLO,29.08731244,-110.9616437,CONECTADA,1.3,"29.07631845, -110.9570658",0,NIVEL 2 (MEDIO),,,,
1,ESCUELAS,SILVIANA ROBLES DE ROMERO,ACONCHI,LA ESTANCIA,29.793333,-110.211389,SIN CONEXION,3.75,"29.8262, -110.21989",0,NIVEL 3 (ALTO),,,,
2,ESCUELAS,GENERAL FRANCISCO CONTRERAS B,ACONCHI,LA ESTANCIA,29.793333,-110.211389,CONECTADA,3.75,"29.8262, -110.21989",0,NIVEL 2 (MEDIO),,,,
109,ESCUELAS,BENITO JUAREZ,ALAMOS,21 DE MARZO,26.527222,-109.073889,CONECTADA,0.22,"26.525942, -109.075572",0,NIVEL 2 (MEDIO),,,,
4,ESCUELAS,BELEM M. DE GANDARA,ACONCHI,ACONCHI,29.825733,-110.227842,CONECTADA,0.77,"29.8262, -110.21989",0,NIVEL 2 (MEDIO),,,,
519,ESCUELAS,AQUILES SERDAN,BACUM,ATOTONILCO,27.306667,-110.171389,CONECTADA,0.16,"27.305907, -110.172749",0,NIVEL 2 (MEDIO),,,,
6,ESCUELAS,GENERAL FRANCISCO CONTRERAS,ACONCHI,ACONCHI,29.825194,-110.228174,CONECTADA,0.81,"29.8262, -110.21989",0,NIVEL 2 (MEDIO),,,,
7,ESCUELAS,TELESECUNDARIA 92,ACONCHI,ACONCHI,29.82822,-110.222795,CONECTADA,0.36,"29.8262, -110.21989",0,NIVEL 2 (MEDIO),,,,
8,ESCUELAS,JOSE LUIS CORREA MURILLO,AGUA PRIETA,AGUA PRIETA,31.302801,-109.544062,CONECTADA,1.06,"31.3103, -109.53725",0,NIVEL 2 (MEDIO),,,,
9,ESCUELAS,SECUNDARIA GENERAL NUM.2,AGUA PRIETA,AGUA PRIETA,31.329624,-109.589554,SIN CONEXION,3.21,"31.31913889, -109.5580556",0,NIVEL 3 (ALTO),,,,
10,ESCUELAS,NUEVA VIDA,AGUA PRIETA,AGUA PRIETA,31.328304,-109.564606,CONECTADA,1.19,"31.31913889, -109.5580556",1,NIVEL 1 (BAJO),,,,
11,ESCUELAS,MUNDO INFANTIL,AGUA PRIETA,AGUA PRIETA,31.331828,-109.533391,SIN CONEXION,1.01,"31.33035, -109.522935",0,NIVEL 3 (ALTO),,,,
12,ESCUELAS,AMERICA,AGUA PRIETA,AGUA PRIETA,31.328948,-109.546798,CONECTADA,0.22,"31.327, -109.54715",1,NIVEL 1 (BAJO),,,,
13,ESCUELAS,NUEVOS HORIZONTES,AGUA PRIETA,AGUA PRIETA,31.323332,-109.533933,CONECTADA,1.1,"31.31360556, -109.5359722",1,NIVEL 1 (BAJO),,,,
14,ESCUELAS,PROGRESO,AGUA PRIETA,AGUA PRIETA,31.313858,-109.567738,SIN CONEXION,0.88,"31.30943, -109.5601",0,NIVEL 3 (ALTO),,,,
15,ESCUELAS,DANTE ALIGHIERI,AGUA PRIETA,AGUA PRIETA,31.316713,-109.553036,SIN CONEXION,0.22,"31.31572352, -109.5550348",0,NIVEL 3 (ALTO),,,,
16,ESCUELAS,CITLALLI,AGUA PRIETA,AGUA PRIETA,31.31397,-109.529064,SIN CONEXION,0.57,"31.311738, -109.534488",0,NIVEL 3 (ALTO),,,,
17,ESCUELAS,ALAMITO,AGUA PRIETA,AGUA PRIETA,31.32798,-109.5155,SIN CONEXION,0.75,"31.33035, -109.522935",0,NIVEL 3 (ALTO),,,,
18,ESCUELAS,JUAN RULFO,AGUA PRIETA,AGUA PRIETA,31.304777,-109.56214,SIN CONEXION,0.55,"31.30943, -109.5601",0,NIVEL 3 (ALTO),,,,
19,ESCUELAS,PLAN DE AGUA PRIETA,AGUA PRIETA,AGUA PRIETA,31.3097,-109.546972,SIN CONEXION,0.93,"31.3103, -109.53725",0,NIVEL 3 (ALTO),,,,
20,ESCUELAS,BACHICUY,AGUA PRIETA,AGUA PRIETA,31.314714,-109.521563,SIN CONEXION,1.27,"31.311738, -109.534488",0,NIVEL 3 (ALTO),,,,
21,ESCUELAS,JEAN HENRY DUNAT,AGUA PRIETA,AGUA PRIETA,31.30432,-109.540195,SIN CONEXION,0.72,"31.3103, -109.53725",0,NIVEL 3 (ALTO),,,,
22,ESCUELAS,JARDIN DE NIÑOS NUEVA CREACION,AGUA PRIETA,AGUA PRIETA,31.324248,-109.5584,SIN CONEXION,0.57,"31.31913889, -109.5580556",0,NIVEL 3 (ALTO),,,,
23,ESCUELAS,JARDIN DE NIÑOS NUEVA CREACION,AGUA PRIETA,AGUA PRIETA,31.325833,-109.548889,SIN CONEXION,0.21,"31.327, -109.54715",0,NIVEL 3 (ALTO),,,,
24,ESCUELAS,TRIBU GUARIJIO NUM. 1,ALAMOS,MESA COLORADA,27.571436,-108.865089,SIN CONEXION,36.2,"27.545293, -109.231119",0,NIVEL 3 (ALTO),,,,
25,ESCUELAS,GENERAL IGNACIO ZARAGOZA,AGUA PRIETA,AGUA PRIETA,31.331757,-109.565618,CONECTADA,1.58,"31.31913889, -109.5580556",0,NIVEL 2 (MEDIO),,,,
26,ESCUELAS,BENITO JUAREZ,AGUA PRIETA,AGUA PRIETA,31.320923,-109.565519,CONECTADA,0.74,"31.31913889, -109.5580556",0,NIVEL 2 (MEDIO),,,,
27,ESCUELAS,EMILIANO ZAPATA,AGUA PRIETA,EL RUSBAYO,31.010041,-109.286518,CONECTADA,29.78,"30.894625, -109.568311",1,NIVEL 1 (BAJO),,,,
28,ESCUELAS,PLAN DE AGUA PRIETA,AGUA PRIETA,AGUA PRIETA,31.330011,-109.554111,CONECTADA,0.74,"31.327, -109.54715",0,NIVEL 2 (MEDIO),,,,
29,ESCUELAS,ESCUADRON 201,AGUA PRIETA,AGUA PRIETA,31.331931,-109.565628,CONECTADA,1.59,"31.31913889, -109.5580556",0,NIVEL 2 (MEDIO),,,,
30,ESCUELAS,GENERAL MARIANO ESCOBEDO,AGUA PRIETA,AGUA PRIETA,31.326137,-109.541933,SIN CONEXION,0.5,"31.327, -109.54715",0,NIVEL 3 (ALTO),,,,
568,ESCUELAS,21 DE MARZO,BENITO JUAREZ,BATEVITO (COLONIA IRRIGACION),27.116389,-109.8725,CONECTADA,0.11,"27.11621, -109.87359",0,NIVEL 2 (MEDIO),,,,
32,ESCUELAS,GENERAL LEANDRO VALLE,AGUA PRIETA,AGUA PRIETA,31.314024,-109.556313,SIN CONEXION,0.22,"31.31572352, -109.5550348",0,NIVEL 3 (ALTO),,,,
33,ESCUELAS,JUAN FRANCISCO STRAPPAROLA,BACOACHI,BACOACHI,30.633765,-109.970639,SIN CONEXION,0.25,"30.632433, -109.968483",0,NIVEL 3 (ALTO),,,,
34,ESCUELAS,JESUS QUIJADA AGUILAR,AGUA PRIETA,AGUA PRIETA,31.32839,-109.513889,CONECTADA,0.89,"31.33035, -109.522935",0,NIVEL 2 (MEDIO),,,,
35,ESCUELAS,FRANCISCO VILLA,AGUA PRIETA,AGUA PRIETA,31.309369,-109.547468,CONECTADA,0.98,"31.3103, -109.53725",0,NIVEL 2 (MEDIO),,,,
36,ESCUELAS,SOR JUANA INES DE LA CRUZ,AGUA PRIETA,AGUA PRIETA,31.304776,-109.561711,CONECTADA,0.54,"31.30943, -109.5601",0,NIVEL 2 (MEDIO),,,,
1145,ESCUELAS,LUIS G URBINA,ETCHOJOA,SAN PEDRO VIEJO,27.016389,-109.620833,CONECTADA,5.31,"26.979011, -109.654255",0,NIVEL 2 (MEDIO),,,,
38,ESCUELAS,ALVARO OBREGON,AGUA PRIETA,AGUA PRIETA,31.314756,-109.519199,CONECTADA,1.49,"31.311738, -109.534488",0,NIVEL 2 (MEDIO),,,,
39,ESCUELAS,JESUS PEREIDA MARTINEZ,AGUA PRIETA,AGUA PRIETA,31.301524,-109.544669,SIN CONEXION,1.2,"31.3103, -109.53725",0,NIVEL 3 (ALTO),,,,
40,ESCUELAS,IGNACIO LEYVA DURAZO,AGUA PRIETA,AGUA PRIETA,31.320901,-109.516916,SIN CONEXION,1.2,"31.33035, -109.522935",0,NIVEL 3 (ALTO),,,,
41,ESCUELAS,ELPIDIO GONZALEZ DUARTE,AGUA PRIETA,AGUA PRIETA,31.302024,-109.534927,CONECTADA,0.95,"31.3103, -109.53725",0,NIVEL 2 (MEDIO),,,,
42,ESCUELAS,J.JESUS GARCIA RUIZ,AGUA PRIETA,AGUA PRIETA,31.325833,-109.548889,CONECTADA,0.21,"31.327, -109.54715",1,NIVEL 1 (BAJO),,,,
43,ESCUELAS,TRIBU GUARIJIO NUM. 2,QUIRIEGO,LOS BAJIOS (EJIDO LOS CONEJOS),27.673333,-108.991389,SIN CONEXION,27.58,"27.545293, -109.231119",0,NIVEL 3 (ALTO),,,,
44,ESCUELAS,TRIBU PAPAGO,GENERAL PLUTARCO ELIAS CALLES,QUITOVAC,31.515278,-112.751111,SIN CONEXION,39.28,"31.856907, -112.856682",0,NIVEL 3 (ALTO),,,,
45,ESCUELAS,GUADALUPE VICTORIA,YECORA,MAYCOBA,28.392778,-108.66,SIN CONEXION,26.09,"28.37264, -108.925702",0,NIVEL 3 (ALTO),,,,
46,ESCUELAS,MARIA EVA OLIVARRIA TANORI,AGUA PRIETA,AGUA PRIETA,31.301781,-109.553677,SIN CONEXION,1.05,"31.30943, -109.5601",0,NIVEL 3 (ALTO),,,,
47,ESCUELAS,FLORENTINO JAIME QUIJADA,AGUA PRIETA,AGUA PRIETA,31.298123,-109.534454,SIN CONEXION,1.38,"31.3103, -109.53725",0,NIVEL 3 (ALTO),,,,
48,ESCUELAS,MARIA JESUS GRACIA LOPEZ,AGUA PRIETA,AGUA PRIETA,31.29846,-109.560587,SIN CONEXION,1.22,"31.30943, -109.5601",0,NIVEL 3 (ALTO),,,,
1249,ESCUELAS,TELESECUNDARIA 368,ETCHOJOA,GUAYPARIN,26.966667,-109.646944,CONECTADA,1.55,"26.979011, -109.654255",0,NIVEL 2 (MEDIO),,,,
50,ESCUELAS,JOSEFA ORTIZ DE DOMINGUEZ,AGUA PRIETA,AGUA PRIETA,31.329607,-109.56009,CONECTADA,1.18,"31.31913889, -109.5580556",0,NIVEL 2 (MEDIO),,,,
51,ESCUELAS,JOSE MA MORELOS,AGUA PRIETA,COLONIA MORELOS,30.826944,-109.223611,SIN CONEXION,33.75,"30.894625, -109.568311",0,NIVEL 3 (ALTO),,,,
52,ESCUELAS,MARGARITA MAZA DE JUAREZ,AGUA PRIETA,AGUA PRIETA,31.331568,-109.539653,CONECTADA,0.87,"31.327, -109.54715",0,NIVEL 2 (MEDIO),,,,
53,ESCUELAS,PROF. ARMANDO ACUNA RIVERA,AGUA PRIETA,AGUA PRIETA,31.310675,-109.533377,CONECTADA,0.16,"31.311738, -109.534488",0,NIVEL 2 (MEDIO),,,,
54,ESCUELAS,MANUEL COSME GUERRERO LOPEZ,AGUA PRIETA,AGUA PRIETA,31.325833,-109.548889,CONECTADA,0.21,"31.327, -109.54715",0,NIVEL 2 (MEDIO),,,,
55,ESCUELAS,IEP 7 CORONEL J. CRUZ GALVEZ,HERMOSILLO,HERMOSILLO,29.095706,-110.95042,CONECTADA,2.25,"29.07631845, -110.9570658",0,NIVEL 2 (MEDIO),,,,
1337,ESCUELAS,ESCUELA SECUNDARIA TECNICA NUM. 27,ALAMOS,SAN BERNARDO,27.400833,-108.845833,CONECTADA,21.61,"27.21055, -108.89006",0,NIVEL 2 (MEDIO),,,,
57,ESCUELAS,TELESECUNDARIA 324,AGUA PRIETA,EL RUSBAYO,31.010041,-109.286518,CONECTADA,29.78,"30.894625, -109.568311",1,NIVEL 1 (BAJO),,,,
58,ESCUELAS,CAM DR JESUS MARTINEZ OCHOA,NOGALES,HEROICA NOGALES,31.318611,-110.945833,SIN CONEXION,0.28,"31.316111, -110.945833",0,NIVEL 3 (ALTO),,,,
59,ESCUELAS,BENITO JUAREZ,ALAMOS,LOS CAMOTES (SAN JOSE DEL PALMAR),27.274722,-108.836667,SIN CONEXION,8.88,"27.21055, -108.89006",0,NIVEL 3 (ALTO),,,,
60,ESCUELAS,LA MANZANITA,ALAMOS,HUICOCHIC,27.319444,-108.63,SIN CONEXION,28.41,"27.21055, -108.89006",0,NIVEL 3 (ALTO),,,,
61,ESCUELAS,HNOS FLORES MAGON,ALAMOS,COCHIBAMPO,27.172778,-108.825278,SIN CONEXION,7.66,"27.21055, -108.89006",0,NIVEL 3 (ALTO),,,,
62,ESCUELAS,EL ARBOLITO,ALAMOS,NAHUIBAMPO,27.376645,-108.905615,SIN CONEXION,18.53,"27.21055, -108.89006",0,NIVEL 3 (ALTO),,,,
1350,ESCUELAS,JOSE MARIA MATUZ FLORES,GUAYMAS,RAHUM,27.641389,-110.452778,CONECTADA,3.88,"27.625629, -110.417627",0,NIVEL 2 (MEDIO),,,,
64,ESCUELAS,LA PRESITA,ALAMOS,EL MOCUZARIT (CONICARIT),27.215,-109.096667,SIN CONEXION,0.21,"27.215093, -109.094535",0,NIVEL 3 (ALTO),,,,
65,ESCUELAS,EL ARROYITO,ALAMOS,EL MAQUIPO,26.724167,-108.716389,SIN CONEXION,16.17,"26.66351, -108.864288",0,NIVEL 3 (ALTO),,,,
66,ESCUELAS,EL JACALITO,ALAMOS,SAN BERNARDO,27.400833,-108.845833,SIN CONEXION,21.61,"27.21055, -108.89006",0,NIVEL 3 (ALTO),,,,
67,ESCUELAS,EL PAJARITO,ALAMOS,LOS TANQUES,27.210556,-108.895,SIN CONEXION,0.49,"27.21055, -108.89006",0,NIVEL 3 (ALTO),,,,
1354,ESCUELAS,LAZARO CARDENAS,GUAYMAS,CARDENAS,27.624444,-110.233889,CONECTADA,5.12,"27.57877, -110.22728",0,NIVEL 2 (MEDIO),,,,
69,ESCUELAS,KARY TEMARY,ALAMOS,GUAJARAY,27.604167,-108.932222,SIN CONEXION,30.18,"27.545293, -109.231119",0,NIVEL 3 (ALTO),,,,
70,ESCUELAS,LA ESTRELLITA,ALAMOS,LA ADUANA,27.0375,-109.010556,SIN CONEXION,6.51,"27.03949722, -108.9448583",0,NIVEL 3 (ALTO),,,,
71,ESCUELAS,EL RIITO,ALAMOS,MEXIQUILLO,27.350119,-108.927694,SIN CONEXION,15.96,"27.21055, -108.89006",0,NIVEL 3 (ALTO),,,,
72,ESCUELAS,LAS ESTRELLITAS,ALAMOS,MUNIHUASA,27.144722,-108.801389,SIN CONEXION,11.42,"27.21055, -108.89006",0,NIVEL 3 (ALTO),,,,
73,ESCUELAS,LA PALOMITA,ALAMOS,PROVIDENCIA,26.740833,-108.920833,SIN CONEXION,10.27,"26.66351, -108.864288",0,NIVEL 3 (ALTO),,,,
1356,ESCUELAS,CHIMAMPAC,GUAYMAS,CHUMAMPACO,27.551633,-110.184558,CONECTADA,3.48,"27.520371, -110.183333",0,NIVEL 2 (MEDIO),,,,
75,ESCUELAS,LA PRIMAVERA,ALAMOS,21 DE MARZO,26.527222,-109.073889,SIN CONEXION,0.22,"26.525942, -109.075572",0,NIVEL 3 (ALTO),,,,
76,ESCUELAS,ILI CARIT,ALAMOS,EL CHINO (SAN ANTONIO DE LOS CHINOS),26.57,-108.975556,SIN CONEXION,0.17,"26.57152, -108.97534",0,NIVEL 3 (ALTO),,,,
77,ESCUELAS,ILI TETA SIARI,ALAMOS,NUEVO PIEDRAS VERDES,27.113701,-108.993502,SIN CONEXION,9.55,"27.03949722, -108.9448583",0,NIVEL 3 (ALTO),,,,
78,ESCUELAS,LOS CERRITOS,ALAMOS,EL ZAPOTE,26.780278,-108.686944,SIN CONEXION,21.88,"26.66351, -108.864288",0,NIVEL 3 (ALTO),,,,
79,ESCUELAS,LA VAQUITA,ALAMOS,LA QUINTERA,26.751667,-108.722222,SIN CONEXION,17.18,"26.66351, -108.864288",0,NIVEL 3 (ALTO),,,,
80,ESCUELAS,ILI BATWE,ALAMOS,MESA COLORADA,27.571436,-108.865089,SIN CONEXION,36.2,"27.545293, -109.231119",0,NIVEL 3 (ALTO),,,,
1444,ESCUELAS,TELESECUNDARIA 287,GUAYMAS,TORIM,27.578611,-110.229167,CONECTADA,0.19,"27.57877, -110.22728",0,NIVEL 2 (MEDIO),,,,
2012,ESCUELAS,BARTOLOME DE LAS CASAS,HUATABAMPO,TOROCOBAMPO,26.431667,-109.056944,CONECTADA,2.6,"26.427719, -109.031198",0,NIVEL 2 (MEDIO),,,,
2065,ESCUELAS,GUADALUPE VICTORIA,HUATABAMPO,GUADALUPE VICTORIA,26.554444,-109.1125,CONECTADA,0.24,"26.553225, -109.114548",0,NIVEL 2 (MEDIO),,,,
84,ESCUELAS,ADRIAN SALAS MADERA,ALAMOS,ALAMOS,27.030651,-108.945409,CONECTADA,0.99,"27.03949722, -108.9448583",0,NIVEL 2 (MEDIO),,,,
2091,ESCUELAS,TELESECUNDARIA 115,HUATABAMPO,MAYO FUERTE,26.406389,-109.025278,CONECTADA,2.44,"26.427719, -109.031198",0,NIVEL 2 (MEDIO),,,,
86,ESCUELAS,FERNANDO DEL PASO,ALAMOS,SAN BERNARDO,27.400833,-108.845833,SIN CONEXION,21.61,"27.21055, -108.89006",0,NIVEL 3 (ALTO),,,,
87,ESCUELAS,NARCIZO BASSOLS,ALAMOS,ALAMOS,27.030538,-108.932264,CONECTADA,1.11,"27.021836, -108.937803",1,NIVEL 1 (BAJO),,,,
110,ESCUELAS,ROBERTO F ALMADA,ALAMOS,LOS MUERTOS,26.741667,-108.908333,SIN CONEXION,9.73,"26.66351, -108.864288",0,NIVEL 3 (ALTO),,,,
88,ESCUELAS,BALDOMERO CORRAL ALVAREZ,ALAMOS,ALAMOS,27.018228,-108.935788,CONECTADA,0.45,"27.021836, -108.937803",1,NIVEL 1 (BAJO),,,,
2123,ESCUELAS,MANUEL AVILA CAMACHO,IMURIS,LAS VIGUITAS,30.8125,-110.846667,CONECTADA,2.12,"30.793453, -110.846086",0,NIVEL 2 (MEDIO),,,,
90,ESCUELAS,NETZAHUALCOYOTL,ALAMOS,CHORIJOA,27.466667,-108.870833,SIN CONEXION,28.54,"27.21055, -108.89006",0,NIVEL 3 (ALTO),,,,
2159,ESCUELAS,EMILIANO ZAPATA,MAGDALENA,SAN LORENZO,30.612983,-111.031458,CONECTADA,5.51,"30.632581, -110.978589",0,NIVEL 2 (MEDIO),,,,
92,ESCUELAS,GENERAL LAZARO CARDENAS DEL RIO,ALAMOS,VADO CUATE,27.338889,-108.911667,SIN CONEXION,14.43,"27.21055, -108.89006",0,NIVEL 3 (ALTO),,,,
93,ESCUELAS,DIEGO RIVERA,ALAMOS,EL PASO,26.673889,-108.820556,SIN CONEXION,4.5,"26.66351, -108.864288",0,NIVEL 3 (ALTO),,,,
94,ESCUELAS,FRANCISCO JAVIER MINA,ALAMOS,GUAJARAY,27.604167,-108.932222,SIN CONEXION,30.18,"27.545293, -109.231119",0,NIVEL 3 (ALTO),,,,
95,ESCUELAS,16 DE SEPTIEMBRE,ALAMOS,BURAPACO,27.560278,-108.8825,SIN CONEXION,34.41,"27.545293, -109.231119",0,NIVEL 3 (ALTO),,,,
2162,ESCUELAS,GABINO BARREDA,MAGDALENA,GUTIERREZ (LA CEBOLLA),30.758056,-111.144722,CONECTADA,21.14,"30.632581, -110.978589",0,NIVEL 2 (MEDIO),,,,
97,ESCUELAS,PRIMARIA NUEVA CREACION SAN JOSE GUARIJIO,ALAMOS,MASCURAGŠI,27.3881,-108.8357,SIN CONEXION,20.46,"27.21055, -108.89006",0,NIVEL 3 (ALTO),,,,
98,ESCUELAS,EMILIANO ZAPATA,ALAMOS,SAN BERNARDO,27.400833,-108.845833,SIN CONEXION,21.61,"27.21055, -108.89006",0,NIVEL 3 (ALTO),,,,
115,ESCUELAS,AQUILES SERDAN,ALAMOS,LA LABOR DE SANTA LUCIA (EL MEZQUITAL),26.908889,-108.840278,SIN CONEXION,15.85,"27.021836, -108.937803",0,NIVEL 3 (ALTO),,,,
103,ESCUELAS,ESCUELA PRIMARIA NUEVA CREACION,ALAMOS,MOCHIBAMPO,27.550044,-108.859331,CONECTADA,36.07,"27.396111, -109.181111",0,NIVEL 2 (MEDIO),,,,
100,ESCUELAS,FRANCISCO I. MADERO,ALAMOS,LOS ESTRADOS,27.563889,-108.947222,SIN CONEXION,28.06,"27.545293, -109.231119",0,NIVEL 3 (ALTO),,,,
101,ESCUELAS,ESCUELA PRIMARIA NUEVA CREACION,ALAMOS,SAN BERNARDO,27.400833,-108.845833,SIN CONEXION,21.61,"27.21055, -108.89006",0,NIVEL 3 (ALTO),,,,
102,ESCUELAS,ESCUELA PRIMARIA NUEVA CREACION,ALAMOS,EL SALADO,26.636111,-108.8,SIN CONEXION,7.08,"26.66351, -108.864288",0,NIVEL 3 (ALTO),,,,
106,ESCUELAS,ESCUELA PRIMARIA NUEVA CREACION,ALAMOS,MACOYAHUI,27.323056,-108.918056,CONECTADA,12.81,"27.21055, -108.89006",0,NIVEL 2 (MEDIO),,,,
105,ESCUELAS,ESCUELA PRIMARIA NUEVA CREACION,ALAMOS,NAHUIBAMPO,27.376645,-108.905615,SIN CONEXION,18.53,"27.21055, -108.89006",0,NIVEL 3 (ALTO),,,,
107,ESCUELAS,ESCUELA PRIMARIA NUEVA CREACION,ALAMOS,RANCHERIAS,26.826721,-108.911445,SIN CONEXION,11.35,"26.793755, -109.019689",0,NIVEL 3 (ALTO),,,,
108,ESCUELAS,IGNACIO ZARAGOZA,ALAMOS,COCHIBAMPO,27.172778,-108.825278,SIN CONEXION,7.66,"27.21055, -108.89006",0,NIVEL 3 (ALTO),,,,
111,ESCUELAS,VASCO DE QUIROGA,BACOACHI,UNAMICHI,30.673333,-109.983333,SIN CONEXION,4.76,"30.632433, -109.968483",0,NIVEL 3 (ALTO),,,,
2163,ESCUELAS,NIÑOS HEROES,MAGDALENA,LA BEDOLLA (LA MESA DE BEDOLLA),30.6675,-110.947222,CONECTADA,2.94,"30.67032222, -110.9166611",0,NIVEL 2 (MEDIO),,,,
113,ESCUELAS,PROF. ALBERTO GUTIERREZ,ALAMOS,AGUA CALIENTE DE ANTERO (AGUA CALIENTE),26.886893,-108.635466,SIN CONEXION,32.56,"27.051389, -108.907306",0,NIVEL 3 (ALTO),,,,
114,ESCUELAS,REVOLUCION,ALAMOS,ALAMOS,27.029224,-108.938783,CONECTADA,0.83,"27.021836, -108.937803",0,NIVEL 2 (MEDIO),,,,
116,ESCUELAS,AGUSTIN MELGAR,ALAMOS,COROGŠI,27.370518,-108.698471,SIN CONEXION,25.98,"27.21055, -108.89006",0,NIVEL 3 (ALTO),,,,
2314,ESCUELAS,JAIME NUNO,NAVOJOA,JUSIBAMPO,27.341944,-109.425,CONECTADA,24.23,"27.127718, -109.469734",0,NIVEL 2 (MEDIO),,,,
2347,ESCUELAS,JOSE MA MORELOS Y PAVON,NAVOJOA,TEACHIVE,26.781667,-109.230833,CONECTADA,0.55,"26.785231, -109.234619",0,NIVEL 2 (MEDIO),,,,
119,ESCUELAS,IGNACIO ZARAGOZA,ALAMOS,SAHUARIVO,27.328889,-108.661944,SIN CONEXION,26.11,"27.21055, -108.89006",0,NIVEL 3 (ALTO),,,,
2634,ESCUELAS,TELESECUNDARIA 329,QUIRIEGO,LOS BAJIOS (EJIDO LOS CONEJOS),27.673333,-108.991389,CONECTADA,27.58,"27.545293, -109.231119",0,NIVEL 2 (MEDIO),,,,
150,ESCUELAS,EMILIANO ZAPATA,ALAMOS,EL MAQUIPO,26.724167,-108.716389,SIN CONEXION,16.17,"26.66351, -108.864288",0,NIVEL 3 (ALTO),,,,
2849,ESCUELAS,FLAVIA GALLEGOS PERALTA,SANTA ANA,LA CARLEÑA,30.484722,-111.175833,CONECTADA,4.52,"30.45145, -111.20288",0,NIVEL 2 (MEDIO),,,,
122,ESCUELAS,PLAN DE AYALA,ALAMOS,LA CIENEGUITA,26.865278,-108.610556,SIN CONEXION,33.73,"26.66351, -108.864288",0,NIVEL 3 (ALTO),,,,
123,ESCUELAS,LIC. ADOLFO LOPEZ MATEOS,ALAMOS,PROVIDENCIA,26.740833,-108.920833,SIN CONEXION,10.27,"26.66351, -108.864288",0,NIVEL 3 (ALTO),,,,
124,ESCUELAS,INDEPENDENCIA Y LIBERTAD,ALAMOS,EL CAJON DEL SABINO (EL CAJON),26.851944,-108.706111,SIN CONEXION,26.19,"26.66351, -108.864288",0,NIVEL 3 (ALTO),,,,
126,ESCUELAS,FRANCISCO I. MADERO,ALAMOS,TOJIBAMPO,26.822222,-108.971944,SIN CONEXION,5.7,"26.793755, -109.019689",0,NIVEL 3 (ALTO),,,,
1095,ESCUELAS,ESCUELA SECUNDARIA TECNICA NUM. 14,ARIVECHI,ARIVECHI,28.929908,-109.189588,CONECTADA,0.27,"28.92847, -109.18732",0,NIVEL 2 (MEDIO),,,,
133,ESCUELAS,MOISES SAENZ,ALAMOS,EL ZAPOTE,26.780278,-108.686944,CONECTADA,21.88,"26.66351, -108.864288",1,NIVEL 1 (BAJO),,,,
136,ESCUELAS,GENERAL ANTONIO ROSALES,ALAMOS,BABOYAGUI,26.959722,-108.587222,SIN CONEXION,33.31,"27.051389, -108.907306",0,NIVEL 3 (ALTO),,,,
137,ESCUELAS,QUINTANA ROO,ALAMOS,POTRERO DE ALCANTAR,26.803788,-108.755658,CONECTADA,18.97,"26.66351, -108.864288",1,NIVEL 1 (BAJO),,,,
139,ESCUELAS,OTHON ALMADA,ALAMOS,LA QUINTERA,26.751667,-108.722222,CONECTADA,17.18,"26.66351, -108.864288",1,NIVEL 1 (BAJO),,,,
151,ESCUELAS,SANTOS DEGOLLADO,ALAMOS,EL GUAMUCHIL,26.789444,-108.597778,SIN CONEXION,29.94,"26.66351, -108.864288",0,NIVEL 3 (ALTO),,,,
146,ESCUELAS,LIC. MIGUEL ALEMAN,ALAMOS,EL CHINO (SAN ANTONIO DE LOS CHINOS),26.57,-108.975556,CONECTADA,0.17,"26.57152, -108.97534",0,NIVEL 2 (MEDIO),,,,
142,ESCUELAS,ALVARO OBREGON,BAVIACORA,SAN JOSE (SAN JOSE DE BAVIACORA),29.745278,-110.184167,SIN CONEXION,3.82,"29.715211, -110.165078",0,NIVEL 3 (ALTO),,,,
143,ESCUELAS,ESTADO DE CHIAPAS,ALAMOS,CERRO COLORADO (EL COLORADO),26.766667,-108.823333,CONECTADA,12.17,"26.66351, -108.864288",1,NIVEL 1 (BAJO),,,,
148,ESCUELAS,JOSE MIRANDA,ALAMOS,HUIROCOBA,26.902778,-108.694167,SIN CONEXION,26.82,"27.051389, -108.907306",0,NIVEL 3 (ALTO),,,,
149,ESCUELAS,PLAN DE AYALA,ALAMOS,MEXIQUILLO,27.350119,-108.927694,SIN CONEXION,15.96,"27.21055, -108.89006",0,NIVEL 3 (ALTO),,,,
153,ESCUELAS,BENITO JUAREZ,ALAMOS,BASIROA,26.7125,-108.901667,SIN CONEXION,6.59,"26.66351, -108.864288",0,NIVEL 3 (ALTO),,,,
154,ESCUELAS,ESCUADRON 201,ALAMOS,LOS CAMOTES (SAN JOSE DEL PALMAR),27.274722,-108.836667,SIN CONEXION,8.88,"27.21055, -108.89006",0,NIVEL 3 (ALTO),,,,
155,ESCUELAS,LA CORREGIDORA,ALAMOS,EL CARRIZAL,27.075278,-109.034167,SIN CONEXION,9.7,"27.03949722, -108.9448583",0,NIVEL 3 (ALTO),,,,
156,ESCUELAS,GUADALUPE VICTORIA,ALAMOS,EL RODEO,26.922778,-108.52,SIN CONEXION,40.95,"27.051389, -108.907306",0,NIVEL 3 (ALTO),,,,
157,ESCUELAS,CENTRO DE ATENCION MULTIPLE NUM. 03,CANANEA,HEROICA CIUDAD DE CANANEA,30.994352,-110.270728,SIN CONEXION,0.69,"30.98961, -110.26602",0,NIVEL 3 (ALTO),,,,
158,ESCUELAS,CAM LA MONTAÑA,PUERTO PEÑASCO,PUERTO PEÑASCO,31.326309,-113.52814,CONECTADA,0.38,"31.32935585, -113.5298673",1,NIVEL 1 (BAJO),,,,
159,ESCUELAS,ROSAURA ZAPATA,ALAMOS,ALAMOS,27.02128,-108.928903,CONECTADA,0.88,"27.021836, -108.937803",1,NIVEL 1 (BAJO),,,,
161,ESCUELAS,JORGE NIEBLAS PINO,CABORCA,HEROICA CABORCA,30.711226,-112.138884,CONECTADA,1.09,"30.71350833, -112.1499222",0,NIVEL 2 (MEDIO),,,,
162,ESCUELAS,BARTOLOME M. SALIDO,ALAMOS,ALAMOS,27.022441,-108.933607,CONECTADA,0.42,"27.021836, -108.937803",0,NIVEL 2 (MEDIO),,,,
163,ESCUELAS,MENDIVIL,ALAMOS,EL CHINAL,26.681389,-108.701667,SIN CONEXION,16.28,"26.66351, -108.864288",0,NIVEL 3 (ALTO),,,,
231,ESCUELAS,GILBERTO R LIMON,BACADEHUACHI,BACADEHUACHI,29.809342,-109.143766,SIN CONEXION,0.12,"29.808589, -109.142825",0,NIVEL 3 (ALTO),,,,
182,ESCUELAS,TELESECUNDARIA 264,ALAMOS,MESA COLORADA,27.571436,-108.865089,CONECTADA,36.2,"27.545293, -109.231119",0,NIVEL 2 (MEDIO),,,,
185,ESCUELAS,TELESECUNDARIA 286,ALAMOS,EL CAJON DEL SABINO (EL CAJON),26.851944,-108.706111,CONECTADA,26.19,"26.66351, -108.864288",0,NIVEL 2 (MEDIO),,,,
194,ESCUELAS,EDELMIRA MENDEZ MENDEZ,ALTAR,ALTAR,30.717222,-111.840097,SIN CONEXION,1.9,"30.70384167, -111.8277278",0,NIVEL 3 (ALTO),,,,
195,ESCUELAS,MUNDO PEQUENO,ALTAR,LLANO BLANCO (RANCHO SECO),30.614167,-111.897222,SIN CONEXION,11.66,"30.70085, -111.82861",0,NIVEL 3 (ALTO),,,,
196,ESCUELAS,CRI-CRI,ALTAR,LA OTRA BANDA (COLONIA ORTIZ),30.707354,-111.82816,SIN CONEXION,0.39,"30.70384167, -111.8277278",0,NIVEL 3 (ALTO),,,,
197,ESCUELAS,LIRIOS DEL DESIERTO,ALTAR,16 DE SEPTIEMBRE,30.704722,-111.918333,SIN CONEXION,8.59,"30.70085, -111.82861",0,NIVEL 3 (ALTO),,,,
198,ESCUELAS,ESTELA MENDEZ MIRANDA,ALTAR,ALTAR,30.71912,-111.833402,SIN CONEXION,1.78,"30.70384167, -111.8277278",0,NIVEL 3 (ALTO),,,,
199,ESCUELAS,MARIA BASACA NUÑEZ,ALTAR,ALTAR,30.716733,-111.830011,SIN CONEXION,1.45,"30.70384167, -111.8277278",0,NIVEL 3 (ALTO),,,,
200,ESCUELAS,MIGUEL HIDALGO Y COSTILLA,ALTAR,16 DE SEPTIEMBRE,30.704722,-111.918333,SIN CONEXION,8.59,"30.70085, -111.82861",0,NIVEL 3 (ALTO),,,,
201,ESCUELAS,RAUL PONCE DERATT,ALTAR,ALTAR,30.72167,-111.840895,CONECTADA,2.35,"30.70384167, -111.8277278",0,NIVEL 2 (MEDIO),,,,
202,ESCUELAS,TIERRA Y LIBERTAD,ALTAR,LLANO BLANCO (RANCHO SECO),30.614167,-111.897222,SIN CONEXION,11.66,"30.70085, -111.82861",0,NIVEL 3 (ALTO),,,,
203,ESCUELAS,JOSE MARIA MORELOS Y PAVON,ALTAR,LA OTRA BANDA (COLONIA ORTIZ),30.707562,-111.8281,SIN CONEXION,0.42,"30.70384167, -111.8277278",0,NIVEL 3 (ALTO),,,,
204,ESCUELAS,GUSTAVO CABALLERO ECHEVARRIA,AGUA PRIETA,AGUA PRIETA,31.322468,-109.521334,SIN CONEXION,0.89,"31.33035, -109.522935",0,NIVEL 3 (ALTO),,,,
205,ESCUELAS,JUAN ESCUTIA,ALTAR,ALTAR,30.712085,-111.835866,SIN CONEXION,1.2,"30.70384167, -111.8277278",0,NIVEL 3 (ALTO),,,,
206,ESCUELAS,CENTRO DE ATENCION MULTIPLE NUM. 08,GUAYMAS,HEROICA GUAYMAS,27.918349,-110.919318,CONECTADA,1.83,"27.91950278, -110.9007333",1,NIVEL 1 (BAJO),,,,
207,ESCUELAS,IGNACIO MANUEL ALTAMIRANO,ALTAR,ALTAR,30.713125,-111.834728,CONECTADA,1.23,"30.70384167, -111.8277278",0,NIVEL 2 (MEDIO),,,,
209,ESCUELAS,TELESECUNDARIA 279,ALTAR,16 DE SEPTIEMBRE,30.704722,-111.918333,CONECTADA,8.59,"30.70085, -111.82861",0,NIVEL 2 (MEDIO),,,,
212,ESCUELAS,CENTRO DE ATENCION MULTIPLE NUM. 09,HUATABAMPO,HUATABAMPO,26.824646,-109.630156,CONECTADA,1.22,"26.820916667, -109.61855556",1,NIVEL 1 (BAJO),,,,
213,ESCUELAS,GABINO BARREDA,ARIVECHI,ARIVECHI,28.928502,-109.187661,CONECTADA,0.03,"28.92847, -109.18732",0,NIVEL 2 (MEDIO),,,,
215,ESCUELAS,MIGUEL HIDALGO Y COSTILLA,ARIZPE,ARIZPE,30.331918,-110.170974,CONECTADA,0.78,"30.338364, -110.167683",0,NIVEL 2 (MEDIO),,,,
216,ESCUELAS,AMADO NERVO,ARIZPE,SINOQUIPE,30.156667,-110.244722,SIN CONEXION,0.14,"30.157514, -110.245836",0,NIVEL 3 (ALTO),,,,
219,ESCUELAS,CARLOS MORENO VAZQUEZ,SAN LUIS RIO COLORADO,SAN LUIS RIO COLORADO,32.447003,-114.78196,SIN CONEXION,0.94,"32.455202, -114.779741",0,NIVEL 3 (ALTO),,,,
220,ESCUELAS,GENERAL PEDRO GARCIA CONDE,ARIZPE,ARIZPE,30.335678,-110.167592,SIN CONEXION,0.3,"30.338364, -110.167683",0,NIVEL 3 (ALTO),,,,
221,ESCUELAS,CENTRO DE ATENCION MULTIPLE NUM. 11,EMPALME,EMPALME,27.960016,-110.802725,CONECTADA,1.09,"27.959147, -110.79165",0,NIVEL 2 (MEDIO),,,,
222,ESCUELAS,GENERAL ABELARDO L RODRIGUEZ,ARIZPE,ARIZPE,30.337002,-110.165227,CONECTADA,0.28,"30.338364, -110.167683",0,NIVEL 2 (MEDIO),,,,
224,ESCUELAS,TELESECUNDARIA 90,ARIZPE,BACANUCHI,30.604722,-110.236389,CONECTADA,25.82,"30.632433, -109.968483",0,NIVEL 2 (MEDIO),,,,
226,ESCUELAS,LIC. LUIS DONALDO COLOSIO MURRIETA,ATIL,ATIL,30.843686,-111.585786,SIN CONEXION,1.02,"30.847936, -111.576303",0,NIVEL 3 (ALTO),,,,
227,ESCUELAS,IGNACIA E DE AMANTE,ATIL,ATIL,30.844355,-111.583057,CONECTADA,0.76,"30.847936, -111.576303",1,NIVEL 1 (BAJO),,,,
229,ESCUELAS,AMADO NERVO,BACADEHUACHI,BACADEHUACHI,29.811727,-109.139025,SIN CONEXION,0.37,"29.80873, -109.14072",0,NIVEL 3 (ALTO),,,,
230,ESCUELAS,CENTRO DE ATENCION MULTIPLE NUM. 12,SANTA ANA,SANTA ANA,30.540395,-111.131277,SIN CONEXION,0.38,"30.54169, -111.12766",0,NIVEL 3 (ALTO),,,,
558,ESCUELAS,ALFONSO REYES,BENITO JUAREZ,AGUA BLANCA,27.115,-109.731667,SIN CONEXION,7.77,"27.093839, -109.656901",0,NIVEL 3 (ALTO),,,,
329,ESCUELAS,FELIPE CARRILLO PUERTO,BAVIACORA,MAZOCAHUI,29.532778,-110.117778,SIN CONEXION,17.22,"29.461111, -110.275556",0,NIVEL 3 (ALTO),,,,
342,ESCUELAS,CENTRO DE ATENCION MULTIPLE NUM. 19,IMURIS,IMURIS,30.788856,-110.843466,SIN CONEXION,0.57,"30.793453, -110.846086",0,NIVEL 3 (ALTO),,,,
692,ESCUELAS,TELESECUNDARIA 361,CABORCA,ULTIMO ESFUERZO,30.79,-112.841944,CONECTADA,0.01,"30.79001, -112.84186",0,NIVEL 2 (MEDIO),,,,
693,ESCUELAS,TELESECUNDARIA 369,CABORCA,EL DIAMANTE (LA RETRANCA),30.845556,-112.639722,CONECTADA,8.3,"30.805425, -112.7130333",0,NIVEL 2 (MEDIO),,,,
559,ESCUELAS,VILLA JUAREZ,BENITO JUAREZ,VILLA JUAREZ,27.126566,-109.822422,CONECTADA,0.75,"27.128152, -109.829834",1,NIVEL 1 (BAJO),,,,
694,ESCUELAS,TELESECUNDARIA 372,CABORCA,EL COYOTE,30.824444,-112.607222,CONECTADA,10.28,"30.8041667, -112.71222",0,NIVEL 2 (MEDIO),,,,
700,ESCUELAS,VALENTIN GOMEZ FARIAS,CAJEME,CIUDAD OBREGON,27.501833,-109.94646,CONECTADA,1.5,"27.49709444, -109.9322056",0,NIVEL 2 (MEDIO),,,,
701,ESCUELAS,MOISES SAENZ,CAJEME,CIUDAD OBREGON,27.502522,-109.920862,CONECTADA,1.27,"27.49709444, -109.9322056",0,NIVEL 2 (MEDIO),,,,
702,ESCUELAS,LIBERALES DE LA REFORMA,CAJEME,CIUDAD OBREGON,27.467228,-109.947108,CONECTADA,1.87,"27.46464167, -109.9284222",0,NIVEL 2 (MEDIO),,,,
574,ESCUELAS,EFRAIN EGURROLA SALAZAR,BENITO JUAREZ,VILLA JUAREZ,27.126772,-109.843566,SIN CONEXION,1.34,"27.128213, -109.830136",0,NIVEL 3 (ALTO),,,,
490,ESCUELAS,JOSE MA MORELOS,BACANORA,BACANORA,28.98041,-109.39882,CONECTADA,0.32,"28.977583, -109.399342",0,NIVEL 2 (MEDIO),,,,
492,ESCUELAS,IGNACIO ZARAGOZA,BACERAC,BACERAC,30.357562,-108.933576,SIN CONEXION,0.4,"30.360799, -108.93182",0,NIVEL 3 (ALTO),,,,
493,ESCUELAS,CENTRO DE ATENCION MULTIPLE NUM. 13,NACOZARI DE GARCIA,NACOZARI DE GARCIA,30.373577,-109.686245,SIN CONEXION,0.19,"30.37529, -109.68584",0,NIVEL 3 (ALTO),,,,
494,ESCUELAS,BENITO JUAREZ,BACERAC,BACERAC,30.356607,-108.931689,CONECTADA,0.37,"30.356653, -108.927858",0,NIVEL 2 (MEDIO),,,,
495,ESCUELAS,IGNACIO TATO,BACOACHI,BACOACHI,30.633636,-109.970661,CONECTADA,0.25,"30.632433, -109.968483",1,NIVEL 1 (BAJO),,,,
497,ESCUELAS,BATACONCICA,BACUM,BATACONCICA (MUSEO CHOPOCUNI),27.559167,-110.129444,CONECTADA,4.4,"27.5551, -110.085",0,NIVEL 2 (MEDIO),,,,
498,ESCUELAS,JESUS GARCIA,BACUM,LOMA DE BACUM,27.5875,-110.085278,CONECTADA,3.6,"27.5551, -110.085",0,NIVEL 2 (MEDIO),,,,
499,ESCUELAS,GOBERNADOR JESUS VALENZUELA,BACUM,LOMA DE BACUM,27.5875,-110.085278,CONECTADA,3.6,"27.5551, -110.085",0,NIVEL 2 (MEDIO),,,,
500,ESCUELAS,PULGARCITO,BACUM,EL JUVANI,27.525603,-110.12047,CONECTADA,3.09,"27.498163, -110.115354",1,NIVEL 1 (BAJO),,,,
501,ESCUELAS,JARDIN DE NIÑOS NUEVA CREACION,BACUM,BACUM,27.551111,-110.083056,CONECTADA,0.14,"27.54989167, -110.083075",0,NIVEL 2 (MEDIO),,,,
504,ESCUELAS,U-ILI-JAQUIA,BENITO JUAREZ,PAREDON COLORADO (PAREDON VIEJO),27.078783,-109.934484,SIN CONEXION,2.08,"27.079185, -109.913514",0,NIVEL 3 (ALTO),,,,
505,ESCUELAS,GALILEO GALLILLEI,BACUM,PRIMERO DE MAYO (CAMPO 77),27.388611,-110.121667,CONECTADA,7.78,"27.45816, -110.11326",1,NIVEL 1 (BAJO),,,,
506,ESCUELAS,PAULO FREIRE,BACUM,MIGUEL ALEMAN (LA NORIA),27.5,-110.114167,CONECTADA,0.24,"27.498163, -110.115354",0,NIVEL 2 (MEDIO),,,,
595,ESCUELAS,PARAISO INFANTIL,CABORCA,HEROICA CABORCA,30.707763,-112.141819,CONECTADA,1,"30.71350833, -112.1499222",0,NIVEL 2 (MEDIO),,,,
508,ESCUELAS,IGNACIO LOPEZ RAYON,BACUM,ATOTONILCO,27.306667,-110.171389,CONECTADA,0.16,"27.305907, -110.172749",1,NIVEL 1 (BAJO),,,,
509,ESCUELAS,PADRE DE LAS CASAS,BACUM,BATACONCICA (MUSEO CHOPOCUNI),27.559167,-110.129444,CONECTADA,4.4,"27.5551, -110.085",0,NIVEL 2 (MEDIO),,,,
510,ESCUELAS,JOSE MARIA LEYVA CAJEME,BACUM,LA BOMBA (JUAN MALDONADO TETABIATE),27.56516,-110.083028,CONECTADA,1.14,"27.5551, -110.085",0,NIVEL 2 (MEDIO),,,,
513,ESCUELAS,FRANCISCO VILLA,BACUM,VILLA GUADALUPE,27.211111,-110.131111,SIN CONEXION,11.04,"27.243481, -110.236694",0,NIVEL 3 (ALTO),,,,
514,ESCUELAS,LA BALSA,BENITO JUAREZ,PAREDONCITO,27.056944,-109.912778,SIN CONEXION,2.47,"27.079185, -109.913514",0,NIVEL 3 (ALTO),,,,
515,ESCUELAS,LIC. ADOLFO LOPEZ MATEOS,BACUM,EL JUVANI,27.525603,-110.12047,CONECTADA,3.09,"27.498163, -110.115354",1,NIVEL 1 (BAJO),,,,
516,ESCUELAS,PRIMERO DE MAYO,BACUM,PRIMERO DE MAYO (CAMPO 77),27.388611,-110.121667,CONECTADA,7.78,"27.45816, -110.11326",1,NIVEL 1 (BAJO),,,,
517,ESCUELAS,AQUILES SERDAN,BACUM,FRANCISCO JAVIER MINA (CAMPO 60),27.46145,-110.10319,CONECTADA,1.06,"27.45816, -110.11326",0,NIVEL 2 (MEDIO),,,,
518,ESCUELAS,AMADO NERVO,BACUM,FRANCISCO JAVIER MINA (CAMPO 60),27.460053,-110.113836,CONECTADA,0.22,"27.45816, -110.11326",0,NIVEL 2 (MEDIO),,,,
520,ESCUELAS,MIGUEL HIDALGO,BACUM,LOMA DE BACUM,27.5875,-110.085278,CONECTADA,3.6,"27.5551, -110.085",0,NIVEL 2 (MEDIO),,,,
521,ESCUELAS,PRESIDENTE CARDENAS,BACUM,INDEPENDENCIA (CAMPO 104),27.360556,-110.161111,CONECTADA,5.03,"27.370639, -110.210761",1,NIVEL 1 (BAJO),,,,
522,ESCUELAS,JOSE MARIA MORELOS,BACUM,SANTA TERESA,27.548889,-110.020278,CONECTADA,6.19,"27.54989167, -110.083075",0,NIVEL 2 (MEDIO),,,,
523,ESCUELAS,PRESIDENTE MIGUEL ALEMAN,BACUM,MIGUEL ALEMAN (LA NORIA),27.5,-110.114167,CONECTADA,0.24,"27.498163, -110.115354",0,NIVEL 2 (MEDIO),,,,
524,ESCUELAS,LA GOTITA,BENITO JUAREZ,ACEITUNITAS (SUBE Y BAJA),27.079204,-109.912528,SIN CONEXION,0.1,"27.079185, -109.913514",0,NIVEL 3 (ALTO),,,,
525,ESCUELAS,CENTRO DE ATENCION MULTIPLE NUM. 15,HERMOSILLO,HERMOSILLO,29.120711,-110.959035,CONECTADA,3.35,"29.11026111, -110.9913861",1,NIVEL 1 (BAJO),,,,
596,ESCUELAS,LOS GIRASOLES,CABORCA,SANTA EDUWIGES (LA CACHORA),30.771377,-112.527479,SIN CONEXION,11.83,"30.705106, -112.430622",0,NIVEL 3 (ALTO),,,,
526,ESCUELAS,CENTRO DE ATENCION MULTIPLE NUM. 17,BENITO JUAREZ,VILLA JUAREZ,27.129985,-109.840532,CONECTADA,1.05,"27.128213, -109.830136",1,NIVEL 1 (BAJO),,,,
527,ESCUELAS,ELENA TORRES CUELLAR,BACUM,FRANCISCO JAVIER MINA (CAMPO 60),27.460909,-110.103376,CONECTADA,1.02,"27.45816, -110.11326",0,NIVEL 2 (MEDIO),,,,
528,ESCUELAS,ANA MARIA CASTRO SERRANO,BACUM,FRANCISCO JAVIER MINA (CAMPO 60),27.466305,-110.11588,CONECTADA,0.94,"27.45816, -110.11326",0,NIVEL 2 (MEDIO),,,,
532,ESCUELAS,TELESECUNDARIA 13,BACUM,PRIMERO DE MAYO (CAMPO 77),27.388611,-110.121667,CONECTADA,7.78,"27.45816, -110.11326",1,NIVEL 1 (BAJO),,,,
533,ESCUELAS,TELESECUNDARIA 21,BACUM,ATOTONILCO,27.306667,-110.171389,CONECTADA,0.16,"27.305907, -110.172749",1,NIVEL 1 (BAJO),,,,
534,ESCUELAS,TELESECUNDARIA 146,BACUM,LOMA DE BACUM,27.5875,-110.085278,CONECTADA,3.6,"27.5551, -110.085",0,NIVEL 2 (MEDIO),,,,
535,ESCUELAS,TELESECUNDARIA 148,BACUM,INDEPENDENCIA (CAMPO 104),27.360556,-110.161111,CONECTADA,5.03,"27.370639, -110.210761",1,NIVEL 1 (BAJO),,,,
537,ESCUELAS,LEY 6 DE ENERO DE 1915,BANAMICHI,LA MORA,29.975736,-110.204171,SIN CONEXION,3.74,"30.007164, -110.218019",0,NIVEL 3 (ALTO),,,,
538,ESCUELAS,ADELINA LOPEZ FELIX,BANAMICHI,BANAMICHI,30.005198,-110.216177,CONECTADA,0.28,"30.007164, -110.218019",0,NIVEL 2 (MEDIO),,,,
539,ESCUELAS,JOSE ANTONIO VILLA,BANAMICHI,BANAMICHI,30.007923,-110.215537,CONECTADA,0.25,"30.007164, -110.218019",0,NIVEL 2 (MEDIO),,,,
540,ESCUELAS,TELESECUNDARIA 238,BANAMICHI,BANAMICHI,30.011635,-110.213134,CONECTADA,0.52,"30.0159899999999, -110.21513",0,NIVEL 2 (MEDIO),,,,
541,ESCUELAS,MARGARITA MAZA DE JUAREZ,BAVIACORA,BAVIACORA,29.710051,-110.163962,SIN CONEXION,0.48,"29.7141899999999, -110.16544",0,NIVEL 3 (ALTO),,,,
542,ESCUELAS,CUITLAHUAC,BAVIACORA,BAVIACORA,29.710003,-110.161918,CONECTADA,0.58,"29.7141899999999, -110.16544",0,NIVEL 2 (MEDIO),,,,
544,ESCUELAS,ADELA PAZ CORDOVA,BAVIACORA,BAVIACORA,29.714918,-110.163461,CONECTADA,0.16,"29.715211, -110.165078",0,NIVEL 2 (MEDIO),,,,
545,ESCUELAS,GENERAL ABELARDO L RODRIGUEZ,BAVIACORA,BAVIACORA,29.714345,-110.163369,CONECTADA,0.19,"29.715211, -110.165078",0,NIVEL 2 (MEDIO),,,,
553,ESCUELAS,NAVEGUEMOS JUNTOS,BENITO JUAREZ,PAREDONCITO,27.056944,-109.912778,SIN CONEXION,2.47,"27.079185, -109.913514",0,NIVEL 3 (ALTO),,,,
607,ESCUELAS,ARIA'AKI,CABORCA,ADOLFO ORIBE DE ALVA,30.935833,-113.006944,SIN CONEXION,0.47,"30.93714, -113.01164",0,NIVEL 3 (ALTO),,,,
554,ESCUELAS,JARDIN DE NIÑOS NUEVA CREACION,BENITO JUAREZ,VILLA JUAREZ,27.127937,-109.84258,CONECTADA,1.23,"27.128213, -109.830136",1,NIVEL 1 (BAJO),,,,
555,ESCUELAS,JARDIN DE NIÑOS NUEVA CREACION,BENITO JUAREZ,PAREDONCITO,27.056944,-109.912778,SIN CONEXION,2.47,"27.079185, -109.913514",0,NIVEL 3 (ALTO),,,,
556,ESCUELAS,FRANCISCO MARQUEZ,BENITO JUAREZ,VILLA JUAREZ,27.130008,-109.840118,CONECTADA,1.01,"27.128213, -109.830136",1,NIVEL 1 (BAJO),,,,
557,ESCUELAS,PIPILA,BENITO JUAREZ,JECOPACO,27.198333,-109.768056,SIN CONEXION,6.71,"27.258411, -109.761846",0,NIVEL 3 (ALTO),,,,
560,ESCUELAS,MARIA DE MAEZTU,BENITO JUAREZ,VILLA JUAREZ,27.129117,-109.828709,CONECTADA,0.15,"27.128152, -109.829834",1,NIVEL 1 (BAJO),,,,
561,ESCUELAS,CONSUELO VALENZUELA DE EGURROLA,BENITO JUAREZ,VILLA JUAREZ,27.129484,-109.852522,CONECTADA,2.22,"27.128213, -109.830136",1,NIVEL 1 (BAJO),,,,
562,ESCUELAS,CENTRO DE ATENCION MULTIPLE NUM. 20,HERMOSILLO,HERMOSILLO,29.0011499,-110.9465611,CONECTADA,1.36,"29.008651, -110.935527",1,NIVEL 1 (BAJO),,,,
563,ESCUELAS,MARIA DEL CARMEN MONTEVERDE DE D'GYVES,BENJAMIN HILL,BENJAMIN HILL,30.16801,-111.119404,SIN CONEXION,0.16,"30.167956, -111.117789",0,NIVEL 3 (ALTO),,,,
565,ESCUELAS,AQUILES SERDAN,BENITO JUAREZ,VILLA JUAREZ,27.126539,-109.824091,CONECTADA,0.6,"27.128152, -109.829834",0,NIVEL 2 (MEDIO),,,,
566,ESCUELAS,HEROES DE CHAPULTEPEC,BENITO JUAREZ,AGUA BLANCA,27.115,-109.731667,SIN CONEXION,7.77,"27.093839, -109.656901",0,NIVEL 3 (ALTO),,,,
567,ESCUELAS,JOSE MA MORELOS,BENITO JUAREZ,VILLA JUAREZ,27.126706,-109.843566,CONECTADA,1.34,"27.128213, -109.830136",0,NIVEL 2 (MEDIO),,,,
569,ESCUELAS,ALVARO OBREGON,BENITO JUAREZ,PAREDON COLORADO (PAREDON VIEJO),27.078943,-109.934701,SIN CONEXION,2.1,"27.079185, -109.913514",0,NIVEL 3 (ALTO),,,,
570,ESCUELAS,MARGARITA MAZA DE JUAREZ,BENITO JUAREZ,VILLA JUAREZ,27.126774,-109.841765,CONECTADA,1.16,"27.128213, -109.830136",0,NIVEL 2 (MEDIO),,,,
564,ESCUELAS,CUAUHTEMOC,BENITO JUAREZ,ACEITUNITAS (SUBE Y BAJA),27.079204,-109.912528,CONECTADA,0.1,"27.079185, -109.913514",0,NIVEL 2 (MEDIO),,,,
572,ESCUELAS,MARIANO MATAMOROS,BENITO JUAREZ,PAREDONCITO,27.056944,-109.912778,SIN CONEXION,2.47,"27.079185, -109.913514",0,NIVEL 3 (ALTO),,,,
573,ESCUELAS,JOSEFA ORTIZ DE DOMINGUEZ,BENITO JUAREZ,JECOPACO,27.198333,-109.768056,SIN CONEXION,6.71,"27.258411, -109.761846",0,NIVEL 3 (ALTO),,,,
575,ESCUELAS,CENTRO DE ATENCION MULTIPLE NUM. 25,CAJEME,CIUDAD OBREGON,27.490257,-109.965733,CONECTADA,1.29,"27.4836, -109.955",1,NIVEL 1 (BAJO),,,,
576,ESCUELAS,CENTRO DE ATENCION MULTIPLE NUM. 29,HERMOSILLO,HERMOSILLO,29.084525,-110.987829,CONECTADA,1.43,"29.09152931, -110.9754964",1,NIVEL 1 (BAJO),,,,
577,ESCUELAS,BENITO JUAREZ,BENITO JUAREZ,VILLA JUAREZ,27.132614,-109.839557,CONECTADA,1.05,"27.128213, -109.830136",0,NIVEL 2 (MEDIO),,,,
578,ESCUELAS,CENTRO DE ATENCION MULTIPLE NUM. 32,NAVOJOA,NAVOJOA,26.841667,-109.484722,SIN CONEXION,5.46,"26.878814, -109.448692",0,NIVEL 3 (ALTO),,,,
579,ESCUELAS,CENTRO DE ATENCION MULTIPLE NUM. 36,CAJEME,CIUDAD OBREGON,27.489928,-109.966633,CONECTADA,1.35,"27.4836, -109.955",1,NIVEL 1 (BAJO),,,,
580,ESCUELAS,TELESECUNDARIA 135,BENITO JUAREZ,AGUA BLANCA,27.115,-109.731667,SIN CONEXION,7.77,"27.093839, -109.656901",0,NIVEL 3 (ALTO),,,,
581,ESCUELAS,TELESECUNDARIA 277,BENITO JUAREZ,BATEVITO (COLONIA IRRIGACION),27.116389,-109.8725,CONECTADA,0.11,"27.11621, -109.87359",1,NIVEL 1 (BAJO),,,,
582,ESCUELAS,PORVENIR,BENJAMIN HILL,BENJAMIN HILL,30.173802,-111.115903,SIN CONEXION,0.67,"30.167956, -111.117789",0,NIVEL 3 (ALTO),,,,
583,ESCUELAS,BENJAMIN HILL,BENJAMIN HILL,BENJAMIN HILL,30.173128,-111.107398,SIN CONEXION,0.76,"30.17355, -111.09948",0,NIVEL 3 (ALTO),,,,
584,ESCUELAS,ARI,BENJAMIN HILL,BENJAMIN HILL,30.163502,-111.118759,SIN CONEXION,0.5,"30.167956, -111.117789",0,NIVEL 3 (ALTO),,,,
608,ESCUELAS,PERLA DEL MAR,CABORCA,DESEMBOQUE,30.568333,-113.006667,SIN CONEXION,19.21,"30.7359175, -112.958025",0,NIVEL 3 (ALTO),,,,
585,ESCUELAS,CENTRO DE ATENCION MULTIPLE NUM. 37,NAVOJOA,NAVOJOA,27.073729,-109.436819,CONECTADA,0.74,"27.07407267, -109.42939239",1,NIVEL 1 (BAJO),,,,
586,ESCUELAS,JOSE ENRIQUE CARRASCO GUTIERREZ,SAN LUIS RIO COLORADO,INGENIERO LUIS B. SANCHEZ,32.201107,-115.000094,SIN CONEXION,1.03,"32.20119, -114.98914",0,NIVEL 3 (ALTO),,,,
587,ESCUELAS,SONORA BAJA CALIFORNIA,BENJAMIN HILL,BENJAMIN HILL,30.173827,-111.11529,CONECTADA,0.7,"30.167956, -111.117789",0,NIVEL 2 (MEDIO),,,,
588,ESCUELAS,CLUB DE LEONES 1,BENJAMIN HILL,BENJAMIN HILL,30.171406,-111.10821,CONECTADA,0.87,"30.17355, -111.09948",0,NIVEL 2 (MEDIO),,,,
589,ESCUELAS,MIGUEL HIDALGO Y COSTILLA,BENJAMIN HILL,BENJAMIN HILL,30.167796,-111.118377,CONECTADA,0.06,"30.167956, -111.117789",0,NIVEL 2 (MEDIO),,,,
590,ESCUELAS,JARDIN DE NIÑOS NUEVA CREACION,CABORCA,PLUTARCO ELIAS CALLES (LA Y GRIEGA),30.801287,-112.718796,SIN CONEXION,0.7,"30.8041667, -112.71222",0,NIVEL 3 (ALTO),,,,
591,ESCUELAS,HEROES DE CABORCA,CABORCA,HEROICA CABORCA,30.721507,-112.162557,CONECTADA,0.29,"30.72412696, -112.1621881",0,NIVEL 2 (MEDIO),,,,
592,ESCUELAS,ESTHER SOTO BOJORQUEZ,CABORCA,HEROICA CABORCA,30.704681,-112.160931,CONECTADA,0.65,"30.698854, -112.161729",0,NIVEL 2 (MEDIO),,,,
593,ESCUELAS,JOSE RUBEN ROMERO,CABORCA,ALVARO OBREGON,30.791389,-112.993333,SIN CONEXION,7.03,"30.7359175, -112.958025",0,NIVEL 3 (ALTO),,,,
594,ESCUELAS,TATI,CABORCA,PLUTARCO ELIAS CALLES (LA Y GRIEGA),30.802358,-112.715716,SIN CONEXION,0.39,"30.8041667, -112.71222",0,NIVEL 3 (ALTO),,,,
597,ESCUELAS,ALEGRIA,CABORCA,HEROICA CABORCA,30.725156,-112.171411,CONECTADA,0.89,"30.72412696, -112.1621881",0,NIVEL 2 (MEDIO),,,,
598,ESCUELAS,MUNDO FELIZ,CABORCA,HEROICA CABORCA,30.722038,-112.165263,CONECTADA,0.37,"30.72412696, -112.1621881",0,NIVEL 2 (MEDIO),,,,
599,ESCUELAS,6 DE ABRIL,CABORCA,HEROICA CABORCA,30.696786,-112.151636,CONECTADA,0.99,"30.698854, -112.161729",0,NIVEL 2 (MEDIO),,,,
600,ESCUELAS,HEROES DE CABORCA,CABORCA,HEROICA CABORCA,30.728262,-112.173271,CONECTADA,1.09,"30.727575, -112.1619417",0,NIVEL 2 (MEDIO),,,,
601,ESCUELAS,MARIANO ABASOLO,CABORCA,HEROICA CABORCA,30.710887,-112.176184,CONECTADA,0.95,"30.715511, -112.167881",0,NIVEL 2 (MEDIO),,,,
602,ESCUELAS,IGNACIO ALLENDE,CABORCA,HEROICA CABORCA,30.718882,-112.147825,CONECTADA,0.63,"30.71350833, -112.1499222",0,NIVEL 2 (MEDIO),,,,
603,ESCUELAS,QUITOVAC,CABORCA,EL DIAMANTE (LA RETRANCA),30.845556,-112.639722,SIN CONEXION,8.3,"30.805425, -112.7130333",0,NIVEL 3 (ALTO),,,,
604,ESCUELAS,ILUSION,CABORCA,LA ALAMEDA (CORTAZAR),30.728056,-112.787778,SIN CONEXION,8.61,"30.79001, -112.84186",0,NIVEL 3 (ALTO),,,,
605,ESCUELAS,ELVIRA CONTRERAS MENDEZ,CABORCA,HEROICA CABORCA,30.70429,-112.171295,CONECTADA,1.1,"30.698854, -112.161729",0,NIVEL 2 (MEDIO),,,,
606,ESCUELAS,NIÑOS DEL DESIERTO,CABORCA,EL COYOTE,30.824444,-112.607222,SIN CONEXION,10.28,"30.8041667, -112.71222",0,NIVEL 3 (ALTO),,,,
609,ESCUELAS,ECOS DEL DESIERTO,CABORCA,LA ALMITA,30.706944,-112.433333,SIN CONEXION,0.33,"30.705106, -112.430622",0,NIVEL 3 (ALTO),,,,
610,ESCUELAS,MIS JUGUETITOS,CABORCA,ULTIMO ESFUERZO,30.79,-112.841944,SIN CONEXION,0.01,"30.79001, -112.84186",0,NIVEL 3 (ALTO),,,,
611,ESCUELAS,RAYMUNDO MARQUEZ LEON,CABORCA,HEROICA CABORCA,30.721603,-112.138345,CONECTADA,1.43,"30.71350833, -112.1499222",0,NIVEL 2 (MEDIO),,,,
612,ESCUELAS,FRANCISCA VASQUEZ,CABORCA,HEROICA CABORCA,30.712622,-112.149581,CONECTADA,0.1,"30.71350833, -112.1499222",0,NIVEL 2 (MEDIO),,,,
613,ESCUELAS,ROSA AGAZZI,CABORCA,HEROICA CABORCA,30.729773,-112.146346,CONECTADA,0.88,"30.727172, -112.155092",0,NIVEL 2 (MEDIO),,,,
614,ESCUELAS,ARNULFO SANTIAGO HERNANDEZ,CABORCA,HEROICA CABORCA,30.732088,-112.155609,CONECTADA,0.39,"30.7302, -112.159",0,NIVEL 2 (MEDIO),,,,
615,ESCUELAS,VERONICA CASTILLO JAIME,CABORCA,HEROICA CABORCA,30.726777,-112.181814,CONECTADA,1.83,"30.715511, -112.167881",0,NIVEL 2 (MEDIO),,,,
616,ESCUELAS,ELPIDIO PALACIOS RUIZ,CABORCA,POBLADO SAN FELIPE,30.8375,-112.820278,SIN CONEXION,5.67,"30.79001, -112.84186",0,NIVEL 3 (ALTO),,,,
617,ESCUELAS,JOSE SANTOS VALDEZ,CABORCA,SIEMPRE VIVA,30.745735,-112.453546,SIN CONEXION,5.02,"30.705106, -112.430622",0,NIVEL 3 (ALTO),,,,
618,ESCUELAS,MARGARITA MADRIGAL SILVA,CABORCA,HEROICA CABORCA,30.715556,-112.159167,CONECTADA,0.83,"30.715511, -112.167881",0,NIVEL 2 (MEDIO),,,,
629,ESCUELAS,HIMNO NACIONAL MEXICANO,CABORCA,DESEMBOQUE,30.568333,-113.006667,SIN CONEXION,19.21,"30.7359175, -112.958025",0,NIVEL 3 (ALTO),,,,
619,ESCUELAS,CLUB ROTARIO SAN LUIS RIO COLORADO DEL DESIERTO,SAN LUIS RIO COLORADO,SAN LUIS RIO COLORADO,32.464953,-114.736525,CONECTADA,0.83,"32.46657778, -114.727925",0,NIVEL 2 (MEDIO),,,,
620,ESCUELAS,CENTRO DE ATENCION MULTIPLE NUM. 47,HERMOSILLO,HERMOSILLO,29.127057,-110.981209,CONECTADA,1.91,"29.14361389, -110.9862722",0,NIVEL 2 (MEDIO),,,,
621,ESCUELAS,CENTRO DE ATENCION MULTIPLE NUM. 48,CAJEME,CIUDAD OBREGON,27.490471,-109.966983,CONECTADA,1.41,"27.4836, -109.955",1,NIVEL 1 (BAJO),,,,
623,ESCUELAS,JOSE MA MORELOS,CABORCA,15 DE SEPTIEMBRE,30.870532,-112.968483,SIN CONEXION,8.47,"30.93714, -113.01164",0,NIVEL 3 (ALTO),,,,
624,ESCUELAS,JUSTO SIERRA MENDEZ,CABORCA,HEROICA CABORCA,30.706058,-112.153901,CONECTADA,0.91,"30.71350833, -112.1499222",0,NIVEL 2 (MEDIO),,,,
626,ESCUELAS,IGNACIO ALLENDE,CABORCA,EL COYOTE,30.824444,-112.607222,SIN CONEXION,10.28,"30.8041667, -112.71222",0,NIVEL 3 (ALTO),,,,
627,ESCUELAS,EL PENSADOR MEXICANO,CABORCA,HEROICA CABORCA,30.713518,-112.171949,CONECTADA,0.45,"30.715511, -112.167881",0,NIVEL 2 (MEDIO),,,,
628,ESCUELAS,JUSTO SIERRA MENDEZ,CABORCA,JOSE MARIA MORELOS,30.808611,-112.683333,SIN CONEXION,2.8,"30.8041667, -112.71222",0,NIVEL 3 (ALTO),,,,
630,ESCUELAS,SALVADOR ALVARADO,CABORCA,SANTA EDUWIGES (LA CACHORA),30.771377,-112.527479,SIN CONEXION,11.83,"30.705106, -112.430622",0,NIVEL 3 (ALTO),,,,
632,ESCUELAS,JOSE VASCONCELOS,CABORCA,HEROICA CABORCA,30.726985,-112.173808,CONECTADA,1.14,"30.727575, -112.1619417",0,NIVEL 2 (MEDIO),,,,
633,ESCUELAS,FRANCISCO VILLA,CABORCA,HEROICA CABORCA,30.704877,-112.170718,CONECTADA,1.09,"30.698854, -112.161729",0,NIVEL 2 (MEDIO),,,,
634,ESCUELAS,LIC. ADOLFO LOPEZ MATEOS,CABORCA,HEROICA CABORCA,30.727019,-112.149647,CONECTADA,0.52,"30.727172, -112.155092",0,NIVEL 2 (MEDIO),,,,
636,ESCUELAS,UNIDAD FORD NUM. 66,CABORCA,PLUTARCO ELIAS CALLES (LA Y GRIEGA),30.803401,-112.717712,CONECTADA,0.5,"30.805425, -112.7130333",0,NIVEL 2 (MEDIO),,,,
638,ESCUELAS,AMADO NERVO,CABORCA,LA ALMITA,30.706944,-112.433333,SIN CONEXION,0.33,"30.705106, -112.430622",0,NIVEL 3 (ALTO),,,,
640,ESCUELAS,HERMANOS FLORES MAGON,CABORCA,ULTIMO ESFUERZO,30.79,-112.841944,SIN CONEXION,0.01,"30.79001, -112.84186",0,NIVEL 3 (ALTO),,,,
643,ESCUELAS,JOSEFA ORTIZ DE DOMINGUEZ,CABORCA,JOSEFA ORTIZ DE DOMINGUEZ,30.591667,-112.411667,SIN CONEXION,0.1,"30.590797, -112.41184",0,NIVEL 3 (ALTO),,,,
644,ESCUELAS,CAPITAN LORENZO RODRIGUEZ,CABORCA,HEROICA CABORCA,30.712622,-112.149581,CONECTADA,0.1,"30.71350833, -112.1499222",0,NIVEL 2 (MEDIO),,,,
645,ESCUELAS,EL DIAMANTE,CABORCA,EL DIAMANTE (LA RETRANCA),30.845556,-112.639722,SIN CONEXION,8.3,"30.805425, -112.7130333",0,NIVEL 3 (ALTO),,,,
646,ESCUELAS,UNIDAD FORD NUM. 10,CABORCA,HEROICA CABORCA,30.715537,-112.145601,CONECTADA,0.47,"30.71350833, -112.1499222",0,NIVEL 2 (MEDIO),,,,
647,ESCUELAS,ESCUADRON 201,CABORCA,HEROICA CABORCA,30.696785,-112.151157,CONECTADA,1.04,"30.698854, -112.161729",0,NIVEL 2 (MEDIO),,,,
648,ESCUELAS,INDEPENDENCIA,CABORCA,LA ALAMEDA (CORTAZAR),30.728056,-112.787778,SIN CONEXION,8.61,"30.79001, -112.84186",0,NIVEL 3 (ALTO),,,,
649,ESCUELAS,TTE JUAN DE LA BARRERA,CABORCA,EL EJIDO CAJEME DOS,30.521111,-112.261111,SIN CONEXION,16.38,"30.590797, -112.41184",0,NIVEL 3 (ALTO),,,,
651,ESCUELAS,PROF. JAIME TORRES BODET,CABORCA,URES,30.736111,-112.956389,SIN CONEXION,0.16,"30.7359175, -112.958025",0,NIVEL 3 (ALTO),,,,
657,ESCUELAS,PLUTARCO ELIAS CALLES,CABORCA,POBLADO SAN FELIPE,30.8375,-112.820278,SIN CONEXION,5.67,"30.79001, -112.84186",0,NIVEL 3 (ALTO),,,,
658,ESCUELAS,LUIS PASTEUR,CABORCA,HEROICA CABORCA,30.725237,-112.183336,CONECTADA,1.83,"30.715511, -112.167881",0,NIVEL 2 (MEDIO),,,,
661,ESCUELAS,INDEPENDENCIA DE MEXICO,CABORCA,HEROICA CABORCA,30.736758,-112.158383,SIN CONEXION,0.73,"30.7302, -112.159",0,NIVEL 3 (ALTO),,,,
663,ESCUELAS,CENTRO DE ATENCION MULTIPLE NUM. 49,HERMOSILLO,HERMOSILLO,29.052164,-110.973581,CONECTADA,2.2,"29.064011, -110.955496",1,NIVEL 1 (BAJO),,,,
664,ESCUELAS,CENTRO DE ATENCION MULTIPLE NUM. 50,HERMOSILLO,HERMOSILLO,29.121097,-110.959432,CONECTADA,3.33,"29.11026111, -110.9913861",1,NIVEL 1 (BAJO),,,,
665,ESCUELAS,CENTRO DE ATENCION MULTIPLE NUM. 52,CAJEME,CIUDAD OBREGON,27.491373,-109.948776,CONECTADA,0.99,"27.48364722, -109.9538472",0,NIVEL 2 (MEDIO),,,,
667,ESCUELAS,CENTRO DE ATENCION MULTIPLE NUM. 54,GUAYMAS,HEROICA GUAYMAS,27.918019,-110.919504,CONECTADA,1.85,"27.91950278, -110.9007333",0,NIVEL 2 (MEDIO),,,,
668,ESCUELAS,CENTRO DE ATENCION MULTIPLE NUM. 55,NOGALES,HEROICA NOGALES,31.321115,-110.960693,SIN CONEXION,0.67,"31.318347, -110.954427",0,NIVEL 3 (ALTO),,,,
669,ESCUELAS,TELESFORO LOPEZ,CABORCA,HEROICA CABORCA,30.714043,-112.155193,CONECTADA,0.51,"30.71350833, -112.1499222",0,NIVEL 2 (MEDIO),,,,
670,ESCUELAS,GLORIA AIDE NOGALES MENDEZ,CABORCA,HEROICA CABORCA,30.698699,-112.169297,CONECTADA,0.72,"30.698854, -112.161729",0,NIVEL 2 (MEDIO),,,,
671,ESCUELAS,MIGDALIA BURRUEL ALMAZAN,CABORCA,HEROICA CABORCA,30.733694,-112.16752,CONECTADA,0.86,"30.727575, -112.1619417",0,NIVEL 2 (MEDIO),,,,
672,ESCUELAS,JARDIN DE NIÑOS NUEVA CREACION,CABORCA,HEROICA CABORCA,30.714043,-112.155193,SIN CONEXION,0.51,"30.71350833, -112.1499222",0,NIVEL 3 (ALTO),,,,
673,ESCUELAS,JARDIN DE NIÑOS NUEVA CREACION,CABORCA,HEROICA CABORCA,30.695653,-112.180794,CONECTADA,1.86,"30.698854, -112.161729",0,NIVEL 2 (MEDIO),,,,
674,ESCUELAS,CUAUHTEMOC,CABORCA,HEROICA CABORCA,30.706765,-112.161803,CONECTADA,0.88,"30.698854, -112.161729",0,NIVEL 2 (MEDIO),,,,
675,ESCUELAS,FLORENCIA R DE MUNGUIA,CABORCA,HEROICA CABORCA,30.713187,-112.162524,CONECTADA,0.57,"30.715511, -112.167881",0,NIVEL 2 (MEDIO),,,,
676,ESCUELAS,JUAN FRANCISCO JAVIER,CABORCA,HEROICA CABORCA,30.708156,-112.149271,CONECTADA,0.6,"30.71350833, -112.1499222",0,NIVEL 2 (MEDIO),,,,
677,ESCUELAS,6 DE ABRIL,CABORCA,HEROICA CABORCA,30.715397,-112.153622,CONECTADA,0.41,"30.71350833, -112.1499222",0,NIVEL 2 (MEDIO),,,,
678,ESCUELAS,JOSEFA FIGUEROA COMADURAN VDA DE OROS,CABORCA,HEROICA CABORCA,30.729548,-112.146349,CONECTADA,0.88,"30.727172, -112.155092",0,NIVEL 2 (MEDIO),,,,
679,ESCUELAS,OSWALDO BALLESTEROS BALLESTEROS,CABORCA,HEROICA CABORCA,30.723166,-112.155773,CONECTADA,0.45,"30.727172, -112.155092",0,NIVEL 2 (MEDIO),,,,
698,ESCUELAS,JUAN ESCUTIA,CAJEME,EL OLVIDO,28.042222,-109.7525,SIN CONEXION,19.69,"28.152, -109.91",0,NIVEL 3 (ALTO),,,,
680,ESCUELAS,CENTRO DE ATENCION MULTIPLE NUM. 56,SAN IGNACIO RIO MUERTO,SAN IGNACIO RIO MUERTO,27.409319,-110.247962,CONECTADA,0.85,"27.409988, -110.239434",1,NIVEL 1 (BAJO),,,,
681,ESCUELAS,CENTRO DE ATENCION MULTIPLE NUM. 57,HERMOSILLO,HERMOSILLO,29.052572,-110.972367,CONECTADA,2.08,"29.064011, -110.955496",1,NIVEL 1 (BAJO),,,,
691,ESCUELAS,CENTRO DE ATENCION MULTIPLE NUM. 58,HERMOSILLO,HERMOSILLO,29.09962,-110.924335,CONECTADA,3.9,"29.06939286, -110.944628",1,NIVEL 1 (BAJO),,,,
695,ESCUELAS,MANZANITA,CAJEME,LOMA DE GUAMUCHIL,27.609722,-109.986667,CONECTADA,6.6,"27.56626, -109.9411",1,NIVEL 1 (BAJO),,,,
696,ESCUELAS,LA HUERTA,CAJEME,COCORIT,27.582387,-109.960456,CONECTADA,2.62,"27.56626, -109.9411",1,NIVEL 1 (BAJO),,,,
697,ESCUELAS,YUCU JIMARI,CAJEME,TAJIMAROA,27.615278,-109.960556,CONECTADA,5.78,"27.56626, -109.9411",1,NIVEL 1 (BAJO),,,,
699,ESCUELAS,CARRUSEL,CAJEME,COCORIT,27.581424,-109.956114,CONECTADA,2.24,"27.56626, -109.9411",1,NIVEL 1 (BAJO),,,,
703,ESCUELAS,SECUNDARIA GENERAL NUM. 8,CAJEME,ESPERANZA,27.559197,-109.946059,CONECTADA,0.93,"27.56626, -109.9411",0,NIVEL 2 (MEDIO),,,,
705,ESCUELAS,FAUSTINO FELIX SERNA,CAJEME,CIUDAD OBREGON,27.458327,-109.948026,CONECTADA,2.06,"27.46464167, -109.9284222",0,NIVEL 2 (MEDIO),,,,
707,ESCUELAS,MANUEL IÑIGUEZ CAMBEROS,CAJEME,CIUDAD OBREGON,27.445136,-109.941605,CONECTADA,1.66,"27.44298964, -109.9249233",0,NIVEL 2 (MEDIO),,,,
708,ESCUELAS,BERTA VON GLUMER,CAJEME,CIUDAD OBREGON,27.504086,-109.952266,CONECTADA,2.13,"27.49709444, -109.9322056",1,NIVEL 1 (BAJO),,,,
709,ESCUELAS,RAFAEL RAMIREZ,CAJEME,CIUDAD OBREGON,27.476315,-109.925289,CONECTADA,0.39,"27.4776144, -109.9289854",1,NIVEL 1 (BAJO),,,,
710,ESCUELAS,JOSE ROSAS MORENO,CAJEME,CIUDAD OBREGON,27.445621,-109.938419,CONECTADA,1.36,"27.44298964, -109.9249233",1,NIVEL 1 (BAJO),,,,
711,ESCUELAS,LAZARO CARDENAS,CAJEME,CIUDAD OBREGON,27.478474,-109.951449,CONECTADA,0.62,"27.48364722, -109.9538472",1,NIVEL 1 (BAJO),,,,
712,ESCUELAS,JOSE MA LEYVA CAJEME,CAJEME,CIUDAD OBREGON,27.489556,-109.947971,CONECTADA,0.88,"27.48364722, -109.9538472",1,NIVEL 1 (BAJO),,,,
713,ESCUELAS,MARIA MONTESSORI,CAJEME,CIUDAD OBREGON,27.484579,-109.922303,CONECTADA,1.02,"27.4776144, -109.9289854",0,NIVEL 2 (MEDIO),,,,
714,ESCUELAS,AGUSTIN DE ITURBIDE,CAJEME,QUETCHEHUECA,27.267634,-109.947514,CONECTADA,0.34,"27.26486024, -109.9459878",1,NIVEL 1 (BAJO),,,,
715,ESCUELAS,FANNY ANITUA YANEZ,CAJEME,ESPERANZA,27.587951,-109.928872,CONECTADA,2.7,"27.56626, -109.9411",1,NIVEL 1 (BAJO),,,,
716,ESCUELAS,PABLO PICASSO,CAJEME,COCORIT,27.576115,-109.958639,CONECTADA,2.05,"27.56626, -109.9411",1,NIVEL 1 (BAJO),,,,
717,ESCUELAS,NUEVA CREACION PREESCOLAR NIÑOS MIGRANTES,SANTA CRUZ,MIGUEL HIDALGO (SAN LAZARO),31.145556,-110.641389,SIN CONEXION,11.1,"31.237444, -110.595678",0,NIVEL 3 (ALTO),,,,
718,ESCUELAS,INDEPENDENCIA,CAJEME,PROVIDENCIA,27.510153,-109.985346,CONECTADA,4.2,"27.4836, -109.955",1,NIVEL 1 (BAJO),,,,
719,ESCUELAS,MIGUEL CAJEN HIGUERA,CAJEME,CIUDAD OBREGON,27.441288,-109.942313,CONECTADA,1.73,"27.44298964, -109.9249233",1,NIVEL 1 (BAJO),,,,
720,ESCUELAS,LUIS BRAILLE,CAJEME,CIUDAD OBREGON,27.467211,-109.947536,CONECTADA,1.91,"27.46464167, -109.9284222",1,NIVEL 1 (BAJO),,,,
721,ESCUELAS,JUAN ESCUTIA,CAJEME,CIUDAD OBREGON,27.475783,-109.940365,CONECTADA,1.14,"27.4776144, -109.9289854",0,NIVEL 2 (MEDIO),,,,
722,ESCUELAS,MARIA EGLANTINA BOLAÑOS COBOS,CAJEME,CIUDAD OBREGON,27.460777,-109.908837,CONECTADA,1.51,"27.457598867, -109.89399989",1,NIVEL 1 (BAJO),,,,
723,ESCUELAS,FRANCISCO GABILONDO SOLER,CAJEME,CIUDAD OBREGON,27.499042,-109.96121,CONECTADA,1.82,"27.4836, -109.955",1,NIVEL 1 (BAJO),,,,
724,ESCUELAS,ROSARIO CASTELLANOS,CAJEME,PUEBLO YAQUI,27.352334,-110.039305,CONECTADA,0.12,"27.35232762, -110.0380822",1,NIVEL 1 (BAJO),,,,
725,ESCUELAS,HERMANOS GRIMM,CAJEME,CIUDAD OBREGON,27.463982,-109.944706,CONECTADA,1.61,"27.46464167, -109.9284222",0,NIVEL 2 (MEDIO),,,,
967,ESCUELAS,NUEVA CREACION PREESCOLAR NI¤OS MIGRANTES,HERMOSILLO,SANTA MONICA,28.744235,-111.454681,SIN CONEXION,11.4,"28.84228, -111.48905",0,NIVEL 3 (ALTO),,,,
726,ESCUELAS,RUBEN DARIO,CAJEME,CIUDAD OBREGON,27.447087,-109.939129,CONECTADA,1.47,"27.44298964, -109.9249233",1,NIVEL 1 (BAJO),,,,
727,ESCUELAS,14 DE JUNIO,HUATABAMPO,AGIABAMPO NUMERO DOS (EL CAMPITO),26.323889,-109.096389,SIN CONEXION,13.25,"26.427719, -109.031198",0,NIVEL 3 (ALTO),,,,
728,ESCUELAS,JUAN AMOS COMENIO,CAJEME,CIUDAD OBREGON,27.486676,-109.956816,CONECTADA,0.39,"27.4836, -109.955",1,NIVEL 1 (BAJO),,,,
729,ESCUELAS,SEBASTIAN LERDO DE TEJADA,CAJEME,CIUDAD OBREGON,27.468762,-109.938368,CONECTADA,1.08,"27.46464167, -109.9284222",0,NIVEL 2 (MEDIO),,,,
730,ESCUELAS,LORENZO FHILO,CAJEME,CIUDAD OBREGON,27.513077,-109.948738,CONECTADA,2.32,"27.5259889, -109.9303222",1,NIVEL 1 (BAJO),,,,
731,ESCUELAS,FEDERICO FROEBEL,CAJEME,MARTE R. GOMEZ (TOBARITO),27.367663,-109.897959,CONECTADA,0.95,"27.36791944, -109.8883278",1,NIVEL 1 (BAJO),,,,
732,ESCUELAS,CARMEN SERDAN,CAJEME,ALLENDE (EL DIECIOCHO),27.191667,-109.910278,CONECTADA,0.13,"27.190529, -109.910359",1,NIVEL 1 (BAJO),,,,
733,ESCUELAS,ALBERT EINSTEIN,CAJEME,31 DE OCTUBRE,27.295833,-110.0375,CONECTADA,6.28,"27.35232762, -110.0380822",1,NIVEL 1 (BAJO),,,,
734,ESCUELAS,LUIS PASTEUR,CAJEME,CUAUHTEMOC (CAMPO CINCO),27.431011,-110.018658,CONECTADA,8.58,"27.4836, -109.955",1,NIVEL 1 (BAJO),,,,
977,ESCUELAS,JOAQUIN ALEJANDRO VILLANUEVA LOBIO,EMPALME,EMPALME,27.966153,-110.789439,SIN CONEXION,0.81,"27.959147, -110.79165",0,NIVEL 3 (ALTO),,,,
735,ESCUELAS,JAIME TORRES BODET,CAJEME,ESPERANZA,27.569006,-109.930031,CONECTADA,1.13,"27.56626, -109.9411",1,NIVEL 1 (BAJO),,,,
736,ESCUELAS,HERMENEGILDO GALEANA,CAJEME,CIUDAD OBREGON,27.497872,-109.961221,CONECTADA,1.7,"27.4836, -109.955",1,NIVEL 1 (BAJO),,,,
737,ESCUELAS,ALVARO OBREGON,CAJEME,CIUDAD OBREGON,27.495444,-109.921648,CONECTADA,1.06,"27.49709444, -109.9322056",0,NIVEL 2 (MEDIO),,,,
738,ESCUELAS,JOAQUIN ANTONIO ROSSINI,CAJEME,CIUDAD OBREGON,27.497595,-109.937074,CONECTADA,0.48,"27.49709444, -109.9322056",1,NIVEL 1 (BAJO),,,,
739,ESCUELAS,TOMAS ALVA EDISON,CAJEME,CIUDAD OBREGON,27.465255,-109.928983,CONECTADA,0.09,"27.46464167, -109.9284222",0,NIVEL 2 (MEDIO),,,,
740,ESCUELAS,EMILIO O. RABASA,CAJEME,ALTOS DE JECOPACO,27.170278,-109.892222,CONECTADA,2.88,"27.190529, -109.910359",1,NIVEL 1 (BAJO),,,,
741,ESCUELAS,LAUREANA WRIGTH,CAJEME,CIUDAD OBREGON,27.472662,-109.927691,CONECTADA,0.57,"27.4776144, -109.9289854",0,NIVEL 2 (MEDIO),,,,
743,ESCUELAS,TOMAS JEFFERSON,CAJEME,CIUDAD OBREGON,27.489669,-109.96547,CONECTADA,1.23,"27.4836, -109.955",1,NIVEL 1 (BAJO),,,,
744,ESCUELAS,IGNACIO MARISCAL,CAJEME,CIUDAD OBREGON,27.473536,-109.923292,CONECTADA,0.72,"27.4776144, -109.9289854",0,NIVEL 2 (MEDIO),,,,
745,ESCUELAS,FRIDA KAHLO,CAJEME,CIUDAD OBREGON,27.458339,-109.947654,CONECTADA,2.02,"27.46464167, -109.9284222",1,NIVEL 1 (BAJO),,,,
746,ESCUELAS,NUEVA CREACION PREESCOLAR NIÑOS MIGRANTES,TUBUTAMA,SAN MANUEL (SAN MANUEL OCUCA),30.622222,-111.419722,SIN CONEXION,6.02,"30.573705, -111.447576",0,NIVEL 3 (ALTO),,,,
747,ESCUELAS,BENJAMIN FRANKLIN,CAJEME,ESTACION CORRAL,27.628889,-109.966111,CONECTADA,7.39,"27.56626, -109.9411",1,NIVEL 1 (BAJO),,,,
748,ESCUELAS,JOSE MARTI,CAJEME,CIUDAD OBREGON,27.480916,-109.934769,CONECTADA,0.68,"27.4776144, -109.9289854",0,NIVEL 2 (MEDIO),,,,
749,ESCUELAS,FRANZ HAYDN,CAJEME,FRANCISCO I. MADERO (CAMPO 30),27.485833,-110.056667,CONECTADA,5.95,"27.498163, -110.115354",0,NIVEL 2 (MEDIO),,,,
750,ESCUELAS,20 DE NOVIEMBRE,CAJEME,EJIDO TEPEYAC (CAMPO DOS),27.481389,-110.016944,CONECTADA,6.12,"27.4836, -109.955",0,NIVEL 2 (MEDIO),,,,
1047,ESCUELAS,BENITO JUAREZ,EMPALME,EMPALME,27.959272,-110.81943,CONECTADA,0.39,"27.95778611, -110.8157917",1,NIVEL 1 (BAJO),,,,
751,ESCUELAS,JULIAN CARRILLO,CAJEME,PROGRESO (CAMPO 47),27.340278,-110.093611,CONECTADA,5.65,"27.35232762, -110.0380822",1,NIVEL 1 (BAJO),,,,
752,ESCUELAS,ALEJANDRO VOLTA,CAJEME,MORA VILLALOBOS (CAMPO 29),27.510833,-110.055556,CONECTADA,5.12,"27.54989167, -110.083075",0,NIVEL 2 (MEDIO),,,,
987,ESCUELAS,LUIS DONALDO COLOSIO MURRIETA,NAVOJOA,EL SIFON (SIFON CANAL ALTO),27.275593,-109.784678,SIN CONEXION,1.77,"27.290221, -109.777697",0,NIVEL 3 (ALTO),,,,
753,ESCUELAS,QUETZALCOATL,CAJEME,MARTE R. GOMEZ (TOBARITO),27.367598,-109.885626,CONECTADA,0.27,"27.36791944, -109.8883278",1,NIVEL 1 (BAJO),,,,
754,ESCUELAS,GEORGE WASHINGTON,CAJEME,ANTONIO ROSALES,27.351111,-109.853056,CONECTADA,3.95,"27.36791944, -109.8883278",1,NIVEL 1 (BAJO),,,,
755,ESCUELAS,MARIA BORQUEZ,CAJEME,PUEBLO YAQUI,27.3559,-110.031199,CONECTADA,0.47,"27.35423611, -110.035575",1,NIVEL 1 (BAJO),,,,
756,ESCUELAS,NUEVA CREACION NIÑOS MIGRANTES,HERMOSILLO,MANUEL AVILA CAMACHO,28.98222222,-111.703056,SIN CONEXION,0.28,"28.97997, -111.70435",0,NIVEL 3 (ALTO),,,,
757,ESCUELAS,ALAIN,CAJEME,PUEBLO YAQUI,27.351441,-110.026691,CONECTADA,0.93,"27.35423611, -110.035575",1,NIVEL 1 (BAJO),,,,
758,ESCUELAS,PEDRO CURIE,CAJEME,ROBLES CASTILLO (ALVARO OBREGON),27.46128,-109.950479,CONECTADA,2.21,"27.46464167, -109.9284222",0,NIVEL 2 (MEDIO),,,,
759,ESCUELAS,FRANCISCO GOYA,CAJEME,MORELOS UNO,27.278056,-109.996389,CONECTADA,5.19,"27.26486024, -109.9459878",1,NIVEL 1 (BAJO),,,,
761,ESCUELAS,XICOTENCATL,CAJEME,LA TINAJERA,27.553608,-110.011434,CONECTADA,7.07,"27.56626, -109.9411",0,NIVEL 2 (MEDIO),,,,
997,ESCUELAS,JARDIN DE NIÑOS NUEVA CREACION,CANANEA,CUITACA,31.004722,-110.4925,SIN CONEXION,10.73,"31.00504444, -110.3799139",0,NIVEL 3 (ALTO),,,,
762,ESCUELAS,TONATIUH,CAJEME,VICENTE GUERRERO (EL PORTON),27.538611,-109.978056,CONECTADA,4.77,"27.56626, -109.9411",1,NIVEL 1 (BAJO),,,,
763,ESCUELAS,HERBERT SPENCER,CAJEME,CIUDAD OBREGON,27.444565,-109.926438,CONECTADA,0.23,"27.44298964, -109.9249233",1,NIVEL 1 (BAJO),,,,
764,ESCUELAS,MELESIO MORALES,CAJEME,CIUDAD OBREGON,27.439577,-109.926158,CONECTADA,0.4,"27.44298964, -109.9249233",1,NIVEL 1 (BAJO),,,,
765,ESCUELAS,LUIS SANDI,CAJEME,CIUDAD OBREGON,27.45776,-109.924272,CONECTADA,0.87,"27.46464167, -109.9284222",0,NIVEL 2 (MEDIO),,,,
766,ESCUELAS,NUEVA CREACION PREESCOLAR NIÑOS MIGRANTES,HERMOSILLO,FLORESTA,28.49972,-111.476248,SIN CONEXION,20.4,"28.317394, -111.4527777",0,NIVEL 3 (ALTO),,,,
767,ESCUELAS,24 DE FEBRERO,CAJEME,CIUDAD OBREGON,27.449247,-109.953106,CONECTADA,2.87,"27.44298964, -109.9249233",1,NIVEL 1 (BAJO),,,,
768,ESCUELAS,LIBERTAD,CAJEME,CIUDAD OBREGON,27.46713,-109.955637,CONECTADA,1.83,"27.4836, -109.955",0,NIVEL 2 (MEDIO),,,,
769,ESCUELAS,FEDERICO GRANT,CAJEME,FRANCISCO VILLA,27.37,-109.809444,CONECTADA,4,"27.401244, -109.829454",1,NIVEL 1 (BAJO),,,,
770,ESCUELAS,JOSE MORAN,CAJEME,YUCURIBAMPO,27.417651,-109.837099,CONECTADA,1.97,"27.401244, -109.829454",1,NIVEL 1 (BAJO),,,,
819,ESCUELAS,GENERAL LAZARO CARDENAS,CAJEME,CIUDAD OBREGON,27.491718,-109.948086,CONECTADA,1.06,"27.48364722, -109.9538472",0,NIVEL 2 (MEDIO),,,,
771,ESCUELAS,FRANCISCO ZARCO,CAJEME,ESPERANZA,27.579814,-109.935328,CONECTADA,1.61,"27.56626, -109.9411",1,NIVEL 1 (BAJO),,,,
772,ESCUELAS,USI,CAJEME,LOS HORNOS,27.713611,-109.903333,CONECTADA,16.8,"27.56626, -109.9411",1,NIVEL 1 (BAJO),,,,
773,ESCUELAS,GUILLERMO TELL,CAJEME,CIUDAD OBREGON,27.44966,-109.917608,CONECTADA,1.04,"27.44298964, -109.9249233",1,NIVEL 1 (BAJO),,,,
774,ESCUELAS,SOR JUANA INES DE LA CRUZ,CAJEME,CIUDAD OBREGON,27.438894,-109.93181,CONECTADA,0.82,"27.44298964, -109.9249233",1,NIVEL 1 (BAJO),,,,
775,ESCUELAS,PROFA. BEATRIZ ORDONEZ ACUÑA,CAJEME,CIUDAD OBREGON,27.46191,-109.927574,CONECTADA,0.32,"27.46464167, -109.9284222",0,NIVEL 2 (MEDIO),,,,
776,ESCUELAS,CUAUHTEMOC,CUCURPE,CUCURPE,30.330498,-110.706336,SIN CONEXION,0.11,"30.331072, -110.70545",0,NIVEL 3 (ALTO),,,,
777,ESCUELAS,EMMA OLGUIN HERMIDA,CAJEME,CIUDAD OBREGON,27.447786,-109.950595,CONECTADA,2.59,"27.44298964, -109.9249233",1,NIVEL 1 (BAJO),,,,
778,ESCUELAS,ERNESTO ELORDY,CAJEME,ESPERANZA,27.573164,-109.91605,CONECTADA,2.59,"27.56626, -109.9411",1,NIVEL 1 (BAJO),,,,
779,ESCUELAS,IVAN PAVLOV,CAJEME,CIUDAD OBREGON,27.510348,-109.925091,CONECTADA,1.63,"27.49709444, -109.9322056",1,NIVEL 1 (BAJO),,,,
876,ESCUELAS,EDMUNDO VALADES,EMPALME,SAN FERNANDO DE GUAYMAS,27.97,-110.710833,SIN CONEXION,8.03,"27.959147, -110.79165",0,NIVEL 3 (ALTO),,,,
780,ESCUELAS,CLAUDIO OCAMPO BENITEZ,CAJEME,TESOPOBAMPO,27.422222,-109.813611,CONECTADA,2.81,"27.401244, -109.829454",1,NIVEL 1 (BAJO),,,,
781,ESCUELAS,LUIS DONALDO COLOSIO MURRIETA,CAJEME,ESPERANZA,27.567827,-109.940689,CONECTADA,0.18,"27.56626, -109.9411",1,NIVEL 1 (BAJO),,,,
782,ESCUELAS,ALEJANDRINA VASQUEZ SOLANO,CAJEME,ESPERANZA,27.561543,-109.938902,CONECTADA,0.57,"27.56626, -109.9411",1,NIVEL 1 (BAJO),,,,
783,ESCUELAS,JOSE LAFONTAINE,CAJEME,CIUDAD OBREGON,27.523032,-109.902087,CONECTADA,2.8,"27.52598056, -109.9302889",1,NIVEL 1 (BAJO),,,,
784,ESCUELAS,SANTOS BALMORI PICAZO,CAJEME,CIUDAD OBREGON,27.449399,-109.913774,CONECTADA,1.31,"27.44298964, -109.9249233",1,NIVEL 1 (BAJO),,,,
785,ESCUELAS,JAIME SABINES,CAJEME,CIUDAD OBREGON,27.445285,-109.949283,CONECTADA,2.42,"27.44298964, -109.9249233",1,NIVEL 1 (BAJO),,,,
786,ESCUELAS,ANTONIO VIVALDI,CAJEME,CIUDAD OBREGON,27.477941,-109.960422,CONECTADA,0.83,"27.4836, -109.955",0,NIVEL 2 (MEDIO),,,,
787,ESCUELAS,EDUARDO W VILLA,CAJEME,CIUDAD OBREGON,27.467234,-109.922791,CONECTADA,0.63,"27.46464167, -109.9284222",0,NIVEL 2 (MEDIO),,,,
788,ESCUELAS,RUFINO TAMAYO,CAJEME,ESPERANZA,27.565089,-109.92132,CONECTADA,1.95,"27.56626, -109.9411",1,NIVEL 1 (BAJO),,,,
789,ESCUELAS,FELIX LOPE DE VEGA,CAJEME,CIUDAD OBREGON,27.519209,-109.913053,CONECTADA,1.86,"27.52598056, -109.9302889",1,NIVEL 1 (BAJO),,,,
790,ESCUELAS,JUAN JOSE ARREOLA,CAJEME,ESPERANZA,27.575715,-109.944259,CONECTADA,1.1,"27.56626, -109.9411",1,NIVEL 1 (BAJO),,,,
791,ESCUELAS,MICAELA MUNGUIA RIVAS,CAJEME,CIUDAD OBREGON,27.494694,-109.908889,CONECTADA,2.32,"27.49709444, -109.9322056",1,NIVEL 1 (BAJO),,,,
792,ESCUELAS,AMANDA LABARCA HUBERSTON,CAJEME,CIUDAD OBREGON,27.445093,-109.877349,CONECTADA,2.15,"27.457598867, -109.89399989",1,NIVEL 1 (BAJO),,,,
793,ESCUELAS,MARIA DEL CONSUELO CASTRO VERDUGO,CAJEME,CIUDAD OBREGON,27.488546,-109.986427,CONECTADA,3.15,"27.4836, -109.955",1,NIVEL 1 (BAJO),,,,
794,ESCUELAS,LOMBARDO RIOS RAMIREZ,CAJEME,ESPERANZA,27.555909,-109.943829,CONECTADA,1.18,"27.56626, -109.9411",1,NIVEL 1 (BAJO),,,,
795,ESCUELAS,GENERAL MANUEL MEZA R,CUMPAS,OJO DE AGUA,30.032778,-109.788889,SIN CONEXION,4.08,"29.998067, -109.775114",0,NIVEL 3 (ALTO),,,,
796,ESCUELAS,GLORIA RODRIGUEZ ELIZARRARAS,CAJEME,CIUDAD OBREGON,27.450566,-109.934667,CONECTADA,1.28,"27.44298964, -109.9249233",1,NIVEL 1 (BAJO),,,,
797,ESCUELAS,ESTHELA CASTRO VERDUGO,CAJEME,CIUDAD OBREGON,27.441979,-109.919229,CONECTADA,0.57,"27.44298964, -109.9249233",1,NIVEL 1 (BAJO),,,,
914,ESCUELAS,NUEVA CREACION PREESCOLAR NIÑOS MIGRANTES,HERMOSILLO,LOS PAÑUELOS,29.188056,-111.793333,SIN CONEXION,24.7,"28.97997, -111.70435",0,NIVEL 3 (ALTO),,,,
798,ESCUELAS,PETRA ESTRADA MARTINEZ,CAJEME,CIUDAD OBREGON,27.489164,-109.935021,CONECTADA,0.92,"27.49709444, -109.9322056",1,NIVEL 1 (BAJO),,,,
799,ESCUELAS,CENTRO DE DESARROLLO INFANTIL NUM. 3 S.E.C.,CAJEME,CIUDAD OBREGON,27.483818,-109.969928,SIN CONEXION,1.47,"27.4836, -109.955",0,NIVEL 3 (ALTO),,,,
800,ESCUELAS,CLUB DE LEONES DE SAN LUIS RIO COLORADO A. C.,SAN LUIS RIO COLORADO,SAN LUIS RIO COLORADO,32.476667,-114.7625,SIN CONEXION,1.58,"32.47933611, -114.7790444",0,NIVEL 3 (ALTO),,,,
801,ESCUELAS,CENTRO DE ATENCION MULTIPLE NUM. 61,NOGALES,HEROICA NOGALES,31.318611,-110.945833,SIN CONEXION,0.28,"31.316111, -110.945833",0,NIVEL 3 (ALTO),,,,
803,ESCUELAS,NUEVA CREACION PREESCOLAR NIÑOS MIGRANTES,CABORCA,VIÑEDOS VIVA,30.7075,-112.340556,SIN CONEXION,8.61,"30.705106, -112.430622",0,NIVEL 3 (ALTO),,,,
804,ESCUELAS,NUEVA CREACION PREESCOLAR NIÑOS MIGRANTES,GUAYMAS,TRIUNFO SANTA ROSA,28.139444,-110.606111,SIN CONEXION,2.49,"28.1576944, -110.5913889",0,NIVEL 3 (ALTO),,,,
805,ESCUELAS,JOSE MARIA LEYVA,CAJEME,CIUDAD OBREGON,27.514709,-109.916249,CONECTADA,1.87,"27.52598056, -109.9302889",0,NIVEL 2 (MEDIO),,,,
806,ESCUELAS,JOSEFINA RAMOS DEL RIO,EMPALME,EMPALME,27.959542,-110.800254,SIN CONEXION,0.85,"27.959147, -110.79165",0,NIVEL 3 (ALTO),,,,
807,ESCUELAS,LIBERTAD Y JUSTICIA,CAJEME,CIUDAD OBREGON,27.448923,-109.93799,CONECTADA,1.45,"27.44298964, -109.9249233",0,NIVEL 2 (MEDIO),,,,
808,ESCUELAS,JAIME TORRES BODET,CAJEME,CIUDAD OBREGON,27.471251,-109.923818,CONECTADA,0.86,"27.46464167, -109.9284222",0,NIVEL 2 (MEDIO),,,,
810,ESCUELAS,MARGARITA MAZA DE JUAREZ,CAJEME,PUEBLO YAQUI,27.354158,-110.034905,CONECTADA,0.07,"27.35423611, -110.035575",1,NIVEL 1 (BAJO),,,,
811,ESCUELAS,LAZARO CARDENAS DEL RIO,CAJEME,CIUDAD OBREGON,27.453791,-109.944403,CONECTADA,1.99,"27.46464167, -109.9284222",0,NIVEL 2 (MEDIO),,,,
812,ESCUELAS,NIÑOS HEROES,CAJEME,CIUDAD OBREGON,27.439158,-109.941417,CONECTADA,1.68,"27.44298964, -109.9249233",0,NIVEL 2 (MEDIO),,,,
813,ESCUELAS,BENITO JUAREZ,CAJEME,CIUDAD OBREGON,27.449209,-109.953512,CONECTADA,2.9,"27.44298964, -109.9249233",0,NIVEL 2 (MEDIO),,,,
814,ESCUELAS,HEROES DE CHAPULTEPEC,CAJEME,ESTACION CORRAL,27.628889,-109.966111,CONECTADA,7.39,"27.56626, -109.9411",1,NIVEL 1 (BAJO),,,,
815,ESCUELAS,GENERAL PLUTARCO ELIAS CALLES,CAJEME,CIUDAD OBREGON,27.484584,-109.923734,CONECTADA,0.93,"27.4776144, -109.9289854",1,NIVEL 1 (BAJO),,,,
816,ESCUELAS,JUAN ALDAMA,EMPALME,EMPALME,27.954995,-110.805499,SIN CONEXION,1.06,"27.95778611, -110.8157917",0,NIVEL 3 (ALTO),,,,
817,ESCUELAS,RECURSOS HIDRAULICOS,CAJEME,CIUDAD OBREGON,27.489091,-109.947213,CONECTADA,0.89,"27.48364722, -109.9538472",0,NIVEL 2 (MEDIO),,,,
818,ESCUELAS,CLUB DE LEONES,CAJEME,CIUDAD OBREGON,27.475862,-109.947922,CONECTADA,1.04,"27.48364722, -109.9538472",0,NIVEL 2 (MEDIO),,,,
820,ESCUELAS,20 DE NOVIEMBRE,CAJEME,LAS ARENERAS,27.527778,-109.958611,CONECTADA,2.8,"27.5259889, -109.9303222",0,NIVEL 2 (MEDIO),,,,
821,ESCUELAS,AMADO NERVO,CAJEME,CIUDAD OBREGON,27.475311,-109.939907,CONECTADA,1.11,"27.4776144, -109.9289854",0,NIVEL 2 (MEDIO),,,,
822,ESCUELAS,18 DE MARZO,CAJEME,CUAUHTEMOC (CAMPO CINCO),27.434266,-110.01903,CONECTADA,8.37,"27.4836, -109.955",1,NIVEL 1 (BAJO),,,,
823,ESCUELAS,RICARDO FLORES MAGON,CAJEME,MORA VILLALOBOS (CAMPO 29),27.510833,-110.055556,CONECTADA,5.12,"27.54989167, -110.083075",0,NIVEL 2 (MEDIO),,,,
824,ESCUELAS,JESUS GARCIA,CAJEME,FRANCISCO I. MADERO (CAMPO 30),27.485833,-110.056667,CONECTADA,5.95,"27.498163, -110.115354",0,NIVEL 2 (MEDIO),,,,
825,ESCUELAS,LAZARO CARDENAS,CAJEME,PROGRESO (CAMPO 47),27.340278,-110.093611,CONECTADA,5.65,"27.35232762, -110.0380822",1,NIVEL 1 (BAJO),,,,
826,ESCUELAS,SOCRATES,EMPALME,ANTONIO ROSALES,28.079444,-110.611389,SIN CONEXION,0.25,"28.077694, -110.612917",0,NIVEL 3 (ALTO),,,,
827,ESCUELAS,HNOS FLORES MAGON,CAJEME,CIUDAD OBREGON,27.469105,-109.937922,CONECTADA,1.06,"27.46464167, -109.9284222",0,NIVEL 2 (MEDIO),,,,
828,ESCUELAS,PROF. RAFAEL RAMIREZ C,CAJEME,CIUDAD OBREGON,27.474836,-109.940371,CONECTADA,1.16,"27.4776144, -109.9289854",1,NIVEL 1 (BAJO),,,,
829,ESCUELAS,EMILIANO ZAPATA,CAJEME,YUCURIBAMPO,27.417651,-109.837099,CONECTADA,1.97,"27.401244, -109.829454",0,NIVEL 2 (MEDIO),,,,
830,ESCUELAS,18 DE MARZO,CAJEME,NUEVA CASA DE TERAS,27.224722,-109.991944,CONECTADA,6.37,"27.26486024, -109.9459878",1,NIVEL 1 (BAJO),,,,
832,ESCUELAS,BENITO JUAREZ,CAJEME,CUMURIPA (LA CALERA),28.151944,-109.909722,SIN CONEXION,0.03,"28.152, -109.91",0,NIVEL 3 (ALTO),,,,
833,ESCUELAS,ACAMAPICHTLI,CAJEME,CIUDAD OBREGON,27.51688,-109.917527,CONECTADA,1.61,"27.52598056, -109.9302889",0,NIVEL 2 (MEDIO),,,,
834,ESCUELAS,JOSE VASCONCELOS,CAJEME,CIUDAD OBREGON,27.47435,-109.929156,CONECTADA,0.36,"27.4776144, -109.9289854",1,NIVEL 1 (BAJO),,,,
835,ESCUELAS,NICOLAS BRAVO,CAJEME,KILOMETRO NUEVE (EL PUEBLITO),27.652778,-109.898611,CONECTADA,10.49,"27.56626, -109.9411",1,NIVEL 1 (BAJO),,,,
836,ESCUELAS,VICENTE GUERRERO,CAJEME,CIUDAD OBREGON,27.517333,-109.925178,CONECTADA,1.09,"27.52598056, -109.9302889",1,NIVEL 1 (BAJO),,,,
837,ESCUELAS,JUAN ESCUTIA,CAJEME,FAMILIA CORDERO,27.354722,-109.973611,CONECTADA,6.12,"27.35423611, -110.035575",1,NIVEL 1 (BAJO),,,,
838,ESCUELAS,VICENTE SUAREZ,CAJEME,CIUDAD OBREGON,27.46669,-109.956157,CONECTADA,1.88,"27.4836, -109.955",1,NIVEL 1 (BAJO),,,,
915,ESCUELAS,NUEVA CREACION PREESCOLAR NIÑOS MIGRANTES,HERMOSILLO,LA PEAÑA,29.034167,-111.054167,SIN CONEXION,3.34,"29.06370833, -111.0482389",0,NIVEL 3 (ALTO),,,,
848,ESCUELAS,NIÑOS HEROES,CAJEME,SONORA PROGRESISTA,27.2625,-109.909167,CONECTADA,0.04,"27.262144, -109.909184",0,NIVEL 2 (MEDIO),,,,
840,ESCUELAS,GENERAL LAZARO CARDENAS DEL RIO,CAJEME,COCORIT,27.575007,-109.966084,CONECTADA,2.65,"27.56626, -109.9411",1,NIVEL 1 (BAJO),,,,
841,ESCUELAS,PROF. JESUS D AGUIRRE,CAJEME,ESPERANZA,27.578224,-109.938954,CONECTADA,1.35,"27.56626, -109.9411",1,NIVEL 1 (BAJO),,,,
842,ESCUELAS,JOSE MARIA PINO SUAREZ,CAJEME,EL OLVIDO,28.042222,-109.7525,CONECTADA,19.69,"28.152, -109.91",0,NIVEL 2 (MEDIO),,,,
843,ESCUELAS,SALVADOR ALLENDE,CAJEME,CIUDAD OBREGON,27.501234,-109.965531,CONECTADA,2.22,"27.4836, -109.955",0,NIVEL 2 (MEDIO),,,,
845,ESCUELAS,GENERAL FELIPE ANGELES,CAJEME,TESOPOBAMPO,27.422222,-109.813611,CONECTADA,2.81,"27.401244, -109.829454",1,NIVEL 1 (BAJO),,,,
846,ESCUELAS,ALEGRIA INFANTIL,EMPALME,MAYTORENA,28.071389,-110.747222,SIN CONEXION,0.48,"28.075694, -110.747167",0,NIVEL 3 (ALTO),,,,
847,ESCUELAS,JAIME NUNO,CAJEME,LA LADRILLERA CANAL ALTO,27.453782,-109.856554,CONECTADA,3.72,"27.457598867, -109.89399989",0,NIVEL 2 (MEDIO),,,,
849,ESCUELAS,5 DE FEBRERO,CAJEME,EJIDO TEPEYAC (CAMPO DOS),27.481389,-110.016944,CONECTADA,6.12,"27.4836, -109.955",0,NIVEL 2 (MEDIO),,,,
850,ESCUELAS,NIÑOS HEROES,CAJEME,BUENAVISTA,27.8,-109.903611,CONECTADA,26.25,"27.56626, -109.9411",1,NIVEL 1 (BAJO),,,,
851,ESCUELAS,MARIANO MATAMOROS,CAJEME,CAMPO VEINTIOCHO,27.5125,-110.035278,CONECTADA,6.28,"27.54989167, -110.083075",0,NIVEL 2 (MEDIO),,,,
852,ESCUELAS,RICARDO FLORES MAGON,CAJEME,VICENTE GUERRERO (EL PORTON),27.538611,-109.978056,CONECTADA,4.77,"27.56626, -109.9411",1,NIVEL 1 (BAJO),,,,
853,ESCUELAS,PROF. ROBERTO ROJAS VALENCIA,CAJEME,CIUDAD OBREGON,27.495153,-109.956533,CONECTADA,1.29,"27.4836, -109.955",1,NIVEL 1 (BAJO),,,,
855,ESCUELAS,CENTAURO DEL NORTE,CAJEME,CIUDAD OBREGON,27.449664,-109.917949,CONECTADA,1.01,"27.44298964, -109.9249233",1,NIVEL 1 (BAJO),,,,
856,ESCUELAS,CARLOS LINNEO,EMPALME,CRUZ DE PIEDRA,27.950833,-110.675833,SIN CONEXION,11.41,"27.959147, -110.79165",0,NIVEL 3 (ALTO),,,,
857,ESCUELAS,AURELIANO A ANAYA,CAJEME,ESPERANZA,27.569005,-109.930328,CONECTADA,1.1,"27.56626, -109.9411",1,NIVEL 1 (BAJO),,,,
916,ESCUELAS,NUEVA CREACION PREESCOLAR NIÑOS MIGRANTES,CABORCA,JUAN ALVAREZ,31.172778,-112.807778,SIN CONEXION,32.61,"30.93714, -113.01164",0,NIVEL 3 (ALTO),,,,
858,ESCUELAS,TIERRA Y LIBERTAD,CAJEME,CIUDAD OBREGON,27.458347,-109.946528,CONECTADA,1.92,"27.46464167, -109.9284222",0,NIVEL 2 (MEDIO),,,,
859,ESCUELAS,GENERAL LAZARO CARDENAS,CAJEME,TAJIMAROA,27.615278,-109.960556,CONECTADA,5.78,"27.56626, -109.9411",1,NIVEL 1 (BAJO),,,,
860,ESCUELAS,JOSE MARIA MORELOS,CAJEME,MORELOS UNO,27.278056,-109.996389,CONECTADA,5.19,"27.26486024, -109.9459878",1,NIVEL 1 (BAJO),,,,
861,ESCUELAS,23 DE OCTUBRE,CAJEME,MARTE R. GOMEZ (TOBARITO),27.369681,-109.886924,SIN CONEXION,0.24,"27.36791944, -109.8883278",0,NIVEL 3 (ALTO),,,,
862,ESCUELAS,GENERAL LUCIO BLANCO,CAJEME,ESPERANZA,27.584549,-109.924116,CONECTADA,2.63,"27.56626, -109.9411",1,NIVEL 1 (BAJO),,,,
863,ESCUELAS,CAMARA JUNIOR,CAJEME,COCORIT,27.575986,-109.959925,CONECTADA,2.15,"27.56626, -109.9411",0,NIVEL 2 (MEDIO),,,,
864,ESCUELAS,PLAN DE AYALA,CAJEME,LOMA DE GUAMUCHIL,27.609722,-109.986667,CONECTADA,6.6,"27.56626, -109.9411",1,NIVEL 1 (BAJO),,,,
865,ESCUELAS,EMILIANO ZAPATA,CAJEME,LOS HORNOS,27.713611,-109.903333,CONECTADA,16.8,"27.56626, -109.9411",1,NIVEL 1 (BAJO),,,,
866,ESCUELAS,IGNACIO ZARAGOZA,CAJEME,BENITO JUAREZ,27.416953,-110.014699,CONECTADA,7.27,"27.35423611, -110.035575",0,NIVEL 2 (MEDIO),,,,
917,ESCUELAS,NUEVA CREACION PREESCOLAR NIÑOS MIGRANTES,GUAYMAS,BAUGO (GUASIMAS),27.914444,-110.573333,SIN CONEXION,17.38,"28.069167, -110.548444",0,NIVEL 3 (ALTO),,,,
867,ESCUELAS,GUADALUPE VICTORIA,CAJEME,GUADALUPE VICTORIA,27.419444,-109.975278,CONECTADA,5.62,"27.44298964, -109.9249233",0,NIVEL 2 (MEDIO),,,,
868,ESCUELAS,BENITO JUAREZ,CAJEME,FRANCISCO VILLA,27.37,-109.809444,CONECTADA,4,"27.401244, -109.829454",1,NIVEL 1 (BAJO),,,,
869,ESCUELAS,PDTE MANUEL AVILA CAMACHO,CAJEME,CIUDAD OBREGON,27.462091,-109.951545,CONECTADA,2.3,"27.46464167, -109.9284222",0,NIVEL 2 (MEDIO),,,,
870,ESCUELAS,JUSTO SIERRA,CAJEME,ALTOS DE JECOPACO,27.170278,-109.892222,CONECTADA,2.88,"27.190529, -109.910359",1,NIVEL 1 (BAJO),,,,
871,ESCUELAS,GENERAL ANTONIO ROSALES,CAJEME,ANTONIO ROSALES,27.351111,-109.853056,CONECTADA,3.95,"27.36791944, -109.8883278",1,NIVEL 1 (BAJO),,,,
873,ESCUELAS,LIC. ADOLFO LOPEZ MATEOS,CAJEME,CIUDAD OBREGON,27.4686,-109.942853,CONECTADA,1.49,"27.46464167, -109.9284222",0,NIVEL 2 (MEDIO),,,,
874,ESCUELAS,ARTICULO TERCERO CONSTITUCIONAL,CAJEME,CIUDAD OBREGON,27.497278,-109.961239,CONECTADA,1.64,"27.4836, -109.955",0,NIVEL 2 (MEDIO),,,,
877,ESCUELAS,LAZARO CARDENAS NUM. 1,CAJEME,QUETCHEHUECA,27.261763,-109.947698,CONECTADA,0.38,"27.26486024, -109.9459878",1,NIVEL 1 (BAJO),,,,
878,ESCUELAS,IGNACIO ALDAMA,CAJEME,ALLENDE (EL DIECIOCHO),27.191667,-109.910278,CONECTADA,0.13,"27.190529, -109.910359",1,NIVEL 1 (BAJO),,,,
879,ESCUELAS,31 DE OCTUBRE,CAJEME,31 DE OCTUBRE,27.295833,-110.0375,CONECTADA,6.28,"27.35232762, -110.0380822",1,NIVEL 1 (BAJO),,,,
880,ESCUELAS,GABRIEL RAMOS MILLAN,CAJEME,MORELOS DOS,27.227222,-110.016111,SIN CONEXION,8.1,"27.26486024, -109.9459878",0,NIVEL 3 (ALTO),,,,
881,ESCUELAS,GENERAL LAZARO CARDENAS,CAJEME,PUEBLO YAQUI,27.352816,-110.039303,CONECTADA,0.13,"27.35232762, -110.0380822",1,NIVEL 1 (BAJO),,,,
883,ESCUELAS,EMILIANO ZAPATA,CAJEME,LA TINAJERA,27.553608,-110.011434,CONECTADA,7.07,"27.56626, -109.9411",0,NIVEL 2 (MEDIO),,,,
885,ESCUELAS,LEONA VICARIO,CAJEME,PASCUAL V. AYON,27.333889,-109.933333,CONECTADA,5.84,"27.36791944, -109.8883278",1,NIVEL 1 (BAJO),,,,
947,ESCUELAS,MARIA DEL CARMEN BOJORQUEZ VALENZUELA,NACO,NACO,31.331019,-109.946911,SIN CONEXION,0.12,"31.33107222, -109.9482",0,NIVEL 3 (ALTO),,,,
886,ESCUELAS,NIÑOS HEROES,CAJEME,LA CARABINA,27.481011,-109.843405,CONECTADA,5.63,"27.457598867, -109.89399989",0,NIVEL 2 (MEDIO),,,,
890,ESCUELAS,PROF. MIGUEL CAJEN HIGUERA,CAJEME,PUEBLO YAQUI,27.351952,-110.03765,CONECTADA,0.06,"27.35232762, -110.0380822",1,NIVEL 1 (BAJO),,,,
892,ESCUELAS,MAXIMILIANO R LOPEZ,CAJEME,CUAUHTEMOC (CAMPO CINCO),27.43004,-110.019707,CONECTADA,8.57,"27.35423611, -110.035575",1,NIVEL 1 (BAJO),,,,
893,ESCUELAS,FORD 122 BENITO JUAREZ,CAJEME,MARTE R. GOMEZ (TOBARITO),27.367891,-109.898139,CONECTADA,0.97,"27.36791944, -109.8883278",0,NIVEL 2 (MEDIO),,,,
894,ESCUELAS,FRIDA KAHLO,CAJEME,CIUDAD OBREGON,27.510364,-109.925536,CONECTADA,1.62,"27.49709444, -109.9322056",1,NIVEL 1 (BAJO),,,,
896,ESCUELAS,AUGUSTO COMTE,EMPALME,EMPALME,27.961334,-110.785727,SIN CONEXION,0.63,"27.959147, -110.79165",0,NIVEL 3 (ALTO),,,,
897,ESCUELAS,JUAN MALDONADO GUAGUETCHIA,CAJEME,CIUDAD OBREGON,27.459543,-109.92807,CONECTADA,0.57,"27.46464167, -109.9284222",1,NIVEL 1 (BAJO),,,,
899,ESCUELAS,ABELARDO L. RODRIGUEZ,CAJEME,CIUDAD OBREGON,27.448944,-109.914693,CONECTADA,1.21,"27.44298964, -109.9249233",0,NIVEL 2 (MEDIO),,,,
900,ESCUELAS,ESTEBAN TEROS CAREAGA,CAJEME,CIUDAD OBREGON,27.524596,-109.904068,CONECTADA,2.59,"27.52598056, -109.9302889",0,NIVEL 2 (MEDIO),,,,
901,ESCUELAS,HEROICO COLEGIO MILITAR,CAJEME,CIUDAD OBREGON,27.566976,-109.920916,CONECTADA,1.99,"27.56626, -109.9411",1,NIVEL 1 (BAJO),,,,
902,ESCUELAS,JOSE MARIA MAYTORENA TAPIA,CAJEME,ESPERANZA,27.561728,-109.938856,CONECTADA,0.55,"27.56626, -109.9411",0,NIVEL 2 (MEDIO),,,,
903,ESCUELAS,JUSTO SIERRA,CAJEME,CIUDAD OBREGON,27.478239,-109.960819,CONECTADA,0.83,"27.4836, -109.955",1,NIVEL 1 (BAJO),,,,
957,ESCUELAS,BAVUKIVARI,TUBUTAMA,LA SANGRE (LA SANGRE NUEVA),30.6425,-111.420278,SIN CONEXION,8.08,"30.573705, -111.447576",0,NIVEL 3 (ALTO),,,,
905,ESCUELAS,RODOLFO ELIAS CALLES,CAJEME,CIUDAD OBREGON,27.488694,-109.988716,CONECTADA,3.37,"27.4836, -109.955",1,NIVEL 1 (BAJO),,,,
906,ESCUELAS,NUEVA CREACION SECUNDARIA NIÑOS MIGRANTES,SANTA CRUZ,MIGUEL HIDALGO (SAN LAZARO),31.145556,-110.641389,SIN CONEXION,11.1,"31.237444, -110.595678",0,NIVEL 3 (ALTO),,,,
907,ESCUELAS,JORGE HUMBERTO GUZMAN ROMAN,CAJEME,CIUDAD OBREGON,27.494019,-109.908908,CONECTADA,2.32,"27.49709444, -109.9322056",0,NIVEL 2 (MEDIO),,,,
908,ESCUELAS,RAFAEL AMAYA AMAYA,CAJEME,CIUDAD OBREGON,27.488666,-109.988323,CONECTADA,3.34,"27.4836, -109.955",0,NIVEL 2 (MEDIO),,,,
909,ESCUELAS,MARIA LUISA PARRA ALMEIDA,CAJEME,CIUDAD OBREGON,27.489167,-109.935,CONECTADA,0.92,"27.49709444, -109.9322056",0,NIVEL 2 (MEDIO),,,,
910,ESCUELAS,JOSE GABRIEL MACIEL LOZANO,CAJEME,CIUDAD OBREGON,27.468378,-109.96683,CONECTADA,2.06,"27.4836, -109.955",0,NIVEL 2 (MEDIO),,,,
911,ESCUELAS,NUEVA CREACION PREESCOLAR NIÑOS MIGRANTES,GUAYMAS,LA ESCONDIDA (GUADALUPE DE GUAYMAS),28.245833,-110.649722,SIN CONEXION,3.79,"28.27353, -110.62722",0,NIVEL 3 (ALTO),,,,
912,ESCUELAS,NUEVA CREACION PREESCOLAR NIÑOS MIGRANTES,HERMOSILLO,EL JOJOBAL,29.197283,-111.655229,SIN CONEXION,24.63,"28.97997, -111.70435",0,NIVEL 3 (ALTO),,,,
913,ESCUELAS,NUEVA CREACION PREESCOLAR NIÑOS MIGRANTES,HERMOSILLO,VIÑEDO RANCHO SONORA,29.306944,-110.920556,SIN CONEXION,4.37,"29.27303, -110.94341",0,NIVEL 3 (ALTO),,,,
918,ESCUELAS,PREESCOLAR NIÑOS MIGRANTES CIUDAD DE LOS NIÑOS,HERMOSILLO,HERMOSILLO,29.098889,-110.954167,CONECTADA,2.22,"29.09162451, -110.9754325",1,NIVEL 1 (BAJO),,,,
919,ESCUELAS,NUEVA CREACION PREESCOLAR NIÑOS MIGRANTES,EMPALME,URSULO GALVAN,28.079444,-110.685278,CONECTADA,6.09,"28.075694, -110.747167",1,NIVEL 1 (BAJO),,,,
921,ESCUELAS,NUEVA CREACION PREESCOLAR NIÑOS MIGRANTES,TUBUTAMA,TUBUTAMA,30.884444,-111.465278,SIN CONEXION,11.35,"30.847936, -111.576303",0,NIVEL 3 (ALTO),,,,
922,ESCUELAS,NUEVA CREACION PREESCOLAR NIÑOS MIGRANTES,HERMOSILLO,SANTA ELENA,29.141111,-110.87,CONECTADA,10.17,"29.196339, -110.7865361",1,NIVEL 1 (BAJO),,,,
923,ESCUELAS,SEVERIANO TALAMANTE,CAJEME,CIUDAD OBREGON,27.487499,-109.938929,CONECTADA,1.26,"27.49709444, -109.9322056",1,NIVEL 1 (BAJO),,,,
925,ESCUELAS,AGUSTIN MELGAR,CAJEME,CIUDAD OBREGON,27.472776,-109.948136,CONECTADA,1.33,"27.48364722, -109.9538472",0,NIVEL 2 (MEDIO),,,,
926,ESCUELAS,LAURA EUGENIA OCHOA ROBLES,CAJEME,CIUDAD OBREGON,27.465783,-109.961638,CONECTADA,2.09,"27.4836, -109.955",0,NIVEL 2 (MEDIO),,,,
927,ESCUELAS,JOSEFINA ROMO DE HUERTA,NACO,NACO,31.330009,-109.947906,SIN CONEXION,0.12,"31.33107222, -109.9482",0,NIVEL 3 (ALTO),,,,
928,ESCUELAS,MARIA DEL CARMEN LLANES NORIEGA,CAJEME,CIUDAD OBREGON,27.476321,-109.925253,CONECTADA,0.4,"27.4776144, -109.9289854",0,NIVEL 2 (MEDIO),,,,
929,ESCUELAS,RAMONCITA GIL OSORIO,CAJEME,CIUDAD OBREGON,27.526356,-109.89532,CONECTADA,3.45,"27.52598056, -109.9302889",0,NIVEL 2 (MEDIO),,,,
930,ESCUELAS,MARIA SANTOS BALDERAS LOPEZ,CAJEME,CIUDAD OBREGON,27.448284,-109.951317,CONECTADA,2.67,"27.44298964, -109.9249233",1,NIVEL 1 (BAJO),,,,
931,ESCUELAS,EBELIA HIGUERA QUIÑONEZ,CAJEME,CIUDAD OBREGON,27.477444,-109.965992,CONECTADA,1.28,"27.4836, -109.955",1,NIVEL 1 (BAJO),,,,
932,ESCUELAS,ARMIDA GONZALEZ CASTRO,CAJEME,CIUDAD OBREGON,27.483455,-109.981097,CONECTADA,2.57,"27.4836, -109.955",1,NIVEL 1 (BAJO),,,,
933,ESCUELAS,MAYRA JULIA IBARRA VALENZUELA,CAJEME,CIUDAD OBREGON,27.459692,-109.9135,CONECTADA,1.57,"27.46464167, -109.9284222",1,NIVEL 1 (BAJO),,,,
934,ESCUELAS,MARIA MYRIAM MORALES PEDRIN,CAJEME,CIUDAD OBREGON,27.489167,-109.935,CONECTADA,0.92,"27.49709444, -109.9322056",1,NIVEL 1 (BAJO),,,,
935,ESCUELAS,NUEVA CREACION PREESCOLAR NIÑOS MIGRANTES,IMURIS,INVERNADERO CRIS-P (CASAS VERDES),30.844058,-110.838917,SIN CONEXION,5.67,"30.793453, -110.846086",0,NIVEL 3 (ALTO),,,,
937,ESCUELAS,ANITA CORDOVA CORDOVA,NACO,NACO,31.313341,-109.94146,SIN CONEXION,1.42,"31.32499, -109.94746",0,NIVEL 3 (ALTO),,,,
942,ESCUELAS,LIC. BENITO JUAREZ NUM. 1,CAJEME,CIUDAD OBREGON,27.473229,-109.949791,CONECTADA,1.23,"27.48364722, -109.9538472",1,NIVEL 1 (BAJO),,,,
945,ESCUELAS,CLUB DE GOLF NUM. 1,CAJEME,ESPERANZA,27.575525,-109.928151,CONECTADA,1.64,"27.56626, -109.9411",1,NIVEL 1 (BAJO),,,,
948,ESCUELAS,REVOLUCION NUM. 1,CAJEME,PROVIDENCIA,27.511002,-109.994348,CONECTADA,4.93,"27.4836, -109.955",0,NIVEL 2 (MEDIO),,,,
949,ESCUELAS,JOSEFINA VDA DE GALVEZ NUM. 1,CAJEME,PUEBLO YAQUI,27.355995,-110.033275,CONECTADA,0.3,"27.35423611, -110.035575",0,NIVEL 2 (MEDIO),,,,
952,ESCUELAS,PALEMON ZAVALA CASTRO,CAJEME,ESPERANZA,27.57403,-109.916298,CONECTADA,2.59,"27.56626, -109.9411",1,NIVEL 1 (BAJO),,,,
953,ESCUELAS,MELCHOR OCAMPO,CAJEME,CIUDAD OBREGON,27.502527,-109.920672,CONECTADA,1.29,"27.49709444, -109.9322056",1,NIVEL 1 (BAJO),,,,
955,ESCUELAS,CENTRO ESCOLAR CAJEME,CAJEME,CIUDAD OBREGON,27.481309,-109.934804,CONECTADA,0.71,"27.4776144, -109.9289854",1,NIVEL 1 (BAJO),,,,
956,ESCUELAS,20 DE NOVIEMBRE,CAJEME,CIUDAD OBREGON,27.480625,-109.950077,CONECTADA,0.5,"27.48364722, -109.9538472",0,NIVEL 2 (MEDIO),,,,
958,ESCUELAS,MA. DE LA LUZ MARQUEZ,CAJEME,PUEBLO YAQUI,27.350819,-110.03143,CONECTADA,0.56,"27.35423611, -110.035575",0,NIVEL 2 (MEDIO),,,,
959,ESCUELAS,PROF. BASILIO RUIZ VELAZQUEZ,CAJEME,PUENTE DE PICOS,27.54351,-109.924824,CONECTADA,2.02,"27.526008, -109.930316",0,NIVEL 2 (MEDIO),,,,
961,ESCUELAS,ILDEGARDO BOJORQUEZ BUSTAMANTE,CAJEME,PROVIDENCIA,27.511699,-109.985523,CONECTADA,4.34,"27.4836, -109.955",1,NIVEL 1 (BAJO),,,,
962,ESCUELAS,HERMAN BRUSS,CAJEME,CIUDAD OBREGON,27.491302,-109.976286,CONECTADA,2.27,"27.4836, -109.955",1,NIVEL 1 (BAJO),,,,
963,ESCUELAS,DISTRIBUIDORES NISSAN 54-1,CAJEME,CIUDAD OBREGON,27.44266,-109.956096,CONECTADA,3.08,"27.44298964, -109.9249233",0,NIVEL 2 (MEDIO),,,,
964,ESCUELAS,ROSA IRMA CHINCHILLAS ORDUÑO,CAJEME,CIUDAD OBREGON,27.487335,-109.905043,CONECTADA,2.6,"27.4776144, -109.9289854",0,NIVEL 2 (MEDIO),,,,
965,ESCUELAS,REFUGIO CORAZON DE MARIA,CAJEME,CIUDAD OBREGON,27.5208595,-109.9257144,CONECTADA,0.73,"27.52598056, -109.9302889",0,NIVEL 2 (MEDIO),,,,
966,ESCUELAS,DISTRIBUIDORES NISSAN,CAJEME,CIUDAD OBREGON,27.4965,-109.933,CONECTADA,0.1,"27.49709444, -109.9322056",1,NIVEL 1 (BAJO),,,,
968,ESCUELAS,TELESECUNDARIA 14,CAJEME,LA TINAJERA,27.553608,-110.011434,CONECTADA,7.07,"27.56626, -109.9411",0,NIVEL 2 (MEDIO),,,,
969,ESCUELAS,TELESECUNDARIA 15,CAJEME,VICENTE GUERRERO (EL PORTON),27.538611,-109.978056,CONECTADA,4.77,"27.56626, -109.9411",0,NIVEL 2 (MEDIO),,,,
970,ESCUELAS,TELESECUNDARIA 16,CAJEME,TESOPOBAMPO,27.422222,-109.813611,CONECTADA,2.81,"27.401244, -109.829454",1,NIVEL 1 (BAJO),,,,
971,ESCUELAS,TELESECUNDARIA 18,CAJEME,MORA VILLALOBOS (CAMPO 29),27.510833,-110.055556,CONECTADA,5.12,"27.54989167, -110.083075",0,NIVEL 2 (MEDIO),,,,
972,ESCUELAS,TELESECUNDARIA 19,CAJEME,CUAUHTEMOC (CAMPO CINCO),27.429619,-110.019157,CONECTADA,8.54,"27.35423611, -110.035575",0,NIVEL 2 (MEDIO),,,,
973,ESCUELAS,TELESECUNDARIA 39,CAJEME,YUCURIBAMPO,27.417651,-109.837099,CONECTADA,1.97,"27.401244, -109.829454",1,NIVEL 1 (BAJO),,,,
974,ESCUELAS,TELESECUNDARIA 41,CAJEME,ESTACION CORRAL,27.628889,-109.966111,CONECTADA,7.39,"27.56626, -109.9411",1,NIVEL 1 (BAJO),,,,
976,ESCUELAS,PROF. CARLOS ESPINOZA MUÑOZ,HERMOSILLO,HERMOSILLO,29.105449,-110.95036,CONECTADA,2.88,"29.09162451, -110.9754325",0,NIVEL 2 (MEDIO),,,,
978,ESCUELAS,TELESECUNDARIA 143,CAJEME,LOS HORNOS,27.713611,-109.903333,CONECTADA,16.8,"27.56626, -109.9411",1,NIVEL 1 (BAJO),,,,
979,ESCUELAS,TELESECUNDARIA 145,CAJEME,FRANCISCO VILLA,27.372253,-109.812322,CONECTADA,3.64,"27.401244, -109.829454",1,NIVEL 1 (BAJO),,,,
980,ESCUELAS,TELESECUNDARIA 259,CAJEME,ANTONIO ROSALES,27.351111,-109.853056,CONECTADA,3.95,"27.36791944, -109.8883278",1,NIVEL 1 (BAJO),,,,
981,ESCUELAS,TELESECUNDARIA 275,CAJEME,KILOMETRO NUEVE (EL PUEBLITO),27.652778,-109.898611,CONECTADA,10.49,"27.56626, -109.9411",1,NIVEL 1 (BAJO),,,,
982,ESCUELAS,TELESECUNDARIA 278,CAJEME,PUENTE DE PICOS,27.54351,-109.924824,CONECTADA,2.02,"27.526008, -109.930316",0,NIVEL 2 (MEDIO),,,,
983,ESCUELAS,TELESECUNDARIA 288,CAJEME,GUADALUPE VICTORIA,27.419444,-109.975278,CONECTADA,5.62,"27.44298964, -109.9249233",0,NIVEL 2 (MEDIO),,,,
984,ESCUELAS,TELESECUNDARIA 314,CAJEME,EL OLVIDO,28.042222,-109.7525,CONECTADA,19.69,"28.152, -109.91",0,NIVEL 2 (MEDIO),,,,
992,ESCUELAS,CARLOS DARWIN,CANANEA,HEROICA CIUDAD DE CANANEA,30.975754,-110.308077,CONECTADA,0.22,"30.977641, -110.308611",1,NIVEL 1 (BAJO),,,,
993,ESCUELAS,SAXI,CANANEA,HEROICA CIUDAD DE CANANEA,30.975472,-110.262834,CONECTADA,1.45,"30.98850278, -110.2630333",0,NIVEL 2 (MEDIO),,,,
995,ESCUELAS,CANANEA,CANANEA,HEROICA CIUDAD DE CANANEA,30.982559,-110.301696,CONECTADA,0.85,"30.9777, -110.308617",0,NIVEL 2 (MEDIO),,,,
996,ESCUELAS,MINERITO,CANANEA,HEROICA CIUDAD DE CANANEA,31.001025,-110.264881,CONECTADA,1.27,"30.98961, -110.26602",0,NIVEL 2 (MEDIO),,,,
998,ESCUELAS,JUAN RIVERA ARMENTA,CAJEME,CIUDAD OBREGON,27.476826,-109.945313,CONECTADA,1.13,"27.48364722, -109.9538472",0,NIVEL 2 (MEDIO),,,,
999,ESCUELAS,VICENTE GUERRERO,CANANEA,VICENTE GUERRERO,30.979722,-110.471111,SIN CONEXION,9.14,"31.00504444, -110.3799139",0,NIVEL 3 (ALTO),,,,
1000,ESCUELAS,IGNACIO ZARAGOZA,CANANEA,IGNACIO ZARAGOZA (LA MESA),31.085,-110.105833,SIN CONEXION,15.42,"31.16462, -109.9732",0,NIVEL 3 (ALTO),,,,
1001,ESCUELAS,JOSE MA MORELOS,CANANEA,JOSE MARIA MORELOS Y PAVON (SAUCEDA),31.214626,-110.221344,SIN CONEXION,24.25,"31.16462, -109.9732",0,NIVEL 3 (ALTO),,,,
1002,ESCUELAS,LIC. ADOLFO LOPEZ MATEOS,CANANEA,CUITACA,31.004722,-110.4925,CONECTADA,10.73,"31.00504444, -110.3799139",1,NIVEL 1 (BAJO),,,,
1003,ESCUELAS,ALFONSO ATONDO GARCIA,CANANEA,HEROICA CIUDAD DE CANANEA,30.98676,-110.268109,CONECTADA,0.37,"30.98961, -110.26602",0,NIVEL 2 (MEDIO),,,,
1004,ESCUELAS,FORD 94,CANANEA,HEROICA CIUDAD DE CANANEA,30.998104,-110.269991,CONECTADA,1.02,"30.98961, -110.26602",0,NIVEL 2 (MEDIO),,,,
1005,ESCUELAS,ELODIA N VDA DE AVILES,CANANEA,HEROICA CIUDAD DE CANANEA,30.986998,-110.291946,CONECTADA,1.9,"30.9777, -110.308617",0,NIVEL 2 (MEDIO),,,,
1006,ESCUELAS,LUIS DONALDO COLOSIO MURRIETA,CANANEA,HEROICA CIUDAD DE CANANEA,30.984173,-110.295918,CONECTADA,1.41,"30.9777, -110.308617",0,NIVEL 2 (MEDIO),,,,
1008,ESCUELAS,ADOLFO LOPEZ MATEOS,NOGALES,HEROICA NOGALES,31.278871,-110.941279,CONECTADA,0.38,"31.278361, -110.945246",0,NIVEL 2 (MEDIO),,,,
1012,ESCUELAS,BENITO JUAREZ,CANANEA,HEROICA CIUDAD DE CANANEA,30.983353,-110.305951,CONECTADA,0.68,"30.9777, -110.308617",0,NIVEL 2 (MEDIO),,,,
1013,ESCUELAS,MELCHOR OCAMPO,CANANEA,HEROICA CIUDAD DE CANANEA,30.976504,-110.303105,CONECTADA,0.54,"30.977641, -110.308611",0,NIVEL 2 (MEDIO),,,,
1014,ESCUELAS,IGNACIO HERNANDEZ,CANANEA,HEROICA CIUDAD DE CANANEA,30.985254,-110.30044,CONECTADA,1.15,"30.9777, -110.308617",0,NIVEL 2 (MEDIO),,,,
1016,ESCUELAS,IGNACIO MANUEL ALTAMIRANO,CANANEA,HEROICA CIUDAD DE CANANEA,30.983663,-110.286241,CONECTADA,2.04,"30.98961, -110.26602",0,NIVEL 2 (MEDIO),,,,
1017,ESCUELAS,PROF. GILBERTO CASTILLO RIOS,CANANEA,HEROICA CIUDAD DE CANANEA,30.975637,-110.265392,CONECTADA,1.45,"30.98850278, -110.2630333",0,NIVEL 2 (MEDIO),,,,
1018,ESCUELAS,GENERAL ESTEBAN BACA CALDERON,CANANEA,HEROICA CIUDAD DE CANANEA,30.978914,-110.300465,CONECTADA,0.79,"30.9777, -110.308617",0,NIVEL 2 (MEDIO),,,,
1021,ESCUELAS,ESCUELA SECUNDARIA TECNICA NUM. 4,SAN LUIS RIO COLORADO,SAN LUIS RIO COLORADO,32.465679,-114.788091,CONECTADA,0.95,"32.473614, -114.784344",0,NIVEL 2 (MEDIO),,,,
1022,ESCUELAS,PROFA. DELIA ARNOLD CAMPILLO,CARBO,CARBO,29.681657,-110.957578,SIN CONEXION,0.14,"29.68045, -110.957931",0,NIVEL 3 (ALTO),,,,
1023,ESCUELAS,CARLOTA ESPINOZA ORTIZ,CARBO,CARBO,29.689368,-110.956545,CONECTADA,0.64,"29.685214, -110.961142",1,NIVEL 1 (BAJO),,,,
1024,ESCUELAS,TOMAS VALDEZ VILLEGAS,NAVOJOA,NAVOJOA,27.066519,-109.447939,CONECTADA,0.21,"27.06563326, -109.4497993",0,NIVEL 2 (MEDIO),,,,
1025,ESCUELAS,PROF. LUIS BURRUEL AHUMADA,CARBO,CARBO,29.683629,-110.96028,CONECTADA,0.19,"29.685214, -110.961142",0,NIVEL 2 (MEDIO),,,,
1026,ESCUELAS,CUCURPE,CUCURPE,CUCURPE,30.329637,-110.70476,SIN CONEXION,0.09,"30.330397, -110.704533",0,NIVEL 3 (ALTO),,,,
1028,ESCUELAS,FRANCISCO HOYOS,CUMPAS,LOS HOYOS,30.124444,-109.782222,SIN CONEXION,14.07,"29.998067, -109.775114",0,NIVEL 3 (ALTO),,,,
1029,ESCUELAS,CARLOS CHAVEZ,CUMPAS,OJO DE AGUA,30.032778,-109.788889,SIN CONEXION,4.08,"29.998067, -109.775114",0,NIVEL 3 (ALTO),,,,
1030,ESCUELAS,FRANCISCO I. MADERO,CUMPAS,CUMPAS,29.99494,-109.781979,CONECTADA,0.6,"29.996425, -109.77598",1,NIVEL 1 (BAJO),,,,
1031,ESCUELAS,OTILIO MONTANO,CUMPAS,LOS HOYOS,30.124444,-109.782222,SIN CONEXION,14.07,"29.998067, -109.775114",0,NIVEL 3 (ALTO),,,,
1032,ESCUELAS,MARTIRES DE BACOBAMPO,CUMPAS,LA COLONIA,29.98,-109.7675,CONECTADA,2,"29.996425, -109.77598",0,NIVEL 2 (MEDIO),,,,
1034,ESCUELAS,MANUEL ORTIZ PAREDES,HERMOSILLO,HERMOSILLO,29.078257,-110.935514,CONECTADA,1.33,"29.06939286, -110.944628",0,NIVEL 2 (MEDIO),,,,
1035,ESCUELAS,ENRIQUETA DE PARODI,CUMPAS,CUMPAS,29.989137,-109.779124,CONECTADA,0.87,"29.996425, -109.77598",1,NIVEL 1 (BAJO),,,,
1036,ESCUELAS,MANUELITA BARCELO MONTAÑO,CUMPAS,JECORI,29.936667,-109.736111,SIN CONEXION,0.48,"29.939763, -109.739574",0,NIVEL 3 (ALTO),,,,
1037,ESCUELAS,PROF. LUIS G MONZON,CUMPAS,JECORI,29.936667,-109.736111,SIN CONEXION,0.48,"29.939763, -109.739574",0,NIVEL 3 (ALTO),,,,
1038,ESCUELAS,TELESECUNDARIA 77,CUMPAS,OJO DE AGUA,30.032778,-109.788889,CONECTADA,4.08,"29.998067, -109.775114",0,NIVEL 2 (MEDIO),,,,
1041,ESCUELAS,TELESECUNDARIA 163,CUMPAS,TEONADEPA,29.991667,-109.7975,CONECTADA,2.14,"29.996425, -109.77598",0,NIVEL 2 (MEDIO),,,,
1042,ESCUELAS,JOSE GUILLERMO CARBO,DIVISADEROS,DIVISADEROS,29.614503,-109.468964,SIN CONEXION,0.12,"29.614828, -109.470172",0,NIVEL 3 (ALTO),,,,
1043,ESCUELAS,IGNACIO ZARAGOZA,DIVISADEROS,DIVISADEROS,29.614,-109.468286,SIN CONEXION,0.2,"29.615191, -109.46673",0,NIVEL 3 (ALTO),,,,
1045,ESCUELAS,BENITO JUAREZ,EMPALME,EMPALME,27.9553,-110.8072,CONECTADA,0.89,"27.95778611, -110.8157917",0,NIVEL 2 (MEDIO),,,,
1046,ESCUELAS,AMADO NERVO,EMPALME,EMPALME,27.974039,-110.812605,CONECTADA,1.02,"27.9652139, -110.815558",0,NIVEL 2 (MEDIO),,,,
1048,ESCUELAS,JUAN SEBASTIAN BACH,EMPALME,EMPALME,27.964945,-110.812656,CONECTADA,0.29,"27.9652139, -110.815558",1,NIVEL 1 (BAJO),,,,
1049,ESCUELAS,JUAN LUIS VIVES,EMPALME,EMPALME,27.965692,-110.802399,SIN CONEXION,1.28,"27.959147, -110.79165",0,NIVEL 3 (ALTO),,,,
1050,ESCUELAS,HELLEN KELLER,EMPALME,JOSE MARIA MORELOS Y PAVON (LA ATRAVEZADA),28.096667,-110.691389,CONECTADA,5.95,"28.075694, -110.747167",1,NIVEL 1 (BAJO),,,,
1051,ESCUELAS,EDUARDO CLAPAREDE,EMPALME,EMPALME,27.968447,-110.81585,SIN CONEXION,0.36,"27.9652139, -110.815558",0,NIVEL 3 (ALTO),,,,
1052,ESCUELAS,MANUEL JOSE OTHON,EMPALME,EMPALME,27.957447,-110.811943,SIN CONEXION,0.38,"27.95778611, -110.8157917",0,NIVEL 3 (ALTO),,,,
1053,ESCUELAS,ANTONIO MACHADO,EMPALME,EMPALME,27.957799,-110.789084,CONECTADA,0.29,"27.959147, -110.79165",1,NIVEL 1 (BAJO),,,,
1054,ESCUELAS,MI PATRIA ES PRIMERO,EMPALME,MI PATRIA ES PRIMERO,28.049444,-110.676944,CONECTADA,7.02,"28.077694, -110.612917",1,NIVEL 1 (BAJO),,,,
1055,ESCUELAS,TIZIANO,EMPALME,LA PALMA,28.050278,-110.701111,CONECTADA,5.33,"28.075694, -110.747167",1,NIVEL 1 (BAJO),,,,
1056,ESCUELAS,RABINDRANAT TAGORE,EMPALME,SANTA MARIA DE GUAYMAS,28.142778,-110.691389,CONECTADA,9.25,"28.075694, -110.747167",1,NIVEL 1 (BAJO),,,,
1057,ESCUELAS,MANUEL PAYNO,EMPALME,EMPALME,27.976483,-110.809649,CONECTADA,1.38,"27.9652139, -110.815558",1,NIVEL 1 (BAJO),,,,
1058,ESCUELAS,RAMON MARTINEZ CORRAL,ETCHOJOA,SAN PEDRO VIEJO,27.016389,-109.620833,CONECTADA,5.31,"26.979011, -109.654255",0,NIVEL 2 (MEDIO),,,,
1060,ESCUELAS,JESUS GARCIA,EMPALME,EMPALME,27.958795,-110.815065,CONECTADA,0.13,"27.95778611, -110.8157917",1,NIVEL 1 (BAJO),,,,
1061,ESCUELAS,MELCHOR OCAMPO,EMPALME,EMPALME,27.963739,-110.808416,CONECTADA,0.72,"27.9652139, -110.815558",1,NIVEL 1 (BAJO),,,,
1062,ESCUELAS,MARIANO MATAMOROS,EMPALME,EMPALME,27.958283,-110.800313,CONECTADA,0.86,"27.959147, -110.79165",0,NIVEL 2 (MEDIO),,,,
1063,ESCUELAS,LIBERACION,EMPALME,SANTA MARIA DE GUAYMAS,28.142778,-110.691389,CONECTADA,9.25,"28.075694, -110.747167",1,NIVEL 1 (BAJO),,,,
1066,ESCUELAS,VALENTIN GOMEZ FARIAS,EMPALME,EMPALME,27.955607,-110.808995,SIN CONEXION,0.71,"27.95778611, -110.8157917",0,NIVEL 3 (ALTO),,,,
1318,ESCUELAS,JOSE IGNACIO SIERRA MARTINEZ,HUATABAMPO,CITAVARO,26.879444,-109.710833,SIN CONEXION,8.01,"26.842562, -109.641426",0,NIVEL 3 (ALTO),,,,
1067,ESCUELAS,HECTOR MOSQUEIRA MATUTE,EMPALME,EMPALME,27.968646,-110.821508,CONECTADA,0.7,"27.9652139, -110.815558",0,NIVEL 2 (MEDIO),,,,
1068,ESCUELAS,JOSE MA MORELOS,EMPALME,JOSE MARIA MORELOS Y PAVON (LA ATRAVEZADA),28.096667,-110.691389,CONECTADA,5.95,"28.075694, -110.747167",0,NIVEL 2 (MEDIO),,,,
1069,ESCUELAS,IGNACIO ZARAGOZA,EMPALME,LA PALMA,28.050278,-110.701111,CONECTADA,5.33,"28.075694, -110.747167",1,NIVEL 1 (BAJO),,,,
1070,ESCUELAS,MIGUEL HIDALGO,EMPALME,SAN FERNANDO DE GUAYMAS,27.97,-110.710833,CONECTADA,8.03,"27.959147, -110.79165",1,NIVEL 1 (BAJO),,,,
1071,ESCUELAS,MI PATRIA ES PRIMERO,EMPALME,MI PATRIA ES PRIMERO,28.049444,-110.676944,CONECTADA,7.02,"28.077694, -110.612917",1,NIVEL 1 (BAJO),,,,
1072,ESCUELAS,ANGEL GARCIA ABURTO,EMPALME,CRUZ DE PIEDRA,27.950833,-110.675833,SIN CONEXION,11.41,"27.959147, -110.79165",0,NIVEL 3 (ALTO),,,,
1073,ESCUELAS,FRANCISCO I. MADERO,EMPALME,URSULO GALVAN,28.079444,-110.685278,CONECTADA,6.09,"28.075694, -110.747167",1,NIVEL 1 (BAJO),,,,
1074,ESCUELAS,JACINTO LOPEZ MORENO,EMPALME,ANTONIO ROSALES,28.079444,-110.611389,SIN CONEXION,0.25,"28.077694, -110.612917",0,NIVEL 3 (ALTO),,,,
1075,ESCUELAS,RAFAEL RAMIREZ,EMPALME,EMPALME,27.963794,-110.812704,CONECTADA,0.32,"27.9652139, -110.815558",1,NIVEL 1 (BAJO),,,,
1076,ESCUELAS,NUEVA CREACION,EMPALME,SANTA MARIA DE GUAYMAS,28.142778,-110.691389,SIN CONEXION,9.25,"28.075694, -110.747167",0,NIVEL 3 (ALTO),,,,
1077,ESCUELAS,MARGARITA MAZA DE JUAREZ,EMPALME,EMPALME,27.967911,-110.816542,CONECTADA,0.32,"27.9652139, -110.815558",0,NIVEL 2 (MEDIO),,,,
1079,ESCUELAS,CUITLAHUAC,EMPALME,JUAN RODRIGUEZ,28.009722,-110.589167,SIN CONEXION,7.72,"28.069167, -110.548444",0,NIVEL 3 (ALTO),,,,
1080,ESCUELAS,VICENTA FLORES MURILLO,EMPALME,EMPALME,27.967113,-110.791172,SIN CONEXION,0.89,"27.959147, -110.79165",0,NIVEL 3 (ALTO),,,,
1082,ESCUELAS,RICARDO FLORES MAGON,CANANEA,HEROICA CIUDAD DE CANANEA,30.989652,-110.267475,CONECTADA,0.14,"30.98961, -110.26602",0,NIVEL 2 (MEDIO),,,,
1083,ESCUELAS,DIANA LAURA DE COLOSIO,EMPALME,EMPALME,27.96523,-110.825058,SIN CONEXION,0.93,"27.9652139, -110.815558",0,NIVEL 3 (ALTO),,,,
1084,ESCUELAS,OCTAVIO PAZ,EMPALME,EMPALME,27.957863,-110.779639,CONECTADA,1.19,"27.959147, -110.79165",1,NIVEL 1 (BAJO),,,,
1085,ESCUELAS,MARTHA CECILIA MURRIETA CORDOVA,EMPALME,EMPALME,27.966116,-110.777744,SIN CONEXION,1.57,"27.959147, -110.79165",0,NIVEL 3 (ALTO),,,,
1086,ESCUELAS,CUAUHTEMOC,EMPALME,EMPALME,27.96607,-110.8023,CONECTADA,1.3,"27.959147, -110.79165",0,NIVEL 2 (MEDIO),,,,
1087,ESCUELAS,MIGUEL HIDALGO Y COSTILLA,EMPALME,EMPALME,27.955473,-110.805978,SIN CONEXION,1,"27.95778611, -110.8157917",0,NIVEL 3 (ALTO),,,,
1089,ESCUELAS,ESCUELA SECUNDARIA TECNICA NUM. 10,HUATABAMPO,HUATABAMPO,26.81639,-109.631268,CONECTADA,1.36,"26.820916667, -109.61855556",0,NIVEL 2 (MEDIO),,,,
1092,ESCUELAS,ESCUELA SECUNDARIA TECNICA NUM. 11,PITIQUITO,PITIQUITO,30.679136,-112.061719,CONECTADA,1.1,"30.67713, -112.05045",0,NIVEL 2 (MEDIO),,,,
1094,ESCUELAS,TELESECUNDARIA 215,EMPALME,SANTA MARIA DE GUAYMAS,28.142778,-110.691389,CONECTADA,9.25,"28.075694, -110.747167",1,NIVEL 1 (BAJO),,,,
1096,ESCUELAS,NICOLAS GARCIA OCEGUEDA,BACUM,SAN JOSE DE BACUM,27.516509,-110.137815,CONECTADA,3.01,"27.498163, -110.115354",0,NIVEL 2 (MEDIO),,,,
1098,ESCUELAS,LA ESPINITA,ETCHOJOA,HUICHACA,26.881389,-109.691944,CONECTADA,6.61,"26.842562, -109.641426",0,NIVEL 2 (MEDIO),,,,
1099,ESCUELAS,EL MANGUITO,ETCHOJOA,LA BOCANA,26.886667,-109.669167,CONECTADA,5.11,"26.911617, -109.625892",0,NIVEL 2 (MEDIO),,,,
1100,ESCUELAS,EL BAYNORO,ETCHOJOA,BAYNORILLO,26.864722,-109.616389,CONECTADA,3.48,"26.84247222, -109.6411222",0,NIVEL 2 (MEDIO),,,,
1101,ESCUELAS,JARDIN DE NIÑOS NUEVA CREACION,ETCHOJOA,MOCOCHOPO (YEMOVARI),27.0675,-109.583889,CONECTADA,6.45,"27.083333, -109.646555",0,NIVEL 2 (MEDIO),,,,
1102,ESCUELAS,EL GUAYABITO,ETCHOJOA,LAS GUAYABAS,26.896944,-109.688889,CONECTADA,6.46,"26.911617, -109.625892",0,NIVEL 2 (MEDIO),,,,
1103,ESCUELAS,U-ILI TO-TO-RO-ORA,ETCHOJOA,EL CENTENARIO,27.063801,-109.558367,CONECTADA,5.65,"27.068219444, -109.50155556",0,NIVEL 2 (MEDIO),,,,
1104,ESCUELAS,LA PLUMITA,ETCHOJOA,NAVOLATO,27.033611,-109.566667,CONECTADA,7.51,"27.068219444, -109.50155556",0,NIVEL 2 (MEDIO),,,,
1105,ESCUELAS,U-ILI-AQUI,ETCHOJOA,AQUICHOPO,27.076667,-109.558611,CONECTADA,5.73,"27.068219444, -109.50155556",0,NIVEL 2 (MEDIO),,,,
1340,ESCUELAS,CAPITAN GABRIEL ZAPAJIZA,GUAYMAS,HUIRIBIS,27.691389,-110.478333,SIN CONEXION,0.15,"27.690069, -110.478103",0,NIVEL 3 (ALTO),,,,
1106,ESCUELAS,ESPERANZA,ETCHOJOA,JITONHUECA,27.061667,-109.605,CONECTADA,4.77,"27.083333, -109.646555",0,NIVEL 2 (MEDIO),,,,
1107,ESCUELAS,EL PASCOLA,ETCHOJOA,GUAYPARIN,26.966667,-109.646944,CONECTADA,1.55,"26.979011, -109.654255",1,NIVEL 1 (BAJO),,,,
1108,ESCUELAS,SAHUARITO,ETCHOJOA,SAHUARAL,26.927843,-109.668377,CONECTADA,4.58,"26.911617, -109.625892",0,NIVEL 2 (MEDIO),,,,
1109,ESCUELAS,EL ARROYITO,ETCHOJOA,MABEJAQUI,26.874167,-109.606389,CONECTADA,4.1,"26.90807591, -109.6227125",0,NIVEL 2 (MEDIO),,,,
1110,ESCUELAS,CAPERUCITA ROJA,ETCHOJOA,MOCHIPACO,26.935561,-109.65791,CONECTADA,4.14,"26.911617, -109.625892",0,NIVEL 2 (MEDIO),,,,
1112,ESCUELAS,LA ESPIGUITA,ETCHOJOA,MOCHIPACO NUEVO,26.932778,-109.613056,CONECTADA,2.68,"26.911617, -109.625892",0,NIVEL 2 (MEDIO),,,,
1113,ESCUELAS,LAS ESTRELLITAS,ETCHOJOA,VILLA TRES CRUCES,26.905556,-109.668056,CONECTADA,4.23,"26.911617, -109.625892",0,NIVEL 2 (MEDIO),,,,
1114,ESCUELAS,EL INDITO,ETCHOJOA,EL CHAPOTE,27.044521,-109.583337,CONECTADA,7.52,"27.074443, -109.65144",0,NIVEL 2 (MEDIO),,,,
1391,ESCUELAS,JOSEFA ORTIZ DE DOMINGUEZ,GUAYMAS,EL YAQUI,28.163611,-110.563333,SIN CONEXION,2.83,"28.1576944, -110.5913889",0,NIVEL 3 (ALTO),,,,
1115,ESCUELAS,LOS MAYITOS,ETCHOJOA,BAYAJORIT,27.086181,-109.665574,CONECTADA,1.21,"27.093839, -109.656901",1,NIVEL 1 (BAJO),,,,
1116,ESCUELAS,MI PEQUENO HOGAR,ETCHOJOA,BUAYSIACOBE,27.060863,-109.684407,CONECTADA,0.23,"27.05884, -109.68408",0,NIVEL 2 (MEDIO),,,,
1117,ESCUELAS,U-ILI-SEE,ETCHOJOA,SEBAMPO,26.878889,-109.570278,CONECTADA,6.13,"26.90807591, -109.6227125",0,NIVEL 2 (MEDIO),,,,
1118,ESCUELAS,U-ILI CAMPANI,ETCHOJOA,CAMPANICHACA,26.926821,-109.643845,CONECTADA,2.45,"26.911617, -109.625892",1,NIVEL 1 (BAJO),,,,
1119,ESCUELAS,UME-ILI OLAM,ETCHOJOA,LOS VIEJOS,26.883056,-109.654444,CONECTADA,4.2,"26.90807591, -109.6227125",0,NIVEL 2 (MEDIO),,,,
1120,ESCUELAS,JU-WICHALACA,ETCHOJOA,CAURAJAQUI,26.891667,-109.590278,CONECTADA,3.7,"26.90807591, -109.6227125",0,NIVEL 2 (MEDIO),,,,
1121,ESCUELAS,EL PROGRESO,ETCHOJOA,MOCORUA,26.96,-109.730556,CONECTADA,4.02,"26.990163, -109.708276",0,NIVEL 2 (MEDIO),,,,
1122,ESCUELAS,PERIQUITO,ETCHOJOA,EL SALITRAL,27.020278,-109.649167,CONECTADA,4.62,"26.979011, -109.654255",0,NIVEL 2 (MEDIO),,,,
1123,ESCUELAS,EL NARANJO,ETCHOJOA,HUIROACHACA,27.025278,-109.648611,CONECTADA,5.13,"27.05884, -109.68408",0,NIVEL 2 (MEDIO),,,,
1524,ESCUELAS,U-MAASO,HUATABAMPO,AGIABAMPO UNO,26.366389,-109.145556,SIN CONEXION,13.28,"26.427719, -109.031198",0,NIVEL 3 (ALTO),,,,
1124,ESCUELAS,EL VENADITO,ETCHOJOA,BACOBAMPO,26.986036,-109.645231,CONECTADA,1.19,"26.979011, -109.654255",1,NIVEL 1 (BAJO),,,,
1125,ESCUELAS,MI NUEVO HOGAR,ETCHOJOA,ETCHOJOA,26.915886,-109.631799,CONECTADA,0.75,"26.911617, -109.625892",1,NIVEL 1 (BAJO),,,,
1126,ESCUELAS,SAN RAFAEL,ETCHOJOA,LA LINEA (LA LINEA DE BASCONCOBE),26.957387,-109.660971,CONECTADA,2.41,"26.97865556, -109.6562833",0,NIVEL 2 (MEDIO),,,,
1127,ESCUELAS,EL DESPERTAR,ETCHOJOA,CAMPO LEON,27.003333,-109.583889,SIN CONEXION,7.48,"26.979011, -109.654255",0,NIVEL 3 (ALTO),,,,
1128,ESCUELAS,EL CARRUCEL,ETCHOJOA,MACOCHIN,27.037279,-109.556282,CONECTADA,6.42,"27.068219444, -109.50155556",0,NIVEL 2 (MEDIO),,,,
1129,ESCUELAS,LOS ARBOLITOS,ETCHOJOA,ESPAÑA (CAMPO NUMERO UNO),26.99,-109.707505,CONECTADA,0.08,"26.990163, -109.708276",0,NIVEL 2 (MEDIO),,,,
1131,ESCUELAS,LA CASITA FELIZ,ETCHOJOA,BUAYSIACOBE,27.074806,-109.687095,CONECTADA,1.8,"27.05884, -109.68408",0,NIVEL 2 (MEDIO),,,,
1132,ESCUELAS,JARDIN DE NIÑOS NUEVA CREACION,ETCHOJOA,BUAYSIACOBE,27.055519,-109.688949,CONECTADA,0.61,"27.05884, -109.68408",0,NIVEL 2 (MEDIO),,,,
1133,ESCUELAS,MAGICO,ETCHOJOA,SAHUARAL,26.926799,-109.661272,CONECTADA,3.89,"26.911617, -109.625892",0,NIVEL 2 (MEDIO),,,,
1134,ESCUELAS,PROGRESO,ETCHOJOA,ETCHOJOA,26.899908,-109.632113,CONECTADA,1.3,"26.90807591, -109.6227125",1,NIVEL 1 (BAJO),,,,
1135,ESCUELAS,VICENTE GUERRERO,ETCHOJOA,GUAYPARIN,26.966667,-109.646944,SIN CONEXION,1.55,"26.979011, -109.654255",0,NIVEL 3 (ALTO),,,,
1136,ESCUELAS,BENITO JUAREZ,ETCHOJOA,ETCHOJOA,26.911671,-109.626017,CONECTADA,0.01,"26.911617, -109.625892",1,NIVEL 1 (BAJO),,,,
1137,ESCUELAS,EL SOLECITO,ETCHOJOA,EL RODEO,27.015278,-109.641111,CONECTADA,4.24,"26.979011, -109.654255",0,NIVEL 2 (MEDIO),,,,
1138,ESCUELAS,JARDIN DE NIÑOS NUEVA CREACION,ETCHOJOA,GUAITANA,27.094299,-109.656938,CONECTADA,0.05,"27.093839, -109.656901",1,NIVEL 1 (BAJO),,,,
1139,ESCUELAS,NIÑOS HEROES,ETCHOJOA,EL CAMPITO (CAMPO NUMERO TRES),26.989167,-109.681111,CONECTADA,2.69,"26.990163, -109.708276",0,NIVEL 2 (MEDIO),,,,
1140,ESCUELAS,MI NUEVO AMANECER,ETCHOJOA,ETCHOJOA,26.922186,-109.625145,CONECTADA,1.18,"26.911617, -109.625892",1,NIVEL 1 (BAJO),,,,
1141,ESCUELAS,JESUS GARCIA,ETCHOJOA,GUAYABITAS (LA SABILA),26.930278,-109.636667,CONECTADA,2.33,"26.911617, -109.625892",0,NIVEL 2 (MEDIO),,,,
1142,ESCUELAS,JOSEFA ORTIZ DE DOMINGUEZ,ETCHOJOA,BURABAMPO,27.003864,-109.638111,CONECTADA,3.19,"26.979011, -109.654255",0,NIVEL 2 (MEDIO),,,,
1144,ESCUELAS,GENERAL GUADALUPE VICTORIA,ETCHOJOA,BACOBAMPO,26.989422,-109.657349,CONECTADA,1.2,"26.979011, -109.654255",1,NIVEL 1 (BAJO),,,,
1146,ESCUELAS,IGNACIO L VALLARTA,ETCHOJOA,LAS PLAYITAS,26.982778,-109.616944,CONECTADA,3.72,"26.979011, -109.654255",0,NIVEL 2 (MEDIO),,,,
1147,ESCUELAS,JOSE MARIA LEYVA CAJEME,GUAYMAS,RAHUM,27.641389,-110.452778,SIN CONEXION,3.88,"27.625629, -110.417627",0,NIVEL 3 (ALTO),,,,
1148,ESCUELAS,HECTOR MANUEL VALDEZ RANGEL,ETCHOJOA,ETCHOJOA,26.911517,-109.625924,CONECTADA,0.01,"26.911617, -109.625892",1,NIVEL 1 (BAJO),,,,
1149,ESCUELAS,VICENTE SUAREZ,ETCHOJOA,BACOBAMPO,26.979102,-109.657626,CONECTADA,0.14,"26.97865556, -109.6562833",1,NIVEL 1 (BAJO),,,,
1150,ESCUELAS,REVOLUCION,ETCHOJOA,BACAME NUEVO,27.162306,-109.583311,SIN CONEXION,10.54,"27.093839, -109.656901",0,NIVEL 3 (ALTO),,,,
1151,ESCUELAS,FRANCISCO I. MADERO,ETCHOJOA,BASCONCOBE,26.95087,-109.670819,CONECTADA,3.41,"26.97865556, -109.6562833",1,NIVEL 1 (BAJO),,,,
1152,ESCUELAS,SILVESTRE REVUELTAS,ETCHOJOA,CHUCARIT,27.031944,-109.583333,CONECTADA,8.24,"27.074443, -109.65144",0,NIVEL 2 (MEDIO),,,,
1153,ESCUELAS,PEDRO CALDERON DE LA BARCA,ETCHOJOA,SAN PEDRO VIEJO,27.016389,-109.620833,CONECTADA,5.31,"26.979011, -109.654255",1,NIVEL 1 (BAJO),,,,
1154,ESCUELAS,JOSE JOAQUIN FERNANDEZ DE LIZARDI,ETCHOJOA,ETCHOJOA,26.905557,-109.626074,CONECTADA,0.44,"26.90807591, -109.6227125",1,NIVEL 1 (BAJO),,,,
1155,ESCUELAS,MARIANO ARISTA,ETCHOJOA,EL RODEO,27.015278,-109.641111,CONECTADA,4.24,"26.979011, -109.654255",0,NIVEL 2 (MEDIO),,,,
1156,ESCUELAS,SEVERIANO TALAMANTE,ETCHOJOA,TALAMANTE (COLONIA TALAMANTE),26.983889,-109.590556,CONECTADA,6.34,"26.979011, -109.654255",0,NIVEL 2 (MEDIO),,,,
1157,ESCUELAS,SALVADOR ALVARADO,ETCHOJOA,BASCONCOBE,26.957962,-109.667034,CONECTADA,2.54,"26.97865556, -109.6562833",1,NIVEL 1 (BAJO),,,,
1162,ESCUELAS,BENITO JUAREZ,ETCHOJOA,GUAYPARIN,26.966667,-109.646944,CONECTADA,1.55,"26.979011, -109.654255",0,NIVEL 2 (MEDIO),,,,
1159,ESCUELAS,JOSE MA MORELOS,ETCHOJOA,VILLA TRES CRUCES,26.905556,-109.668056,CONECTADA,4.23,"26.911617, -109.625892",0,NIVEL 2 (MEDIO),,,,
1160,ESCUELAS,NIÑOS HEROES,ETCHOJOA,EL CAPUSARIT,26.900628,-109.648059,CONECTADA,2.51,"26.911617, -109.625892",0,NIVEL 2 (MEDIO),,,,
1161,ESCUELAS,REVOLUCION,ETCHOJOA,MABEJAQUI,26.874167,-109.606389,CONECTADA,4.1,"26.90807591, -109.6227125",0,NIVEL 2 (MEDIO),,,,
1773,ESCUELAS,MARGARITA MAZA DE JUAREZ,HERMOSILLO,SANTA ROSITA,29.169722,-111.747778,SIN CONEXION,21.52,"28.97997, -111.70435",0,NIVEL 3 (ALTO),,,,
1163,ESCUELAS,SANTOS ONTIVEROS GARCIA,ETCHOJOA,GUAYABITAS (LA SABILA),26.930278,-109.636667,CONECTADA,2.33,"26.911617, -109.625892",0,NIVEL 2 (MEDIO),,,,
1164,ESCUELAS,EMILIANO ZAPATA,ETCHOJOA,EL CHORI (EL CHOYA),26.866389,-109.626389,CONECTADA,3.03,"26.84247222, -109.6411222",0,NIVEL 2 (MEDIO),,,,
1165,ESCUELAS,13 DE SEPTIEMBRE,ETCHOJOA,BUAYSIACOBE,27.05625,-109.688719,CONECTADA,0.54,"27.05884, -109.68408",0,NIVEL 2 (MEDIO),,,,
1166,ESCUELAS,10 DE DICIEMBRE,ETCHOJOA,BACHOCO EL ALTO,27.093894,-109.628897,CONECTADA,2.11,"27.083333, -109.646555",1,NIVEL 1 (BAJO),,,,
1167,ESCUELAS,IM ILI KARY,GUAYMAS,GUASIMAS (DE BELEM),27.885833,-110.581667,SIN CONEXION,20.65,"28.069167, -110.548444",0,NIVEL 3 (ALTO),,,,
1168,ESCUELAS,EMILIANO ZAPATA,ETCHOJOA,BABURO,27.050719,-109.564449,CONECTADA,6.52,"27.068219444, -109.50155556",0,NIVEL 2 (MEDIO),,,,
1170,ESCUELAS,JAIME NUNO,ETCHOJOA,GUAYPARIN,26.966667,-109.646944,CONECTADA,1.55,"26.979011, -109.654255",1,NIVEL 1 (BAJO),,,,
1171,ESCUELAS,RAFELA L RODRIGUEZ,ETCHOJOA,ETCHOJOA,26.920595,-109.627295,CONECTADA,1.01,"26.911617, -109.625892",1,NIVEL 1 (BAJO),,,,
1169,ESCUELAS,GABINO BARREDA,ETCHOJOA,GUAITANA,27.094299,-109.656938,CONECTADA,0.05,"27.093839, -109.656901",0,NIVEL 2 (MEDIO),,,,
1173,ESCUELAS,ESCUELA PRIMARIA NUEVA CREACION,ETCHOJOA,CAMPANICHACA,26.926821,-109.643845,CONECTADA,2.45,"26.911617, -109.625892",0,NIVEL 2 (MEDIO),,,,
1174,ESCUELAS,ADOLFO LOPEZ MATEOS,ETCHOJOA,ETCHOJOA,26.908848,-109.623861,CONECTADA,0.14,"26.90807591, -109.6227125",0,NIVEL 2 (MEDIO),,,,
1175,ESCUELAS,HERMENEGILDO GALEANA,ETCHOJOA,MOCHIPACO,26.935561,-109.65791,CONECTADA,4.14,"26.911617, -109.625892",0,NIVEL 2 (MEDIO),,,,
1176,ESCUELAS,PIPILA,ETCHOJOA,CAMPO LEON,27.003333,-109.583889,CONECTADA,7.48,"26.979011, -109.654255",0,NIVEL 2 (MEDIO),,,,
1177,ESCUELAS,CARLOS PELLICER,GUAYMAS,PROFESOR GRACIANO SANCHEZ,28.2025,-110.679722,SIN CONEXION,9.43,"28.27353, -110.62722",0,NIVEL 3 (ALTO),,,,
1178,ESCUELAS,BENITO JUAREZ,ETCHOJOA,LAS GUAYABAS,26.896944,-109.688889,CONECTADA,6.46,"26.911617, -109.625892",0,NIVEL 2 (MEDIO),,,,
1179,ESCUELAS,NETZAHUALCOYOTL,ETCHOJOA,BASCONCOBE,26.953847,-109.670507,CONECTADA,3.1,"26.97865556, -109.6562833",0,NIVEL 2 (MEDIO),,,,
1180,ESCUELAS,JUSTO SIERRA,ETCHOJOA,BAYNORILLO,26.864722,-109.616389,CONECTADA,3.48,"26.84247222, -109.6411222",0,NIVEL 2 (MEDIO),,,,
1181,ESCUELAS,MIGUEL HIDALGO,ETCHOJOA,CAMPANICHACA,26.926821,-109.643845,CONECTADA,2.45,"26.911617, -109.625892",0,NIVEL 2 (MEDIO),,,,
1182,ESCUELAS,EDO DE VERACRUZ,ETCHOJOA,SEBAMPO,26.878889,-109.570278,CONECTADA,6.13,"26.90807591, -109.6227125",0,NIVEL 2 (MEDIO),,,,
1183,ESCUELAS,5 DE MAYO,ETCHOJOA,EL SALITRAL,27.020278,-109.649167,CONECTADA,4.62,"26.979011, -109.654255",0,NIVEL 2 (MEDIO),,,,
1184,ESCUELAS,CONSTITUCION,ETCHOJOA,MOCORUA,26.96,-109.730556,CONECTADA,4.02,"26.990163, -109.708276",0,NIVEL 2 (MEDIO),,,,
1185,ESCUELAS,BELISARIO DOMINGUEZ,ETCHOJOA,TALAMANTE (COLONIA TALAMANTE),26.983889,-109.590556,CONECTADA,6.34,"26.979011, -109.654255",0,NIVEL 2 (MEDIO),,,,
1186,ESCUELAS,BENITO JUAREZ,ETCHOJOA,TIRISCOHUASA,26.949444,-109.642778,CONECTADA,3.48,"26.979011, -109.654255",0,NIVEL 2 (MEDIO),,,,
1187,ESCUELAS,CRISTOBAL COLON,ETCHOJOA,EL CENTENARIO,27.063801,-109.558367,CONECTADA,5.65,"27.068219444, -109.50155556",0,NIVEL 2 (MEDIO),,,,
1188,ESCUELAS,EMILIANO ZAPATA,ETCHOJOA,JITONHUECA,27.061667,-109.605,CONECTADA,4.77,"27.083333, -109.646555",0,NIVEL 2 (MEDIO),,,,
1189,ESCUELAS,NIÑOS HEROES,ETCHOJOA,NAVOLATO,27.033611,-109.566667,CONECTADA,7.51,"27.068219444, -109.50155556",0,NIVEL 2 (MEDIO),,,,
1190,ESCUELAS,NIÑOS HEROES,ETCHOJOA,CUADRILATERO NUEVE,26.9825,-109.636389,CONECTADA,1.81,"26.979011, -109.654255",0,NIVEL 2 (MEDIO),,,,
1191,ESCUELAS,IGNACIO ALLENDE,ETCHOJOA,EL RODEO,27.015278,-109.641111,CONECTADA,4.24,"26.979011, -109.654255",0,NIVEL 2 (MEDIO),,,,
1774,ESCUELAS,LEONA VICARIO,CABORCA,VIÑEDOS VIVA,30.688889,-112.320278,SIN CONEXION,10.7,"30.705106, -112.430622",0,NIVEL 3 (ALTO),,,,
1192,ESCUELAS,ESTADO DE MICHOACAN,ETCHOJOA,HUIROACHACA,27.025278,-109.648611,CONECTADA,5.13,"27.05884, -109.68408",0,NIVEL 2 (MEDIO),,,,
1194,ESCUELAS,21 DE MARZO,ETCHOJOA,BURABAMPO,27.003864,-109.638111,CONECTADA,3.19,"26.979011, -109.654255",0,NIVEL 2 (MEDIO),,,,
1195,ESCUELAS,HIMNO NACIONAL,ETCHOJOA,MOCOCHOPO (YEMOVARI),27.0675,-109.583889,CONECTADA,6.45,"27.083333, -109.646555",0,NIVEL 2 (MEDIO),,,,
1197,ESCUELAS,ABELARDO L. RODRIGUEZ,ETCHOJOA,LAZARO CARDENAS (MAYOCUSALIT),27.211389,-109.730556,SIN CONEXION,5.32,"27.259221, -109.730015",0,NIVEL 3 (ALTO),,,,
1198,ESCUELAS,FRANCISCO I. MADERO,ETCHOJOA,BACAME NUEVO,27.159653,-109.589143,CONECTADA,9.93,"27.093839, -109.656901",0,NIVEL 2 (MEDIO),,,,
1199,ESCUELAS,GENERAL EMILIANO ZAPATA,ETCHOJOA,LAS MAYAS (COLONIA AGRICOLA BASCONCOBE),26.984722,-109.817778,SIN CONEXION,9.61,"27.038223, -109.741627",0,NIVEL 3 (ALTO),,,,
1200,ESCUELAS,GENERAL LAZARO CARDENAS,ETCHOJOA,EL CHAPOTE,27.044521,-109.583337,CONECTADA,7.52,"27.074443, -109.65144",0,NIVEL 2 (MEDIO),,,,
1201,ESCUELAS,GENERAL LAZARO CARDENAS,ETCHOJOA,EL CAMPITO (CAMPO NUMERO TRES),26.989167,-109.681111,CONECTADA,2.69,"26.990163, -109.708276",0,NIVEL 2 (MEDIO),,,,
1202,ESCUELAS,FRANCISCO I. MADERO,ETCHOJOA,LA BOCANA,26.886667,-109.669167,CONECTADA,5.11,"26.911617, -109.625892",0,NIVEL 2 (MEDIO),,,,
1203,ESCUELAS,BENITO JUAREZ,ETCHOJOA,BAYAJORIT,27.086181,-109.665574,CONECTADA,1.21,"27.093839, -109.656901",1,NIVEL 1 (BAJO),,,,
1204,ESCUELAS,GILBERTO R LIMON,ETCHOJOA,AQUICHOPO,27.076667,-109.558611,CONECTADA,5.73,"27.068219444, -109.50155556",0,NIVEL 2 (MEDIO),,,,
1205,ESCUELAS,LAZARO CARDENAS DEL RIO,ETCHOJOA,HUICHACA,26.881389,-109.691944,CONECTADA,6.61,"26.842562, -109.641426",0,NIVEL 2 (MEDIO),,,,
1206,ESCUELAS,GENERAL FRANCISCO VILLA,ETCHOJOA,LOS VIEJOS,26.883056,-109.654444,CONECTADA,4.2,"26.90807591, -109.6227125",0,NIVEL 2 (MEDIO),,,,
1207,ESCUELAS,NIÑOS HEROES,ETCHOJOA,SAN PEDRO NUEVO,27.024722,-109.626389,CONECTADA,5.78,"26.979011, -109.654255",0,NIVEL 2 (MEDIO),,,,
1208,ESCUELAS,GENERAL LAZARO CARDENAS,ETCHOJOA,GUAYPARIN,26.966667,-109.646944,CONECTADA,1.55,"26.979011, -109.654255",0,NIVEL 2 (MEDIO),,,,
1209,ESCUELAS,ESCUADRON 201,ETCHOJOA,LAS PLAYITAS,26.982778,-109.616944,CONECTADA,3.72,"26.979011, -109.654255",0,NIVEL 2 (MEDIO),,,,
1210,ESCUELAS,JESUS GARCIA CORONA,ETCHOJOA,LA VASCONIA (DEL APELLIDO VASCO),26.93444,-109.611591,CONECTADA,2.91,"26.911617, -109.625892",0,NIVEL 2 (MEDIO),,,,
1775,ESCUELAS,IGNACIO ZARAGOZA,HERMOSILLO,EL JOJOBAL,29.197283,-111.655229,SIN CONEXION,24.63,"28.97997, -111.70435",0,NIVEL 3 (ALTO),,,,
1211,ESCUELAS,NARCISO MENDOZA,ETCHOJOA,TEJABANES VIEJOS,26.998611,-109.591667,CONECTADA,6.57,"26.979011, -109.654255",0,NIVEL 2 (MEDIO),,,,
1212,ESCUELAS,EMILIANO ZAPATA,ETCHOJOA,MIL HECTAREAS,26.946944,-109.708056,CONECTADA,4.81,"26.990163, -109.708276",0,NIVEL 2 (MEDIO),,,,
1213,ESCUELAS,FRANCISCO I. MADERO,ETCHOJOA,ETCHOJOA,26.916106,-109.631662,CONECTADA,0.76,"26.911617, -109.625892",1,NIVEL 1 (BAJO),,,,
1214,ESCUELAS,16 DE SEPTIEMBRE,ETCHOJOA,CAURAJAQUI,26.891667,-109.590278,CONECTADA,3.7,"26.90807591, -109.6227125",0,NIVEL 2 (MEDIO),,,,
1215,ESCUELAS,EL CAMPESINO,ETCHOJOA,CHUCARIT,27.031944,-109.583333,CONECTADA,8.24,"27.074443, -109.65144",0,NIVEL 2 (MEDIO),,,,
1216,ESCUELAS,LAZARO CARDENAS,ETCHOJOA,BUAYSIACOBE,27.062425,-109.687231,CONECTADA,0.51,"27.05884, -109.68408",0,NIVEL 2 (MEDIO),,,,
1217,ESCUELAS,JUSTO SIERRA,NAVOJOA,BARRIO CANTUA,27.218056,-109.236111,SIN CONEXION,14,"27.215093, -109.094535",0,NIVEL 3 (ALTO),,,,
1219,ESCUELAS,GENERAL LAZARO CARDENAS DEL RIO,ETCHOJOA,CAMPO NUMERO 13,26.999167,-109.629444,CONECTADA,3.33,"26.979011, -109.654255",0,NIVEL 2 (MEDIO),,,,
1220,ESCUELAS,EMILIANO ZAPATA,ETCHOJOA,SAHUARAL,26.926873,-109.665129,CONECTADA,4.24,"26.911617, -109.625892",0,NIVEL 2 (MEDIO),,,,
1221,ESCUELAS,ANTONIO VILLARREAL CEBREROS,CAJEME,COCORIT,27.575995,-109.946907,CONECTADA,1.22,"27.56626, -109.9411",0,NIVEL 2 (MEDIO),,,,
1222,ESCUELAS,ALEJANDRO CARRILLO DURON,HUEPAC,HUEPAC,29.911111,-110.213056,CONECTADA,0.15,"29.91147, -110.21156",0,NIVEL 2 (MEDIO),,,,
1223,ESCUELAS,7 DE NOVIEMBRE,MOCTEZUMA,MOCTEZUMA,29.799118,-109.682037,CONECTADA,0.42,"29.80268, -109.68059",0,NIVEL 2 (MEDIO),,,,
1224,ESCUELAS,ESCUELA SECUNDARIA TECNICA NUM. 19,GUAYMAS,HEROICA GUAYMAS,27.893946,-110.893868,CONECTADA,2.92,"27.91950278, -110.9007333",0,NIVEL 2 (MEDIO),,,,
1225,ESCUELAS,DIONICIO BRISEÑO RODRIGUEZ,PUERTO PEÑASCO,PUERTO PEÑASCO,31.306752,-113.541824,CONECTADA,0.16,"31.305833, -113.540556",0,NIVEL 2 (MEDIO),,,,
1226,ESCUELAS,GENERAL IGNACIO ZARAGOZA,ETCHOJOA,ETCHOJOA,26.910566,-109.627027,CONECTADA,0.16,"26.911617, -109.625892",0,NIVEL 2 (MEDIO),,,,
1227,ESCUELAS,TELESECUNDARIA 105,NAVOJOA,LOS BUAYUMS,26.862222,-109.436111,SIN CONEXION,2.23,"26.878814, -109.448692",0,NIVEL 3 (ALTO),,,,
1229,ESCUELAS,LIC. HORACIO SOBARZO,ETCHOJOA,SAN PEDRO VIEJO,27.016389,-109.620833,CONECTADA,5.31,"26.979011, -109.654255",0,NIVEL 2 (MEDIO),,,,
1776,ESCUELAS,EMILIANO ZAPATA,GUAYMAS,TRIUNFO SANTA ROSA,28.139444,-110.606111,SIN CONEXION,2.49,"28.1576944, -110.5913889",0,NIVEL 3 (ALTO),,,,
1230,ESCUELAS,TELESECUNDARIA 127,ETCHOJOA,CAMPO LEON,27.003333,-109.583889,CONECTADA,7.48,"26.979011, -109.654255",1,NIVEL 1 (BAJO),,,,
1231,ESCUELAS,TELESECUNDARIA 129,ETCHOJOA,JITONHUECA,27.061667,-109.605,CONECTADA,4.77,"27.083333, -109.646555",0,NIVEL 2 (MEDIO),,,,
1232,ESCUELAS,TELESECUNDARIA 130,ETCHOJOA,BUAYSIACOBE,27.061376,-109.683955,CONECTADA,0.28,"27.05884, -109.68408",0,NIVEL 2 (MEDIO),,,,
1233,ESCUELAS,TELESECUNDARIA 132,ETCHOJOA,SEBAMPO,26.878889,-109.570278,CONECTADA,6.13,"26.90807591, -109.6227125",1,NIVEL 1 (BAJO),,,,
1234,ESCUELAS,TELESECUNDARIA 134,ETCHOJOA,LA BOCANA,26.886667,-109.669167,CONECTADA,5.11,"26.911617, -109.625892",0,NIVEL 2 (MEDIO),,,,
1235,ESCUELAS,TELESECUNDARIA 157,ETCHOJOA,LAS MAYAS (COLONIA AGRICOLA BASCONCOBE),26.984722,-109.817778,SIN CONEXION,9.61,"27.038223, -109.741627",0,NIVEL 3 (ALTO),,,,
1236,ESCUELAS,TELESECUNDARIA 184,ETCHOJOA,BAYNORILLO,26.864722,-109.616389,CONECTADA,3.48,"26.84247222, -109.6411222",0,NIVEL 2 (MEDIO),,,,
1237,ESCUELAS,TELESECUNDARIA 194,ETCHOJOA,LAS GUAYABAS,26.896944,-109.688889,CONECTADA,6.46,"26.911617, -109.625892",0,NIVEL 2 (MEDIO),,,,
1238,ESCUELAS,TELESECUNDARIA 229,ETCHOJOA,MOCORUA,26.96,-109.730556,CONECTADA,4.02,"26.990163, -109.708276",0,NIVEL 2 (MEDIO),,,,
1239,ESCUELAS,TELESECUNDARIA 230,ETCHOJOA,LA VASCONIA (DEL APELLIDO VASCO),26.93444,-109.611591,CONECTADA,2.91,"26.911617, -109.625892",0,NIVEL 2 (MEDIO),,,,
1240,ESCUELAS,TELESECUNDARIA 247,ETCHOJOA,ETCHOJOA,26.916532,-109.631965,CONECTADA,0.81,"26.911617, -109.625892",0,NIVEL 2 (MEDIO),,,,
1241,ESCUELAS,TELESECUNDARIA 248,ETCHOJOA,HUIROACHACA,27.025278,-109.648611,CONECTADA,5.13,"27.05884, -109.68408",0,NIVEL 2 (MEDIO),,,,
1242,ESCUELAS,TELESECUNDARIA 249,ETCHOJOA,NAVOLATO,27.033611,-109.566667,CONECTADA,7.51,"27.068219444, -109.50155556",0,NIVEL 2 (MEDIO),,,,
1243,ESCUELAS,TELESECUNDARIA 250,ETCHOJOA,LAS PLAYITAS,26.982778,-109.616944,CONECTADA,3.72,"26.979011, -109.654255",0,NIVEL 2 (MEDIO),,,,
1244,ESCUELAS,TELESECUNDARIA 251,ETCHOJOA,VILLA TRES CRUCES,26.905556,-109.668056,CONECTADA,4.23,"26.911617, -109.625892",0,NIVEL 2 (MEDIO),,,,
1245,ESCUELAS,TELESECUNDARIA 261,ETCHOJOA,SAHUARAL,26.926413,-109.668699,CONECTADA,4.55,"26.911617, -109.625892",0,NIVEL 2 (MEDIO),,,,
1246,ESCUELAS,TELESECUNDARIA 270,ETCHOJOA,BACAJAQUIA,27.074722,-109.650556,CONECTADA,0.09,"27.074443, -109.65144",0,NIVEL 2 (MEDIO),,,,
1247,ESCUELAS,NIÑOS HEROES,OPODEPE,OPODEPE,29.926254,-110.631363,SIN CONEXION,0.54,"29.925443, -110.625861",0,NIVEL 3 (ALTO),,,,
1248,ESCUELAS,TELESECUNDARIA 342,ETCHOJOA,GUAITANA,27.094299,-109.656938,CONECTADA,0.05,"27.093839, -109.656901",1,NIVEL 1 (BAJO),,,,
1250,ESCUELAS,ANGELA C DE VALDEZ,FRONTERAS,ESQUEDA,30.718832,-109.589288,CONECTADA,19.65,"30.894625, -109.568311",1,NIVEL 1 (BAJO),,,,
1251,ESCUELAS,RENE DESCARTES,FRONTERAS,FRONTERAS,30.891991,-109.559859,CONECTADA,0.86,"30.894625, -109.568311",1,NIVEL 1 (BAJO),,,,
1252,ESCUELAS,MESA BONITA,FRONTERAS,ESQUEDA,30.726075,-109.585883,CONECTADA,18.82,"30.894625, -109.568311",1,NIVEL 1 (BAJO),,,,
1253,ESCUELAS,JARDIN DE NIÑOS NUEVA CREACION,FRONTERAS,TURICACHI,30.662222,-109.592778,SIN CONEXION,25.95,"30.894625, -109.568311",0,NIVEL 3 (ALTO),,,,
1254,ESCUELAS,FRAY EUSEBIO FRANCISCO KINO,FRONTERAS,CUQUIARACHIC,30.873611,-109.67,SIN CONEXION,9.98,"30.894625, -109.568311",0,NIVEL 3 (ALTO),,,,
1256,ESCUELAS,MIGUEL HIDALGO Y COSTILLA,FRONTERAS,CUCHUTA,30.763611,-109.591667,CONECTADA,14.74,"30.894625, -109.568311",0,NIVEL 2 (MEDIO),,,,
1257,ESCUELAS,ESCUELA SECUNDARIA TECNICA NUM. 21,BACERAC,BACERAC,30.362997,-108.926128,CONECTADA,0.6,"30.360799, -108.93182",0,NIVEL 2 (MEDIO),,,,
1258,ESCUELAS,JESUS GARCIA,FRONTERAS,ESQUEDA,30.72208,-109.590886,CONECTADA,19.31,"30.894625, -109.568311",0,NIVEL 2 (MEDIO),,,,
1259,ESCUELAS,JUAN BAUTISTA DE ANZA,FRONTERAS,FRONTERAS,30.891901,-109.55974,CONECTADA,0.87,"30.894625, -109.568311",0,NIVEL 2 (MEDIO),,,,
1261,ESCUELAS,EMILIO MELGOZA SOLORIO,CAJEME,MARTE R. GOMEZ (TOBARITO),27.368184,-109.892836,CONECTADA,0.45,"27.36791944, -109.8883278",0,NIVEL 2 (MEDIO),,,,
1262,ESCUELAS,ADOLFO LOPEZ MATEOS,GENERAL PLUTARCO ELIAS CALLES,SONOITA,31.865308,-112.853203,CONECTADA,0.37,"31.864325, -112.8494722",0,NIVEL 2 (MEDIO),,,,
1263,ESCUELAS,CARMEN REYNA DE LEON,GENERAL PLUTARCO ELIAS CALLES,SONOITA,31.857454,-112.848477,CONECTADA,0.77,"31.864325, -112.8494722",1,NIVEL 1 (BAJO),,,,
1264,ESCUELAS,AMANECER,GENERAL PLUTARCO ELIAS CALLES,SONOITA,31.872281,-112.831059,CONECTADA,1.95,"31.864325, -112.8494722",1,NIVEL 1 (BAJO),,,,
1265,ESCUELAS,OASIS,GENERAL PLUTARCO ELIAS CALLES,EL DESIERTO DE SONORA,31.825278,-112.757778,SIN CONEXION,9.69,"31.864325, -112.8494722",0,NIVEL 3 (ALTO),,,,
1266,ESCUELAS,SONOYDAG,GENERAL PLUTARCO ELIAS CALLES,SONOITA,31.860885,-112.868709,SIN CONEXION,0.34,"31.86392, -112.86829",0,NIVEL 3 (ALTO),,,,
1267,ESCUELAS,ELVIRA FIGUEROA MARTINEZ,GENERAL PLUTARCO ELIAS CALLES,SONOITA,31.868246,-112.842958,CONECTADA,0.75,"31.864325, -112.8494722",1,NIVEL 1 (BAJO),,,,
1268,ESCUELAS,GENERAL LAZARO CARDENAS,GENERAL PLUTARCO ELIAS CALLES,EL DESIERTO DE SONORA,31.825278,-112.757778,CONECTADA,9.69,"31.864325, -112.8494722",1,NIVEL 1 (BAJO),,,,
1269,ESCUELAS,LIC. BENITO JUAREZ,GENERAL PLUTARCO ELIAS CALLES,SONOITA,31.872214,-112.830808,SIN CONEXION,1.97,"31.864325, -112.8494722",0,NIVEL 3 (ALTO),,,,
1270,ESCUELAS,CLUB DE LEONES,GENERAL PLUTARCO ELIAS CALLES,SONOITA,31.854132,-112.848195,CONECTADA,0.86,"31.856907, -112.856682",0,NIVEL 2 (MEDIO),,,,
1271,ESCUELAS,AÑO DE JUAREZ,GENERAL PLUTARCO ELIAS CALLES,MORELIA,31.903611,-112.913611,SIN CONEXION,6.15,"31.86392, -112.86829",0,NIVEL 3 (ALTO),,,,
1272,ESCUELAS,LAZARO CARDENAS,GENERAL PLUTARCO ELIAS CALLES,ADOLFO LOPEZ MATEOS,31.867018,-112.791398,SIN CONEXION,5.49,"31.864325, -112.8494722",0,NIVEL 3 (ALTO),,,,
1273,ESCUELAS,PRIMERO DE MAYO,GENERAL PLUTARCO ELIAS CALLES,LA NARIZ,31.665409,-112.462102,SIN CONEXION,42.78,"31.864325, -112.8494722",0,NIVEL 3 (ALTO),,,,
1274,ESCUELAS,NIÑOS HEROES,GENERAL PLUTARCO ELIAS CALLES,VALDEZ,31.702786,-112.54117,SIN CONEXION,34.23,"31.864325, -112.8494722",0,NIVEL 3 (ALTO),,,,
1275,ESCUELAS,ESCUELA PRIMARIA NUEVA CREACION,GENERAL PLUTARCO ELIAS CALLES,SONOITA,31.878056,-112.878056,SIN CONEXION,1.82,"31.86392, -112.86829",0,NIVEL 3 (ALTO),,,,
1276,ESCUELAS,ESCUELA SECUNDARIA TECNICA NUM. 23,GUAYMAS,POTAM,27.626389,-110.414444,CONECTADA,0.32,"27.625629, -110.417627",0,NIVEL 2 (MEDIO),,,,
1277,ESCUELAS,HEROES DE CHAPULTEPEC,GENERAL PLUTARCO ELIAS CALLES,SONOITA,31.862429,-112.854265,SIN CONEXION,0.5,"31.864325, -112.8494722",0,NIVEL 3 (ALTO),,,,
1278,ESCUELAS,FILOMENO MATA,GENERAL PLUTARCO ELIAS CALLES,SONOITA,31.863545,-112.853144,CONECTADA,0.36,"31.864325, -112.8494722",0,NIVEL 2 (MEDIO),,,,
1279,ESCUELAS,TELESECUNDARIA 337,GENERAL PLUTARCO ELIAS CALLES,LA NARIZ,31.665409,-112.462102,CONECTADA,42.78,"31.864325, -112.8494722",0,NIVEL 2 (MEDIO),,,,
1282,ESCUELAS,TELESECUNDARIA 362,GENERAL PLUTARCO ELIAS CALLES,ADOLFO LOPEZ MATEOS,31.867018,-112.791398,CONECTADA,5.49,"31.864325, -112.8494722",0,NIVEL 2 (MEDIO),,,,
1283,ESCUELAS,LUIS C BARCELO,GRANADOS,GRANADOS,29.862262,-109.312731,SIN CONEXION,0.19,"29.862711, -109.314637",0,NIVEL 3 (ALTO),,,,
1284,ESCUELAS,15 DE MAYO,GRANADOS,GRANADOS,29.862416,-109.31173,SIN CONEXION,0.13,"29.86225, -109.31035",0,NIVEL 3 (ALTO),,,,
1285,ESCUELAS,LAS MARIPOSAS,GUAYMAS,TORIM,27.578611,-110.229167,SIN CONEXION,0.19,"27.57877, -110.22728",0,NIVEL 3 (ALTO),,,,
1286,ESCUELAS,BEOSKO CHOKI,GUAYMAS,CASAS BLANCAS,27.599167,-110.319444,CONECTADA,1.8,"27.58345, -110.32388",0,NIVEL 2 (MEDIO),,,,
1287,ESCUELAS,VICENTE BUITIMEA,GUAYMAS,ESTACION OROZ (OROZ),27.699444,-110.365833,CONECTADA,9.02,"27.647, -110.296",0,NIVEL 2 (MEDIO),,,,
1288,ESCUELAS,MACOCHINI,GUAYMAS,VICAM (SWITCH),27.632599,-110.292832,CONECTADA,1.63,"27.647, -110.296",0,NIVEL 2 (MEDIO),,,,
1289,ESCUELAS,YOLKO WIKIT,GUAYMAS,VICAM PUEBLO,27.586944,-110.323333,CONECTADA,0.39,"27.58345, -110.32388",0,NIVEL 2 (MEDIO),,,,
1290,ESCUELAS,CUAUHTEMOC,GUAYMAS,VICAM (SWITCH),27.641896,-110.298316,CONECTADA,0.61,"27.647, -110.296",0,NIVEL 2 (MEDIO),,,,
1291,ESCUELAS,SOUTEELA,GUAYMAS,POTAM,27.622413,-110.424579,CONECTADA,0.77,"27.625629, -110.417627",0,NIVEL 2 (MEDIO),,,,
1292,ESCUELAS,LA ESCUELITA,GUAYMAS,EL CASTILLO,27.519444,-110.182778,CONECTADA,0.12,"27.520371, -110.183333",0,NIVEL 2 (MEDIO),,,,
1293,ESCUELAS,SEMALULUKUT,GUAYMAS,VICAM (SWITCH),27.642458,-110.294351,CONECTADA,0.53,"27.647, -110.296",0,NIVEL 2 (MEDIO),,,,
1294,ESCUELAS,BACHOMO,GUAYMAS,VICAM (SWITCH),27.642458,-110.294351,CONECTADA,0.53,"27.647, -110.296",0,NIVEL 2 (MEDIO),,,,
1295,ESCUELAS,EL TRENECITO,GUAYMAS,VICAM (SWITCH),27.638845,-110.28341,CONECTADA,1.54,"27.647, -110.296",0,NIVEL 2 (MEDIO),,,,
1296,ESCUELAS,ILI TAA TACHIRIA,GUAYMAS,VICAM (SWITCH),27.656926,-110.311835,CONECTADA,1.91,"27.647, -110.296",0,NIVEL 2 (MEDIO),,,,
1297,ESCUELAS,ELI BAISE EBOLI,GUAYMAS,POTAM,27.625091,-110.417262,CONECTADA,0.07,"27.625629, -110.417627",0,NIVEL 2 (MEDIO),,,,
1298,ESCUELAS,JARDIN DE NIÑOS NUEVA CREACION,GUAYMAS,POTAM,27.628794,-110.411566,CONECTADA,0.69,"27.625629, -110.417627",0,NIVEL 2 (MEDIO),,,,
1299,ESCUELAS,III USIM JOARAA,GUAYMAS,POTAM,27.621843,-110.417379,CONECTADA,0.42,"27.625629, -110.417627",0,NIVEL 2 (MEDIO),,,,
1787,ESCUELAS,CENTRO DE DESARROLLO INFANTIL DIF HERMOSILLO,HERMOSILLO,MIGUEL ALEMAN (LA DOCE),28.842071,-111.488882,SIN CONEXION,0.03,"28.84228, -111.48905",0,NIVEL 3 (ALTO),,,,
1300,ESCUELAS,JARDIN DE NIÑOS NUEVA CREACION,GUAYMAS,COMPUERTAS,27.604444,-110.261111,CONECTADA,2.79,"27.60383333, -110.2893778",0,NIVEL 2 (MEDIO),,,,
1302,ESCUELAS,ABELARDO L. RODRIGUEZ,GUAYMAS,HEROICA GUAYMAS,27.917403,-110.894477,CONECTADA,0.66,"27.91950278, -110.9007333",1,NIVEL 1 (BAJO),,,,
1303,ESCUELAS,JOSE MA MORELOS Y PAVON,GUAYMAS,VICAM (SWITCH),27.642791,-110.288825,CONECTADA,0.85,"27.647, -110.296",0,NIVEL 2 (MEDIO),,,,
1304,ESCUELAS,JUSTO SIERRA,GUAYMAS,POTAM,27.624429,-110.415238,CONECTADA,0.27,"27.625629, -110.417627",0,NIVEL 2 (MEDIO),,,,
1305,ESCUELAS,MA. ELENA CHANES,GUAYMAS,HEROICA GUAYMAS,27.908293,-110.908567,CONECTADA,1.46,"27.91950278, -110.9007333",0,NIVEL 2 (MEDIO),,,,
1306,ESCUELAS,ADOLFO DE LA HUERTA,GUAYMAS,HEROICA GUAYMAS,27.908813,-110.909749,CONECTADA,1.48,"27.91950278, -110.9007333",0,NIVEL 2 (MEDIO),,,,
1307,ESCUELAS,JEAN PIAGET,GUAYMAS,HEROICA GUAYMAS,27.93223,-110.906663,CONECTADA,0.87,"27.94, -110.906",1,NIVEL 1 (BAJO),,,,
1308,ESCUELAS,LIC. ADOLFO LOPEZ MATEOS,PITIQUITO,LA ESTACION (ESTACION PITIQUITO),30.687222,-112.015278,SIN CONEXION,3.38,"30.67895278, -112.0493028",0,NIVEL 3 (ALTO),,,,
1329,ESCUELAS,ANNA FREUD,GUAYMAS,HEROICA GUAYMAS,27.907876,-110.924101,CONECTADA,2.64,"27.91950278, -110.9007333",0,NIVEL 2 (MEDIO),,,,
1309,ESCUELAS,PLUTARCO ELIAS CALLES,GUAYMAS,HEROICA GUAYMAS,27.930358,-110.874696,CONECTADA,2.83,"27.91950278, -110.9007333",1,NIVEL 1 (BAJO),,,,
1310,ESCUELAS,CLAUDIO DEBUSSY,GUAYMAS,HEROICA GUAYMAS,27.932967,-110.93249,CONECTADA,1.48,"27.94620556, -110.9342083",0,NIVEL 2 (MEDIO),,,,
1311,ESCUELAS,MARIANO AZUELA,GUAYMAS,HEROICA GUAYMAS,27.919157,-110.922091,CONECTADA,2.1,"27.91950278, -110.9007333",0,NIVEL 2 (MEDIO),,,,
1312,ESCUELAS,MARIA LUISA ALCOTT,GUAYMAS,HEROICA GUAYMAS,27.886361,-110.910878,CONECTADA,3.82,"27.91950278, -110.9007333",0,NIVEL 2 (MEDIO),,,,
1313,ESCUELAS,MIGUEL HIDALGO Y COSTILLA,GUAYMAS,HEROICA GUAYMAS,27.943881,-110.929583,CONECTADA,0.52,"27.94620556, -110.9342083",1,NIVEL 1 (BAJO),,,,
1314,ESCUELAS,SELMA LAGERLOF,GUAYMAS,HEROICA GUAYMAS,27.923225,-110.897791,CONECTADA,0.5,"27.91950278, -110.9007333",1,NIVEL 1 (BAJO),,,,
1315,ESCUELAS,ADA M ELFLEIN,GUAYMAS,HEROICA GUAYMAS,27.925252,-110.889952,CONECTADA,1.24,"27.91950278, -110.9007333",1,NIVEL 1 (BAJO),,,,
1316,ESCUELAS,CARLOS PERRAULT,GUAYMAS,HEROICA GUAYMAS,27.936009,-110.881413,CONECTADA,2.4,"27.942091, -110.904878",1,NIVEL 1 (BAJO),,,,
1317,ESCUELAS,MOTOLINIA,GUAYMAS,HEROICA GUAYMAS,27.909615,-110.900691,CONECTADA,1.1,"27.91950278, -110.9007333",1,NIVEL 1 (BAJO),,,,
1319,ESCUELAS,JULIO VERNE,GUAYMAS,HEROICA GUAYMAS,27.898721,-110.920741,CONECTADA,3.03,"27.91950278, -110.9007333",1,NIVEL 1 (BAJO),,,,
1320,ESCUELAS,LEYES DE REFORMA,GUAYMAS,FRANCISCO MARQUEZ,28.1598,-110.587104,CONECTADA,0.48,"28.1576944, -110.5913889",1,NIVEL 1 (BAJO),,,,
1321,ESCUELAS,ADOLFO RUIZ CORTINES,GUAYMAS,SAN JOSE DE GUAYMAS,27.983056,-110.886111,CONECTADA,4.91,"27.942091, -110.904878",0,NIVEL 2 (MEDIO),,,,
1322,ESCUELAS,JUAN RUIZ DE ALARCON,GUAYMAS,HEROICA GUAYMAS,27.927106,-110.869257,CONECTADA,3.21,"27.91950278, -110.9007333",1,NIVEL 1 (BAJO),,,,
1323,ESCUELAS,LUIS VAN BEETHOVEN,GUAYMAS,HEROICA GUAYMAS,27.923633,-110.89771,CONECTADA,0.55,"27.91950278, -110.9007333",0,NIVEL 2 (MEDIO),,,,
1324,ESCUELAS,HEROES DE LA INDEPENDENCIA,GUAYMAS,HEROICA GUAYMAS,27.888945,-110.902841,CONECTADA,3.4,"27.91950278, -110.9007333",0,NIVEL 2 (MEDIO),,,,
1325,ESCUELAS,CARLOS ORTIZ RETES,GUAYMAS,ORTIZ,28.286944,-110.714167,SIN CONEXION,8.64,"28.27353, -110.62722",0,NIVEL 3 (ALTO),,,,
1326,ESCUELAS,JACINTO BENAVENTE,GUAYMAS,HEROICA GUAYMAS,27.872313,-110.91577,CONECTADA,5.45,"27.91950278, -110.9007333",0,NIVEL 2 (MEDIO),,,,
1327,ESCUELAS,MOLIERE,GUAYMAS,HEROICA GUAYMAS,27.88817,-110.890072,CONECTADA,3.64,"27.91950278, -110.9007333",0,NIVEL 2 (MEDIO),,,,
1328,ESCUELAS,ENRIQUE GONZALEZ MARTINEZ,GUAYMAS,SANTA CLARA,28.009722,-110.924167,CONECTADA,7.13,"27.94620556, -110.9342083",0,NIVEL 2 (MEDIO),,,,
1330,ESCUELAS,USI ALEYA,GUAYMAS,SAN CARLOS (SAN CARLOS NUEVO GUAYMAS),27.947823,-111.050765,CONECTADA,0.23,"27.94951389, -111.0521917",1,NIVEL 1 (BAJO),,,,
1331,ESCUELAS,AMERICO VESPUCIO,GUAYMAS,HEROICA GUAYMAS,27.947779,-110.923625,CONECTADA,1.05,"27.94620556, -110.9342083",0,NIVEL 2 (MEDIO),,,,
1332,ESCUELAS,ISIDRO FABELA ALFARO,GUAYMAS,HEROICA GUAYMAS,27.916437,-110.905304,CONECTADA,0.56,"27.91950278, -110.9007333",0,NIVEL 2 (MEDIO),,,,
1333,ESCUELAS,JUDITH MALDONADO GUTIERREZ,GUAYMAS,HEROICA GUAYMAS,27.944287,-110.938462,CONECTADA,0.47,"27.94620556, -110.9342083",0,NIVEL 2 (MEDIO),,,,
1334,ESCUELAS,LORENZO LOPEZ BALMACEDA,CAJEME,QUETCHEHUECA,27.262996,-109.943869,CONECTADA,0.29,"27.26486024, -109.9459878",0,NIVEL 2 (MEDIO),,,,
1335,ESCUELAS,GUADALUPE ARGUELLES OBREGON,ETCHOJOA,BACAME NUEVO,27.161039,-109.58455,CONECTADA,10.35,"27.093839, -109.656901",0,NIVEL 2 (MEDIO),,,,
1336,ESCUELAS,EMIGDIO LOPEZ PEREZ,BACUM,BACUM,27.553489,-110.087324,CONECTADA,0.29,"27.5551, -110.085",0,NIVEL 2 (MEDIO),,,,
1338,ESCUELAS,GENERAL ANTONIO ARMENTA,QUIRIEGO,TEPAHUI,27.396111,-109.182222,SIN CONEXION,0.11,"27.396111, -109.181111",0,NIVEL 3 (ALTO),,,,
1339,ESCUELAS,IGNACIO OSUNA OSUNA,GUAYMAS,VICAM (SWITCH),27.643979,-110.294936,CONECTADA,0.35,"27.647, -110.296",0,NIVEL 2 (MEDIO),,,,
1341,ESCUELAS,VASCO DE QUIROGA,GUAYMAS,COMPUERTAS,27.604444,-110.261111,CONECTADA,2.79,"27.60383333, -110.2893778",0,NIVEL 2 (MEDIO),,,,
1342,ESCUELAS,JOSE ZAVALA,GUAYMAS,BABOJORI,27.598333,-110.300556,CONECTADA,1.23,"27.603578, -110.289613",0,NIVEL 2 (MEDIO),,,,
1343,ESCUELAS,CAPITAN JUAN BANTEA,GUAYMAS,VICAM (SWITCH),27.65564,-110.311743,CONECTADA,1.82,"27.647, -110.296",0,NIVEL 2 (MEDIO),,,,
1344,ESCUELAS,FRANCISCO I. MADERO,GUAYMAS,GUASIMITAS,27.646944,-110.354167,CONECTADA,5.73,"27.647, -110.296",0,NIVEL 2 (MEDIO),,,,
1346,ESCUELAS,COMANDANTE FRANCISCO URBALEJO,GUAYMAS,LENCHO,27.617222,-110.209444,CONECTADA,4.62,"27.57877, -110.22728",0,NIVEL 2 (MEDIO),,,,
1347,ESCUELAS,GENERAL IGNACIO MORI,GUAYMAS,PITAHAYA (BELEM),27.773333,-110.440556,SIN CONEXION,9.97,"27.690069, -110.478103",0,NIVEL 3 (ALTO),,,,
1348,ESCUELAS,GENERAL LUIS MATUZ,GUAYMAS,CASAS BLANCAS,27.599167,-110.319444,SIN CONEXION,1.8,"27.58345, -110.32388",0,NIVEL 3 (ALTO),,,,
1349,ESCUELAS,RAFAEL RAMIREZ,GUAYMAS,ESTACION OROZ (OROZ),27.699444,-110.365833,CONECTADA,9.02,"27.647, -110.296",0,NIVEL 2 (MEDIO),,,,
1351,ESCUELAS,JUAN MALDONADO TETABIATE,GUAYMAS,VICAM PUEBLO,27.586944,-110.323333,CONECTADA,0.39,"27.58345, -110.32388",0,NIVEL 2 (MEDIO),,,,
1352,ESCUELAS,GENERAL JOSE AMARILLAS,GUAYMAS,POTAM,27.623402,-110.423055,CONECTADA,0.59,"27.625629, -110.417627",0,NIVEL 2 (MEDIO),,,,
1353,ESCUELAS,FELIPE MATUZ CORDOVA,GUAYMAS,VICAM (SWITCH),27.646816,-110.289755,CONECTADA,0.62,"27.647, -110.296",0,NIVEL 2 (MEDIO),,,,
1355,ESCUELAS,EUSEBIO FRANCISCO PADRE KINO,GUAYMAS,VICAM (SWITCH),27.643568,-110.29012,CONECTADA,0.69,"27.647, -110.296",0,NIVEL 2 (MEDIO),,,,
1357,ESCUELAS,NIÑOS HEROES DE CHAPULTEPEC,GUAYMAS,HEROICA GUAYMAS,27.922151,-110.910841,CONECTADA,1.04,"27.91950278, -110.9007333",0,NIVEL 2 (MEDIO),,,,
1358,ESCUELAS,MARTIRES DE CABORCA,QUIRIEGO,CABORA,27.435,-109.552222,SIN CONEXION,18.59,"27.3616, -109.721446",0,NIVEL 3 (ALTO),,,,
1359,ESCUELAS,FLORENTINO LOPEZ CERVANTES,GUAYMAS,HEROICA GUAYMAS,27.871753,-110.91475,CONECTADA,5.49,"27.91950278, -110.9007333",1,NIVEL 1 (BAJO),,,,
1360,ESCUELAS,CUAUHTEMOC,GUAYMAS,SAN CARLOS (SAN CARLOS NUEVO GUAYMAS),27.947823,-111.050765,CONECTADA,0.23,"27.94951389, -111.0521917",0,NIVEL 2 (MEDIO),,,,
1362,ESCUELAS,JAIME TORRES BODET,GUAYMAS,POTAM,27.626601,-110.417225,CONECTADA,0.12,"27.625629, -110.417627",0,NIVEL 2 (MEDIO),,,,
1363,ESCUELAS,IGNACIO ALLENDE,GUAYMAS,HEROICA GUAYMAS,27.8878,-110.889559,CONECTADA,3.69,"27.91950278, -110.9007333",0,NIVEL 2 (MEDIO),,,,
1367,ESCUELAS,GENERAL MARIANO ESCOBEDO,GUAYMAS,GENERAL MARIANO ESCOBEDO,28.348611,-110.631111,SIN CONEXION,8.36,"28.27353, -110.62722",0,NIVEL 3 (ALTO),,,,
1368,ESCUELAS,GUADALUPE VICTORIA,ROSARIO,PAREDONES,27.856667,-109.293611,SIN CONEXION,7.12,"27.850747, -109.365744",0,NIVEL 3 (ALTO),,,,
1372,ESCUELAS,FRANCISCO L LLANO,GUAYMAS,HEROICA GUAYMAS,27.909536,-110.9098,CONECTADA,1.42,"27.91950278, -110.9007333",1,NIVEL 1 (BAJO),,,,
1373,ESCUELAS,SEBASTIAN GONZALEZ,GUAYMAS,VICAM (SWITCH),27.633743,-110.293076,CONECTADA,1.5,"27.647, -110.296",0,NIVEL 2 (MEDIO),,,,
1374,ESCUELAS,ADOLFO DE LA HUERTA,GUAYMAS,HEROICA GUAYMAS,27.926194,-110.888908,CONECTADA,1.38,"27.91950278, -110.9007333",1,NIVEL 1 (BAJO),,,,
1375,ESCUELAS,VICENTE GUERRERO,GUAYMAS,PROFESOR GRACIANO SANCHEZ,28.2025,-110.679722,CONECTADA,9.43,"28.27353, -110.62722",1,NIVEL 1 (BAJO),,,,
1376,ESCUELAS,GENERAL GUADALUPE VICTORIA,GUAYMAS,GUADALUPE VICTORIA,28.204722,-110.575556,SIN CONEXION,5.45,"28.1576944, -110.5913889",0,NIVEL 3 (ALTO),,,,
1378,ESCUELAS,JUAN AMOS COMENIO,ROSARIO,TARAHUMARIS,28.205278,-109.186667,SIN CONEXION,17.1,"28.11424, -109.3272",0,NIVEL 3 (ALTO),,,,
1381,ESCUELAS,GENERAL PLUTARCO ELIAS CALLES,GUAYMAS,HEROICA GUAYMAS,27.912464,-110.907588,CONECTADA,1.03,"27.91950278, -110.9007333",1,NIVEL 1 (BAJO),,,,
1382,ESCUELAS,BENITO JUAREZ,GUAYMAS,TORIM,27.578611,-110.229167,SIN CONEXION,0.19,"27.57877, -110.22728",0,NIVEL 3 (ALTO),,,,
1383,ESCUELAS,EMILIANO ZAPATA,GUAYMAS,SANTA CLARA,28.009722,-110.924167,CONECTADA,7.13,"27.94620556, -110.9342083",0,NIVEL 2 (MEDIO),,,,
1384,ESCUELAS,CAJEME,GUAYMAS,GUASIMAS (DE BELEM),27.885833,-110.581667,SIN CONEXION,20.65,"28.069167, -110.548444",0,NIVEL 3 (ALTO),,,,
1385,ESCUELAS,EMILIANO ZAPATA,GUAYMAS,EL CASTILLO,27.519444,-110.182778,CONECTADA,0.12,"27.520371, -110.183333",0,NIVEL 2 (MEDIO),,,,
1386,ESCUELAS,FRANCISCO I. MADERO,GUAYMAS,LA CUADRITA,28.004167,-110.889167,CONECTADA,7.07,"27.942091, -110.904878",0,NIVEL 2 (MEDIO),,,,
1387,ESCUELAS,VICENTE GUERRERO,GUAYMAS,HEROICA GUAYMAS,27.93568,-110.88336,CONECTADA,2.23,"27.942091, -110.904878",1,NIVEL 1 (BAJO),,,,
1388,ESCUELAS,GUADALUPE VICTORIA,GUAYMAS,HEROICA GUAYMAS,27.914288,-110.902911,CONECTADA,0.62,"27.91950278, -110.9007333",1,NIVEL 1 (BAJO),,,,
1392,ESCUELAS,LIC. ADOLFO LOPEZ MATEOS,GUAYMAS,HEROICA GUAYMAS,27.884282,-110.905572,CONECTADA,3.95,"27.91950278, -110.9007333",0,NIVEL 2 (MEDIO),,,,
1393,ESCUELAS,MA. JESUS MAYTORENA DE FOURCADE,GUAYMAS,HEROICA GUAYMAS,27.944289,-110.928893,CONECTADA,0.56,"27.94620556, -110.9342083",1,NIVEL 1 (BAJO),,,,
1394,ESCUELAS,18 DE MARZO,GUAYMAS,HEROICA GUAYMAS,27.935469,-110.934297,CONECTADA,1.19,"27.94620556, -110.9342083",1,NIVEL 1 (BAJO),,,,
1395,ESCUELAS,PROFA. ROSA FELIX BARRAZA,GUAYMAS,VICAM (SWITCH),27.645791,-110.298067,CONECTADA,0.24,"27.647, -110.296",1,NIVEL 1 (BAJO),,,,
1396,ESCUELAS,15 DE SEPTIEMBRE,GUAYMAS,HEROICA GUAYMAS,27.908109,-110.923935,CONECTADA,2.61,"27.91950278, -110.9007333",1,NIVEL 1 (BAJO),,,,
1398,ESCUELAS,NIÑOS HEROES DE CHAPULTEPEC,GUAYMAS,LA MANGA (CAMPO PESQUERO LA MANGA),27.980278,-111.126389,SIN CONEXION,8.05,"27.94951389, -111.0521917",0,NIVEL 3 (ALTO),,,,
1399,ESCUELAS,RICARDO MONTIJO CASTRO,NACO,NACO,31.327345,-109.948717,CONECTADA,0,"31.327333, -109.948686",0,NIVEL 2 (MEDIO),,,,
1401,ESCUELAS,ESCUELA SECUNDARIA TECNICA NUM. 31,SAN IGNACIO RIO MUERTO,SAN IGNACIO RIO MUERTO,27.413056,-110.246667,SIN CONEXION,0.79,"27.409988, -110.239434",0,NIVEL 3 (ALTO),,,,
1402,ESCUELAS,ESCUELA SECUNDARIA TECNICA NUM. 32,EMPALME,JOSE MARIA MORELOS Y PAVON (LA ATRAVEZADA),28.096667,-110.691389,CONECTADA,5.95,"28.075694, -110.747167",0,NIVEL 2 (MEDIO),,,,
1403,ESCUELAS,ESCUELA SECUNDARIA TECNICA NUM. 33,RAYON,RAYON,29.711401,-110.565216,CONECTADA,0.52,"29.707183, -110.567575",0,NIVEL 2 (MEDIO),,,,
1404,ESCUELAS,BENITO JUAREZ GARCIA,IMURIS,IMURIS,30.785873,-110.848193,CONECTADA,0.44,"30.7887194, -110.85133",0,NIVEL 2 (MEDIO),,,,
1405,ESCUELAS,ESCUELA SECUNDARIA TECNICA NUM. 35,CABORCA,PLUTARCO ELIAS CALLES (LA Y GRIEGA),30.802127,-112.718655,CONECTADA,0.65,"30.805425, -112.7130333",0,NIVEL 2 (MEDIO),,,,
1406,ESCUELAS,ENRIQUE RIOS ENRIQUEZ,GENERAL PLUTARCO ELIAS CALLES,SONOITA,31.878747,-112.823854,CONECTADA,2.9,"31.864325, -112.8494722",0,NIVEL 2 (MEDIO),,,,
1407,ESCUELAS,ESCUELA SECUNDARIA TECNICA NUM. 37,PUERTO PEÑASCO,PUERTO PEÑASCO,31.325107,-113.535603,CONECTADA,0.72,"31.32935585, -113.5298673",0,NIVEL 2 (MEDIO),,,,
1408,ESCUELAS,LIC. ADOLFO LOPEZ MATEOS,ROSARIO,EL SAUZ,27.921111,-109.373889,SIN CONEXION,7.82,"27.85111944, -109.366",0,NIVEL 3 (ALTO),,,,
1409,ESCUELAS,ESCUELA SECUNDARIA TECNICA NUM. 38,ETCHOJOA,BASCONCOBE,26.954845,-109.674958,CONECTADA,3.23,"26.97865556, -109.6562833",0,NIVEL 2 (MEDIO),,,,
1410,ESCUELAS,EDUARDO SALCIDO CELAYA,URES,GUADALUPE (GUADALUPE DE URES),29.383611,-110.447778,CONECTADA,7.38,"29.42406, -110.38735",0,NIVEL 2 (MEDIO),,,,
1861,ESCUELAS,PRESIDENTE DE LA PAZ,HERMOSILLO,PLAN DE AYALA,28.568666,-111.55446,SIN CONEXION,21.89,"28.75333, -111.632058",0,NIVEL 3 (ALTO),,,,
1411,ESCUELAS,MACRINA PATIÑO,GUAYMAS,HEROICA GUAYMAS,27.918333,-110.898889,CONECTADA,0.22,"27.91950278, -110.9007333",0,NIVEL 2 (MEDIO),,,,
1412,ESCUELAS,MARIA ELENA ARBALLO PIÑUELAS,GUAYMAS,HEROICA GUAYMAS,27.903198,-110.909519,CONECTADA,2.01,"27.91950278, -110.9007333",0,NIVEL 2 (MEDIO),,,,
1413,ESCUELAS,JUAN ALDAMA,GUAYMAS,LA CUADRITA,28.004167,-110.889167,CONECTADA,7.07,"27.942091, -110.904878",0,NIVEL 2 (MEDIO),,,,
1414,ESCUELAS,ABELARDO L. RODRIGUEZ,GUAYMAS,LA SALVACION,27.980608,-110.896744,CONECTADA,4.36,"27.942091, -110.904878",0,NIVEL 2 (MEDIO),,,,
1415,ESCUELAS,CASA HOGAR PAZ Y BIEN,GUAYMAS,HEROICA GUAYMAS,27.918333,-110.898889,CONECTADA,0.22,"27.91950278, -110.9007333",0,NIVEL 2 (MEDIO),,,,
1416,ESCUELAS,BLANCA SIRIA VALENZUELA LAGARDA,MAZATAN,MAZATAN,29.008836,-110.136295,CONECTADA,0.28,"29.00672, -110.13476",0,NIVEL 2 (MEDIO),,,,
1417,ESCUELAS,ADELINA ANGULO DE ARECHIGA,GUAYMAS,HEROICA GUAYMAS,27.916328,-110.907209,CONECTADA,0.73,"27.91950278, -110.9007333",1,NIVEL 1 (BAJO),,,,
1418,ESCUELAS,FEDERICO CHOPIN,SAN LUIS RIO COLORADO,SAN LUIS RIO COLORADO,32.456998,-114.751643,SIN CONEXION,0.5,"32.456613, -114.746291",0,NIVEL 3 (ALTO),,,,
1419,ESCUELAS,LUIS G DAVILA,GUAYMAS,HEROICA GUAYMAS,27.918333,-110.898889,CONECTADA,0.22,"27.91950278, -110.9007333",1,NIVEL 1 (BAJO),,,,
1898,ESCUELAS,NUEVA CREACION PRIMARIA NIÑOS MIGRANTES,HERMOSILLO,VIÑEDO RANCHO SONORA,29.306944,-110.920556,SIN CONEXION,4.37,"29.27303, -110.94341",0,NIVEL 3 (ALTO),,,,
1420,ESCUELAS,ALFONSO IBERRI,GUAYMAS,HEROICA GUAYMAS,27.918674,-110.899538,CONECTADA,0.15,"27.91950278, -110.9007333",1,NIVEL 1 (BAJO),,,,
1421,ESCUELAS,CARMEN ZAMBRANO,GUAYMAS,HEROICA GUAYMAS,27.926312,-110.891412,CONECTADA,1.19,"27.91950278, -110.9007333",1,NIVEL 1 (BAJO),,,,
1423,ESCUELAS,GENERAL IGNACIO R ALATORRE,GUAYMAS,HEROICA GUAYMAS,27.926224,-110.887309,CONECTADA,1.52,"27.91950278, -110.9007333",1,NIVEL 1 (BAJO),,,,
1424,ESCUELAS,RICARDO PEREZ,GUAYMAS,ORTIZ,28.286944,-110.714167,CONECTADA,8.64,"28.27353, -110.62722",1,NIVEL 1 (BAJO),,,,
1425,ESCUELAS,PETRA L DE RODRIGUEZ,GUAYMAS,SAN JOSE DE GUAYMAS,27.983056,-110.886111,CONECTADA,4.91,"27.942091, -110.904878",0,NIVEL 2 (MEDIO),,,,
1426,ESCUELAS,GENERAL LAZARO CARDENAS,GUAYMAS,HEROICA GUAYMAS,27.902916,-110.909437,CONECTADA,2.03,"27.91950278, -110.9007333",1,NIVEL 1 (BAJO),,,,
1427,ESCUELAS,MA. JESUS BUSTILLO DE RAMIREZ,GUAYMAS,HEROICA GUAYMAS,27.927109,-110.88133,CONECTADA,2.09,"27.91950278, -110.9007333",1,NIVEL 1 (BAJO),,,,
1428,ESCUELAS,HEROES DEL 13 DE JULIO,GUAYMAS,HEROICA GUAYMAS,27.91768974,-110.8946086,CONECTADA,0.63,"27.91950278, -110.9007333",1,NIVEL 1 (BAJO),,,,
1429,ESCUELAS,PROFA. MA JESUS ESCOBAR IBARRA,GUAYMAS,HEROICA GUAYMAS,27.929074,-110.87129,CONECTADA,3.08,"27.91950278, -110.9007333",1,NIVEL 1 (BAJO),,,,
1430,ESCUELAS,FRANCISCA MAYTORENA CAMPILLO,GUAYMAS,LA SALVACION,27.980608,-110.896744,CONECTADA,4.36,"27.942091, -110.904878",0,NIVEL 2 (MEDIO),,,,
1431,ESCUELAS,NICOLAS BRAVO,GUAYMAS,HEROICA GUAYMAS,27.928923,-110.906936,CONECTADA,1.21,"27.91950278, -110.9007333",1,NIVEL 1 (BAJO),,,,
1432,ESCUELAS,MARIA DEL CARMEN TORRES GALLEGO,GUAYMAS,HEROICA GUAYMAS,27.960351,-110.911253,CONECTADA,2.12,"27.942091, -110.904878",1,NIVEL 1 (BAJO),,,,
1433,ESCUELAS,ALBA RIVERA WONG,GUAYMAS,HEROICA GUAYMAS,27.944455,-110.938404,CONECTADA,0.46,"27.94620556, -110.9342083",0,NIVEL 2 (MEDIO),,,,
1434,ESCUELAS,AARON AMARILLAS BUITIMEA,GUAYMAS,CASA AZUL,27.621395,-110.265843,CONECTADA,3.03,"27.60383333, -110.2893778",0,NIVEL 2 (MEDIO),,,,
1436,ESCUELAS,TELESECUNDARIA 123,GUAYMAS,EL SAHUARAL,28.313333,-111.221944,CONECTADA,22.6,"28.317394, -111.4527777",0,NIVEL 2 (MEDIO),,,,
1437,ESCUELAS,TELESECUNDARIA 124,GUAYMAS,SAN JOSE DE GUAYMAS,27.983056,-110.886111,CONECTADA,4.91,"27.942091, -110.904878",0,NIVEL 2 (MEDIO),,,,
1438,ESCUELAS,TELESECUNDARIA 125,GUAYMAS,ORTIZ,28.286944,-110.714167,CONECTADA,8.64,"28.27353, -110.62722",0,NIVEL 2 (MEDIO),,,,
1440,ESCUELAS,EZEQUIEL SILVAS LOPEZ,HERMOSILLO,EL TRIUNFO,28.845,-111.428056,CONECTADA,4.25,"28.854599, -111.385835",0,NIVEL 2 (MEDIO),,,,
1441,ESCUELAS,TELESECUNDARIA 174,GUAYMAS,GENERAL LAZARO CARDENAS,28.316111,-110.588056,SIN CONEXION,6.09,"28.27353, -110.62722",0,NIVEL 3 (ALTO),,,,
1442,ESCUELAS,TELESECUNDARIA 197,GUAYMAS,NICOLAS BRAVO,28.190278,-110.588611,SIN CONEXION,3.63,"28.1576944, -110.5913889",0,NIVEL 3 (ALTO),,,,
1445,ESCUELAS,FUNDACION ESPOSOS RODRIGUEZ,AGUA PRIETA,AGUA PRIETA,31.329847,-109.52295,CONECTADA,0.06,"31.33035, -109.522935",0,NIVEL 2 (MEDIO),,,,
1446,ESCUELAS,TELESECUNDARIA 331,GUAYMAS,VICAM PUEBLO,27.586944,-110.323333,CONECTADA,0.39,"27.58345, -110.32388",0,NIVEL 2 (MEDIO),,,,
1447,ESCUELAS,TELESECUNDARIA 353,GUAYMAS,VICAM (SWITCH),27.65584,-110.312079,CONECTADA,1.86,"27.647, -110.296",0,NIVEL 2 (MEDIO),,,,
1439,ESCUELAS,TELESECUNDARIA 126,GUAYMAS,FRANCISCO MARQUEZ,28.156162,-110.593954,CONECTADA,0.3,"28.1576944, -110.5913889",0,NIVEL 2 (MEDIO),,,,
1450,ESCUELAS,TELESECUNDARIA 370,GUAYMAS,CASA AZUL,27.621395,-110.265843,CONECTADA,3.03,"27.60383333, -110.2893778",0,NIVEL 2 (MEDIO),,,,
1448,ESCUELAS,TELESECUNDARIA 355,GUAYMAS,RAHUM,27.641389,-110.452778,CONECTADA,3.88,"27.625629, -110.417627",0,NIVEL 2 (MEDIO),,,,
1452,ESCUELAS,LAS HIGUERILLAS,HERMOSILLO,MIGUEL ALEMAN (LA DOCE),28.843697,-111.507562,SIN CONEXION,1.73,"28.84294167, -111.4898444",0,NIVEL 3 (ALTO),,,,
1453,ESCUELAS,JARDIN DE NIÑOS NUEVA CREACION,HERMOSILLO,MIGUEL ALEMAN (LA DOCE),28.840386,-111.477363,SIN CONEXION,1.16,"28.84228, -111.48905",0,NIVEL 3 (ALTO),,,,
1454,ESCUELAS,JOSE MARIA GONZALEZ HERMOSILLO,HERMOSILLO,HERMOSILLO,29.036196,-110.977442,CONECTADA,3.76,"29.064011, -110.955496",0,NIVEL 2 (MEDIO),,,,
1455,ESCUELAS,ARQ. GUSTAVO F. AGUILAR BELTRAN,HERMOSILLO,HERMOSILLO,29.052368,-110.984071,CONECTADA,2.95,"29.06763827, -110.9592655",0,NIVEL 2 (MEDIO),,,,
1449,ESCUELAS,TELESECUNDARIA 356,GUAYMAS,PITAHAYA (BELEM),27.773333,-110.440556,CONECTADA,9.97,"27.690069, -110.478103",0,NIVEL 2 (MEDIO),,,,
1459,ESCUELAS,PROF. RUBEN A GUTIERREZ CARRANZA,HERMOSILLO,HERMOSILLO,29.105261,-110.968414,CONECTADA,1.66,"29.09162451, -110.9754325",0,NIVEL 2 (MEDIO),,,,
1460,ESCUELAS,JOSE VASCONCELOS,HERMOSILLO,HERMOSILLO,29.078743,-110.977957,CONECTADA,1.44,"29.09152931, -110.9754964",0,NIVEL 2 (MEDIO),,,,
1461,ESCUELAS,JESUS LEON GONZALEZ,HERMOSILLO,HERMOSILLO,29.137891,-110.985108,CONECTADA,0.65,"29.14361389, -110.9862722",0,NIVEL 2 (MEDIO),,,,
1466,ESCUELAS,HERIBERTO HUERTA LUNA,HERMOSILLO,HERMOSILLO,29.047753,-110.939835,CONECTADA,0.4,"29.051335, -110.939713",0,NIVEL 2 (MEDIO),,,,
1468,ESCUELAS,SECUNDARIA GENERAL NUM. 15,HERMOSILLO,HERMOSILLO,29.098889,-110.954167,CONECTADA,2.22,"29.09162451, -110.9754325",0,NIVEL 2 (MEDIO),,,,
1469,ESCUELAS,JUAN AGUILAR PEREZ,HERMOSILLO,HERMOSILLO,29.178205,-111.004555,CONECTADA,2.94,"29.151882, -111.006934",0,NIVEL 2 (MEDIO),,,,
1470,ESCUELAS,ESCUELA SECUNDARIA TECNICA NUM. 45,NAVOJOA,NAVOJOA,26.841667,-109.484722,CONECTADA,5.46,"26.878814, -109.448692",0,NIVEL 2 (MEDIO),,,,
1471,ESCUELAS,PRIMEROS PASOS,HERMOSILLO,HERMOSILLO,29.074783,-110.934124,CONECTADA,1.18,"29.06939286, -110.944628",1,NIVEL 1 (BAJO),,,,
1472,ESCUELAS,LEONA VICARIO,HERMOSILLO,EL TRIUNFO,28.845,-111.428056,CONECTADA,4.25,"28.854599, -111.385835",0,NIVEL 2 (MEDIO),,,,
1473,ESCUELAS,FRANCISCO EUSEBIO KINO,HERMOSILLO,BAHIA DE KINO,28.822572,-111.93981,SIN CONEXION,1.94,"28.832808, -111.955989",0,NIVEL 3 (ALTO),,,,
1475,ESCUELAS,CAMARA JUNIOR,SAN LUIS RIO COLORADO,SAN LUIS RIO COLORADO,32.443878,-114.736721,SIN CONEXION,0.7,"32.44666667, -114.73",0,NIVEL 3 (ALTO),,,,
1476,ESCUELAS,NETZAHUALCOYOTL,HERMOSILLO,HERMOSILLO,29.059469,-110.959559,CONECTADA,0.64,"29.064011, -110.955496",1,NIVEL 1 (BAJO),,,,
1477,ESCUELAS,JOSE MARIA PINO SUAREZ,HERMOSILLO,EL TAZAJAL,29.143611,-110.882222,CONECTADA,10.11,"29.14361389, -110.9862722",1,NIVEL 1 (BAJO),,,,
1479,ESCUELAS,CRISTOBAL COLON,HERMOSILLO,HERMOSILLO,29.107881,-110.987435,CONECTADA,0.47,"29.11026111, -110.9913861",1,NIVEL 1 (BAJO),,,,
1480,ESCUELAS,PROFA. EVA S DE LOPEZ MATEOS,HERMOSILLO,HERMOSILLO,29.106097,-110.978589,CONECTADA,1.33,"29.11026111, -110.9913861",1,NIVEL 1 (BAJO),,,,
1481,ESCUELAS,BENITO JUAREZ,HERMOSILLO,HERMOSILLO,29.091533,-110.965939,CONECTADA,0.92,"29.09162451, -110.9754325",0,NIVEL 2 (MEDIO),,,,
1482,ESCUELAS,ROSAURA ZAPATA,HERMOSILLO,HERMOSILLO,29.096857,-110.986272,CONECTADA,1.2,"29.09152931, -110.9754964",1,NIVEL 1 (BAJO),,,,
1484,ESCUELAS,ALEYA,HERMOSILLO,HERMOSILLO,29.037333,-110.980627,CONECTADA,3.84,"29.064011, -110.955496",1,NIVEL 1 (BAJO),,,,
1485,ESCUELAS,JUAN JACOBO ROUSSEAU,HERMOSILLO,HERMOSILLO,29.120711,-110.996922,CONECTADA,1.28,"29.11026111, -110.9913861",1,NIVEL 1 (BAJO),,,,
1487,ESCUELAS,GREGORIO TORRES QUINTERO,HERMOSILLO,MIGUEL ALEMAN (LA DOCE),28.841745,-111.48117,SIN CONEXION,0.77,"28.84228, -111.48905",0,NIVEL 3 (ALTO),,,,
1488,ESCUELAS,SIARY,HERMOSILLO,HERMOSILLO,29.036372,-110.965317,CONECTADA,2.91,"29.037639, -110.935456",1,NIVEL 1 (BAJO),,,,
1489,ESCUELAS,EMILIANO ZAPATA,HERMOSILLO,SAN PEDRO O EL SAUCITO (SAN PEDRO EL SAUCITO),29.182222,-110.881667,CONECTADA,9.37,"29.196339, -110.7865361",0,NIVEL 2 (MEDIO),,,,
1490,ESCUELAS,NARCIZO MENDOZA,HERMOSILLO,HERMOSILLO,29.119686,-110.96164,CONECTADA,3.07,"29.11026111, -110.9913861",1,NIVEL 1 (BAJO),,,,
1491,ESCUELAS,MIGUEL DE CERVANTES SAAVEDRA,HERMOSILLO,HERMOSILLO,29.099756,-110.925813,CONECTADA,3.84,"29.06939286, -110.944628",1,NIVEL 1 (BAJO),,,,
1492,ESCUELAS,GUSTAVO ADOLFO BECQUER,HERMOSILLO,HERMOSILLO,29.103439,-110.958728,CONECTADA,2.09,"29.09162451, -110.9754325",1,NIVEL 1 (BAJO),,,,
1494,ESCUELAS,EL SABER,HUATABAMPO,CITAVARO,26.879444,-109.710833,CONECTADA,8.01,"26.842562, -109.641426",0,NIVEL 2 (MEDIO),,,,
1909,ESCUELAS,TELESECUNDARIA VILLAS DEL PAPA FRANCISCO,HERMOSILLO,EL AZAHAR,28.51065,-111.7030056,SIN CONEXION,27.86,"28.75333, -111.632058",0,NIVEL 3 (ALTO),,,,
1496,ESCUELAS,DULCE INFANCIA,HERMOSILLO,HERMOSILLO,29.132067,-110.988183,CONECTADA,1.3,"29.14361389, -110.9862722",1,NIVEL 1 (BAJO),,,,
1497,ESCUELAS,PILTZINTLI,HERMOSILLO,HERMOSILLO,29.138636,-110.978924,CONECTADA,0.9,"29.14361389, -110.9862722",0,NIVEL 2 (MEDIO),,,,
1498,ESCUELAS,JOSE CLEMENTE OROZCO,HERMOSILLO,SAN ENRIQUE,29.010833,-111.43,SIN CONEXION,17.6,"28.857243, -111.386448",0,NIVEL 3 (ALTO),,,,
1499,ESCUELAS,ISAURA RIVERA DE HOYOS,HERMOSILLO,HERMOSILLO,29.087654,-110.92351,CONECTADA,2.89,"29.06939286, -110.944628",0,NIVEL 2 (MEDIO),,,,
1501,ESCUELAS,FACUNDO BERNAL,HERMOSILLO,HERMOSILLO,29.073786,-110.955292,CONECTADA,0.3,"29.07489666, -110.9580838",1,NIVEL 1 (BAJO),,,,
1502,ESCUELAS,JOSE MARIA MORELOS Y PAVON,HERMOSILLO,HERMOSILLO,29.118717,-110.956406,CONECTADA,3.53,"29.11026111, -110.9913861",1,NIVEL 1 (BAJO),,,,
1504,ESCUELAS,JESUS GARCIA CORONA,HERMOSILLO,PLAN DE AYALA,28.568666,-111.55446,SIN CONEXION,21.89,"28.75333, -111.632058",0,NIVEL 3 (ALTO),,,,
1505,ESCUELAS,NIÑOS HEROES DE CHAPULTEPEC,HERMOSILLO,HERMOSILLO,29.094775,-110.919018,CONECTADA,3.76,"29.06939286, -110.944628",1,NIVEL 1 (BAJO),,,,
1506,ESCUELAS,SIMON BOLIVAR,HERMOSILLO,HERMOSILLO,29.074514,-110.944664,CONECTADA,0.57,"29.06939286, -110.944628",1,NIVEL 1 (BAJO),,,,
1507,ESCUELAS,ADRIANA VALENZUELA SALCIDO,HERMOSILLO,HERMOSILLO,29.16903,-111.002048,CONECTADA,1.96,"29.151882, -111.006934",1,NIVEL 1 (BAJO),,,,
1508,ESCUELAS,PROF. ALFREDO EGUIARTE FLORES,HERMOSILLO,HERMOSILLO,29.089681,-110.972593,CONECTADA,0.35,"29.09152931, -110.9754964",0,NIVEL 2 (MEDIO),,,,
1509,ESCUELAS,RODOLFO CAMPODONICO,HERMOSILLO,HERMOSILLO,29.10597,-111.012571,CONECTADA,0.64,"29.102933, -111.007014",1,NIVEL 1 (BAJO),,,,
1510,ESCUELAS,JARDIN DE NIÑOS NUEVA CREACION,HERMOSILLO,HERMOSILLO,29.174759,-111.008924,CONECTADA,2.55,"29.151882, -111.006934",1,NIVEL 1 (BAJO),,,,
1511,ESCUELAS,VILLAS DEL PAPA FRANCISCO,HERMOSILLO,EL AZAHAR,28.51065,-111.31062,SIN CONEXION,25.59,"28.317394, -111.4527777",0,NIVEL 3 (ALTO),,,,
1512,ESCUELAS,JOSE VASCONCELOS,HERMOSILLO,LA VICTORIA,29.122222,-110.889167,CONECTADA,7.97,"29.06939286, -110.944628",1,NIVEL 1 (BAJO),,,,
1513,ESCUELAS,DIEGO RIVERA,HERMOSILLO,MOLINO DE CAMOU (SAN ISIDRO),29.200556,-110.765833,SIN CONEXION,2.06,"29.196339, -110.7865361",0,NIVEL 3 (ALTO),,,,
1514,ESCUELAS,PROF. CARLOS ESPINOZA MUÑOZ,HERMOSILLO,HERMOSILLO,29.087449,-111.049328,CONECTADA,2.17,"29.09499722, -111.0287889",1,NIVEL 1 (BAJO),,,,
1517,ESCUELAS,TIERRA Y LIBERTAD,HERMOSILLO,HERMOSILLO,29.041607,-110.967269,CONECTADA,2.74,"29.064011, -110.955496",1,NIVEL 1 (BAJO),,,,
1518,ESCUELAS,ENRIQUE LAUBSCHER,HERMOSILLO,HERMOSILLO,29.084252,-110.93795,CONECTADA,1.78,"29.06939286, -110.944628",1,NIVEL 1 (BAJO),,,,
1519,ESCUELAS,JIAPSI,HERMOSILLO,HERMOSILLO,29.049642,-110.964374,CONECTADA,1.82,"29.064011, -110.955496",1,NIVEL 1 (BAJO),,,,
1520,ESCUELAS,TUTULI ILI USI,HERMOSILLO,HERMOSILLO,29.081914,-110.924869,CONECTADA,2.37,"29.06939286, -110.944628",1,NIVEL 1 (BAJO),,,,
1521,ESCUELAS,OLIN YOLISTLI,HERMOSILLO,HERMOSILLO,29.079062,-110.943309,CONECTADA,1.08,"29.06939286, -110.944628",1,NIVEL 1 (BAJO),,,,
1522,ESCUELAS,ZIX QUISIIL,HERMOSILLO,HERMOSILLO,29.12851,-110.98511,CONECTADA,1.68,"29.14361389, -110.9862722",1,NIVEL 1 (BAJO),,,,
1523,ESCUELAS,ARCO IRIS,HERMOSILLO,HERMOSILLO,29.100106,-111.003152,CONECTADA,0.49,"29.102933, -111.007014",1,NIVEL 1 (BAJO),,,,
1525,ESCUELAS,CARMEN RAMOS DEL RIO,HERMOSILLO,HERMOSILLO,29.108863,-111.006136,CONECTADA,0.66,"29.102933, -111.007014",1,NIVEL 1 (BAJO),,,,
1526,ESCUELAS,MARTIRES DE CANANEA,HERMOSILLO,HERMOSILLO,29.125723,-110.993205,CONECTADA,1.73,"29.11026111, -110.9913861",1,NIVEL 1 (BAJO),,,,
1527,ESCUELAS,ECOS INFANTILES,HERMOSILLO,HERMOSILLO,29.120929,-110.982986,CONECTADA,1.44,"29.11026111, -110.9913861",1,NIVEL 1 (BAJO),,,,
1530,ESCUELAS,FRAY BARTOLOME DE LAS CASAS,HERMOSILLO,MESA DEL SERI,29.11,-110.836111,CONECTADA,10.74,"29.196339, -110.7865361",1,NIVEL 1 (BAJO),,,,
1531,ESCUELAS,ANTON MAKARENKO,HERMOSILLO,HERMOSILLO,29.116406,-110.977942,CONECTADA,1.47,"29.11026111, -110.9913861",1,NIVEL 1 (BAJO),,,,
1532,ESCUELAS,ALBERTO GUTIERREZ,HERMOSILLO,HERMOSILLO,29.082039,-110.958152,CONECTADA,0.64,"29.07631845, -110.9570658",1,NIVEL 1 (BAJO),,,,
1533,ESCUELAS,BERNARDINO DE SAHAGUN,HERMOSILLO,HERMOSILLO,29.077471,-110.926711,CONECTADA,1.96,"29.06939286, -110.944628",1,NIVEL 1 (BAJO),,,,
1534,ESCUELAS,RAFAEL MENESES ORTIZ,HERMOSILLO,HERMOSILLO,29.118872,-110.994512,CONECTADA,1,"29.11026111, -110.9913861",1,NIVEL 1 (BAJO),,,,
1535,ESCUELAS,INSURGENTES,HERMOSILLO,HERMOSILLO,29.136522,-110.966316,CONECTADA,2.09,"29.14361389, -110.9862722",1,NIVEL 1 (BAJO),,,,
1536,ESCUELAS,FRANCISCO JAVIER CLAVIJERO,HERMOSILLO,HERMOSILLO,29.116154,-111.011302,CONECTADA,1.53,"29.102933, -111.007014",1,NIVEL 1 (BAJO),,,,
1538,ESCUELAS,HERIBERTO AJA OLGUIN,HERMOSILLO,HERMOSILLO,29.131921,-110.955131,CONECTADA,3.29,"29.14361389, -110.9862722",1,NIVEL 1 (BAJO),,,,
1539,ESCUELAS,JOSE S HEALY,HERMOSILLO,HERMOSILLO,29.027458,-110.950707,CONECTADA,1.87,"29.037639, -110.935456",1,NIVEL 1 (BAJO),,,,
1540,ESCUELAS,USI KARY,HERMOSILLO,HERMOSILLO,29.036786,-110.949085,CONECTADA,1.33,"29.037639, -110.935456",1,NIVEL 1 (BAJO),,,,
1541,ESCUELAS,TLANEXTLI,HERMOSILLO,HERMOSILLO,29.131241,-110.996526,CONECTADA,1.7,"29.14361389, -110.9862722",1,NIVEL 1 (BAJO),,,,
1542,ESCUELAS,ROBERT OWEN,HERMOSILLO,HERMOSILLO,29.137941,-110.984703,CONECTADA,0.65,"29.14361389, -110.9862722",0,NIVEL 2 (MEDIO),,,,
1543,ESCUELAS,EMILIANA DE ZUBELDIA,HERMOSILLO,HERMOSILLO,29.118011,-110.989748,CONECTADA,0.88,"29.11026111, -110.9913861",1,NIVEL 1 (BAJO),,,,
1545,ESCUELAS,LUIS GARRIDO,HERMOSILLO,ALEJANDRO CARRILLO MARCOR,28.913889,-111.334167,SIN CONEXION,8.1,"28.85721389, -111.3863694",0,NIVEL 3 (ALTO),,,,
1546,ESCUELAS,FERNANDO CAMARGO VALDEZ,HERMOSILLO,ZAMORA,29.260833,-110.886667,CONECTADA,5.67,"29.27303, -110.94341",1,NIVEL 1 (BAJO),,,,
1547,ESCUELAS,ANDRES QUINTANA ROO,HERMOSILLO,HERMOSILLO,29.058882,-110.978498,CONECTADA,2.11,"29.06763827, -110.9592655",1,NIVEL 1 (BAJO),,,,
1548,ESCUELAS,EVANGELINA PAREDES PESQUEIRA,HERMOSILLO,HERMOSILLO,29.052646,-110.984014,CONECTADA,2.93,"29.06763827, -110.9592655",1,NIVEL 1 (BAJO),,,,
1550,ESCUELAS,DR. FEDERICO SOTELO,HERMOSILLO,HERMOSILLO,29.11895,-111.020791,CONECTADA,2.23,"29.102933, -111.007014",1,NIVEL 1 (BAJO),,,,
1551,ESCUELAS,MISIONEROS,HERMOSILLO,HERMOSILLO,29.119604,-111.001103,CONECTADA,1.35,"29.10935986, -110.9936158",1,NIVEL 1 (BAJO),,,,
1910,ESCUELAS,NUEVA CREACION SECUNDARIA NIÑOS MIGRANTES,OPODEPE,MERESICHIC,30.029727,-110.675267,SIN CONEXION,12.53,"29.925443, -110.625861",0,NIVEL 3 (ALTO),,,,
1552,ESCUELAS,INDEPENDENCIA,HERMOSILLO,LA VICTORIA,29.122222,-110.889167,CONECTADA,7.97,"29.06939286, -110.944628",1,NIVEL 1 (BAJO),,,,
1553,ESCUELAS,ALEXANDER STUART NEILL,HERMOSILLO,HERMOSILLO,29.033294,-110.971142,CONECTADA,3.5,"29.037639, -110.935456",1,NIVEL 1 (BAJO),,,,
1555,ESCUELAS,PORFIRIO PARRA,HERMOSILLO,HERMOSILLO,29.025117,-110.942304,CONECTADA,1.54,"29.037639, -110.935456",1,NIVEL 1 (BAJO),,,,
1556,ESCUELAS,MANUEL GUTIERREZ NAJERA,HERMOSILLO,HERMOSILLO,29.140648,-110.992823,CONECTADA,0.72,"29.14361389, -110.9862722",1,NIVEL 1 (BAJO),,,,
1557,ESCUELAS,DESERET,HERMOSILLO,HERMOSILLO,29.126561,-111.007974,CONECTADA,2.37,"29.10935986, -110.9936158",1,NIVEL 1 (BAJO),,,,
1558,ESCUELAS,AMY AMELIA RESENDEZ TORREZ,HERMOSILLO,HERMOSILLO,29.143454,-110.973543,CONECTADA,1.24,"29.14361389, -110.9862722",1,NIVEL 1 (BAJO),,,,
1559,ESCUELAS,DIANA LAURA R DE COLOSIO,HERMOSILLO,HERMOSILLO,29.135583,-110.991826,CONECTADA,1.04,"29.14361389, -110.9862722",1,NIVEL 1 (BAJO),,,,
1560,ESCUELAS,JOSE SOSA CHAVEZ,HERMOSILLO,HERMOSILLO,29.033602,-110.990258,CONECTADA,4.78,"29.064011, -110.955496",1,NIVEL 1 (BAJO),,,,
1561,ESCUELAS,CARLOS RODRIGO ORTIZ,HERMOSILLO,HERMOSILLO,29.031033,-110.947359,CONECTADA,1.37,"29.037639, -110.935456",1,NIVEL 1 (BAJO),,,,
1562,ESCUELAS,PROF. RAMON G. BONFIL,HERMOSILLO,HERMOSILLO,29.020804,-110.965336,CONECTADA,3.2,"29.008651, -110.935527",1,NIVEL 1 (BAJO),,,,
1563,ESCUELAS,ENRIQUE QUIJADA,HERMOSILLO,HERMOSILLO,29.003091,-110.928694,CONECTADA,0.91,"29.008651, -110.935527",1,NIVEL 1 (BAJO),,,,
1564,ESCUELAS,JUAN FRANCISCO MEZA GALAVIZ,HERMOSILLO,HERMOSILLO,29.150298,-110.988934,CONECTADA,0.79,"29.14361389, -110.9862722",1,NIVEL 1 (BAJO),,,,
1565,ESCUELAS,SYLVIA MUNGUIA LLANES,HERMOSILLO,HERMOSILLO,29.149131,-110.973057,CONECTADA,1.42,"29.14361389, -110.9862722",1,NIVEL 1 (BAJO),,,,
1566,ESCUELAS,SOLEDAD LEYVA MUNGUIA,HERMOSILLO,MIGUEL ALEMAN (LA DOCE),28.845429,-111.500442,CONECTADA,1.07,"28.84294167, -111.4898444",0,NIVEL 2 (MEDIO),,,,
1568,ESCUELAS,MARTIN LUIS GUZMAN,HERMOSILLO,HERMOSILLO,29.103408,-110.921283,CONECTADA,4.41,"29.06939286, -110.944628",1,NIVEL 1 (BAJO),,,,
1569,ESCUELAS,ARMIDA DE LA VARA Y ROBLES,HERMOSILLO,HERMOSILLO,29.121827,-111.027619,CONECTADA,2.9,"29.102933, -111.007014",1,NIVEL 1 (BAJO),,,,
1570,ESCUELAS,PLATON,HERMOSILLO,HERMOSILLO,29.042336,-110.942789,CONECTADA,0.88,"29.037639, -110.935456",1,NIVEL 1 (BAJO),,,,
1571,ESCUELAS,MARIA ZAMORA DE BACAME,HERMOSILLO,EL ALAMITO BUENAVISTA (EL TRONCONAL),29.176111,-110.852222,CONECTADA,6.76,"29.196339, -110.7865361",1,NIVEL 1 (BAJO),,,,
1572,ESCUELAS,JOSE ALBERTO HEALY NORIEGA,HERMOSILLO,HERMOSILLO,29.149791,-110.984341,CONECTADA,0.71,"29.14361389, -110.9862722",1,NIVEL 1 (BAJO),,,,
1573,ESCUELAS,OCTAVIO PAZ,HERMOSILLO,HERMOSILLO,29.146436,-111.000022,CONECTADA,0.9,"29.151882, -111.006934",1,NIVEL 1 (BAJO),,,,
1574,ESCUELAS,ADOLFO LOPEZ MATEOS,HERMOSILLO,HERMOSILLO,29.030496,-110.980686,CONECTADA,4.46,"29.064011, -110.955496",1,NIVEL 1 (BAJO),,,,
1575,ESCUELAS,LORETO ENCINAS DE AVILES,HERMOSILLO,HERMOSILLO,29.001812,-110.93533,CONECTADA,0.76,"29.008651, -110.935527",1,NIVEL 1 (BAJO),,,,
1576,ESCUELAS,JESUS PERALTA PERALTA,HERMOSILLO,HERMOSILLO,29.111245,-111.019786,CONECTADA,1.55,"29.102933, -111.007014",1,NIVEL 1 (BAJO),,,,
1577,ESCUELAS,AMELIA GAMEZ ORTIZ,HERMOSILLO,HERMOSILLO,29.148037,-110.96725,CONECTADA,1.91,"29.14361389, -110.9862722",1,NIVEL 1 (BAJO),,,,
1578,ESCUELAS,BERNARDO RIVERA RODRIGUEZ,HERMOSILLO,HERMOSILLO,29.15241,-110.976116,CONECTADA,1.39,"29.14361389, -110.9862722",1,NIVEL 1 (BAJO),,,,
1579,ESCUELAS,INFANTES DEL FUTURO,HERMOSILLO,HERMOSILLO,29.130009,-111.019109,CONECTADA,2.7,"29.151882, -111.006934",1,NIVEL 1 (BAJO),,,,
1580,ESCUELAS,MARGARITA GOMEZ PALACIO MUÑOZ,HERMOSILLO,HERMOSILLO,29.156788,-111.013418,CONECTADA,0.83,"29.151882, -111.006934",1,NIVEL 1 (BAJO),,,,
1581,ESCUELAS,JOSEFINA SORIA LARREA,HERMOSILLO,HERMOSILLO,29.009321,-110.944626,CONECTADA,0.89,"29.008651, -110.935527",1,NIVEL 1 (BAJO),,,,
1582,ESCUELAS,MARTHA BRACHO TORRES,HERMOSILLO,HERMOSILLO,29.065352,-110.98774,CONECTADA,2.78,"29.06763827, -110.9592655",1,NIVEL 1 (BAJO),,,,
1583,ESCUELAS,MANUEL MORENO ESTRELLA,HERMOSILLO,HERMOSILLO,29.04732,-110.940127,CONECTADA,0.45,"29.051335, -110.939713",1,NIVEL 1 (BAJO),,,,
1584,ESCUELAS,HELIO CARLOS AGANZA MORENO,HERMOSILLO,HERMOSILLO,29.158239,-111.014982,CONECTADA,1.05,"29.151882, -111.006934",0,NIVEL 2 (MEDIO),,,,
1585,ESCUELAS,ANA ALCARAZ BARRETO,HERMOSILLO,MIGUEL ALEMAN (LA DOCE),28.84253,-111.47189,SIN CONEXION,1.67,"28.84228, -111.48905",0,NIVEL 3 (ALTO),,,,
1586,ESCUELAS,TERESA SANTACRUZ DORAME,HERMOSILLO,HERMOSILLO,29.167477,-111.020784,CONECTADA,2.19,"29.151882, -111.006934",1,NIVEL 1 (BAJO),,,,
1587,ESCUELAS,MARIA LUISA REAL DUARTE,HERMOSILLO,HERMOSILLO,29.117943,-111.029505,CONECTADA,2.55,"29.09499722, -111.0287889",1,NIVEL 1 (BAJO),,,,
1911,ESCUELAS,NUEVA CREACION SECUNDARIA NIÑOS MIGRANTES,HERMOSILLO,LOS POCITOS,28.572118,-111.395282,SIN CONEXION,28.88,"28.317394, -111.4527777",0,NIVEL 3 (ALTO),,,,
1588,ESCUELAS,GILBERTO ESCOBOSA GAMEZ,HERMOSILLO,HERMOSILLO,29.015982,-110.967591,CONECTADA,3.22,"29.008651, -110.935527",1,NIVEL 1 (BAJO),,,,
1589,ESCUELAS,NUEVA CREACION PRIMARIA NI¤OS MIGRANTES,HERMOSILLO,SANTA MONICA,28.744235,-111.454681,SIN CONEXION,11.4,"28.84228, -111.48905",0,NIVEL 3 (ALTO),,,,
1590,ESCUELAS,ROSALIA MORALES DUARTE,HERMOSILLO,HERMOSILLO,29.121887,-111.013164,CONECTADA,2.19,"29.102933, -111.007014",1,NIVEL 1 (BAJO),,,,
1591,ESCUELAS,MARIA DE LA LUZ RESENDEZ TORRES,HERMOSILLO,EL CHOYUDO (LOS JAPONESES),28.322222,-111.452778,SIN CONEXION,0.54,"28.317394, -111.4527777",0,NIVEL 3 (ALTO),,,,
1592,ESCUELAS,MIGUEL ANGEL SALIDO ESQUER,HERMOSILLO,HERMOSILLO,29.009321,-110.944626,CONECTADA,0.89,"29.008651, -110.935527",1,NIVEL 1 (BAJO),,,,
1593,ESCUELAS,JUANA ACUÑA GAMEZ,HERMOSILLO,HERMOSILLO,29.16305,-111.00192,CONECTADA,1.33,"29.151882, -111.006934",1,NIVEL 1 (BAJO),,,,
1594,ESCUELAS,EMERENCIANA RUIZ DUARTE,HERMOSILLO,MIGUEL ALEMAN (LA DOCE),28.840386,-111.477362,SIN CONEXION,1.16,"28.84228, -111.48905",0,NIVEL 3 (ALTO),,,,
1595,ESCUELAS,MARTIN GUADALUPE MOROYOQUI COSME,HERMOSILLO,HERMOSILLO,29.126363,-111.043145,CONECTADA,3.76,"29.09499722, -111.0287889",1,NIVEL 1 (BAJO),,,,
1596,ESCUELAS,ELISA GONZALEZ FAVELA,HERMOSILLO,HERMOSILLO,29.155544,-111.001403,CONECTADA,0.67,"29.151882, -111.006934",1,NIVEL 1 (BAJO),,,,
1597,ESCUELAS,MARIA CRISTINA LUGO CASTRO,HERMOSILLO,HERMOSILLO,29.12388,-111.03681,CONECTADA,3.3,"29.09499722, -111.0287889",1,NIVEL 1 (BAJO),,,,
1598,ESCUELAS,ANA PELEGRIN,HERMOSILLO,HERMOSILLO,29.057479,-111.025265,CONECTADA,2.33,"29.06376, -111.048102",1,NIVEL 1 (BAJO),,,,
1599,ESCUELAS,NORBERTO SOTELO CRUZ,HERMOSILLO,HERMOSILLO,29.098889,-110.954167,CONECTADA,2.22,"29.09162451, -110.9754325",0,NIVEL 2 (MEDIO),,,,
1600,ESCUELAS,JARDIN DE NIÑOS NUEVA CREACION,HERMOSILLO,HERMOSILLO,29.046964,-111.006755,CONECTADA,4.43,"29.06376, -111.048102",1,NIVEL 1 (BAJO),,,,
1601,ESCUELAS,JARDIN DE NIÑOS NUEVA CREACION CALIFORNIA,HERMOSILLO,HERMOSILLO,29.120991,-111.051804,CONECTADA,3.65,"29.09499722, -111.0287889",1,NIVEL 1 (BAJO),,,,
1602,ESCUELAS,MARIA DE LA LUZ VENEGAS VEGA,HERMOSILLO,HERMOSILLO,28.999889,-110.965333,CONECTADA,3.06,"29.008651, -110.935527",1,NIVEL 1 (BAJO),,,,
1604,ESCUELAS,EDUARDO ALMADA MONTES,HUATABAMPO,FRANCISCO SARABIA,26.514722,-109.105833,SIN CONEXION,0.72,"26.508286, -109.104936",0,NIVEL 3 (ALTO),,,,
1605,ESCUELAS,ESCUELA SECUNDARIA TECNICA NUM. 48,CAJEME,PUEBLO YAQUI,27.351513,-110.038187,CONECTADA,0.09,"27.35232762, -110.0380822",0,NIVEL 2 (MEDIO),,,,
1606,ESCUELAS,GILDARDO MENDOZA ALCANTAR,FRONTERAS,ESQUEDA,30.730409,-109.588008,CONECTADA,18.36,"30.894625, -109.568311",0,NIVEL 2 (MEDIO),,,,
1912,ESCUELAS,CENTRO DE DESARROLLO INFANTIL DEL GOBIERNO DEL ESTADO NUM. 1,HERMOSILLO,HERMOSILLO,29.077232,-110.963827,SIN CONEXION,0.6,"29.0744732, -110.9584987",0,NIVEL 3 (ALTO),,,,
1607,ESCUELAS,ESCUELA SECUNDARIA TECNICA NUM. 50,HUATABAMPO,LOMA DE ETCHOROPO,26.767243,-109.675856,CONECTADA,8.24,"26.820916667, -109.61855556",0,NIVEL 2 (MEDIO),,,,
1608,ESCUELAS,ESCUELA SECUNDARIA TECNICA NUM. 51,NAVOJOA,TIERRA BLANCA,27.189167,-109.344167,CONECTADA,12.99,"27.083018, -109.289376",1,NIVEL 1 (BAJO),,,,
1609,ESCUELAS,NUEVA CREACION SECUNDARIA NIÑOS MIGRANTES,GUAYMAS,LA ESCONDIDA (GUADALUPE DE GUAYMAS),28.245833,-110.649722,SIN CONEXION,3.79,"28.27353, -110.62722",0,NIVEL 3 (ALTO),,,,
1611,ESCUELAS,MARIA MAGDALENA SPINDOLA GARCIA,CAJEME,PROVIDENCIA,27.509314,-109.984942,CONECTADA,4.11,"27.4836, -109.955",0,NIVEL 2 (MEDIO),,,,
1613,ESCUELAS,BASSELL IBARRA VILLEGAS,NAVOJOA,NAVOJOA,27.082281,-109.459715,CONECTADA,0.34,"27.08036667, -109.4624361",0,NIVEL 2 (MEDIO),,,,
1616,ESCUELAS,FUNDACION ESPOSOS RODRIGUEZ,PITIQUITO,PUERTO LIBERTAD,29.909296,-112.685836,CONECTADA,52.82,"29.50634, -112.39627",0,NIVEL 2 (MEDIO),,,,
1617,ESCUELAS,JOSE ARMANDO MARQUEZ VIDAÑA,GUAYMAS,HEROICA GUAYMAS,27.937037,-110.877719,CONECTADA,2.73,"27.942091, -110.904878",0,NIVEL 2 (MEDIO),,,,
1619,ESCUELAS,ESCUELA SECUNDARIA TECNICA NUM. 61,NAVOJOA,MASIACA,26.763611,-109.235556,CONECTADA,0.08,"26.763306, -109.234861",0,NIVEL 2 (MEDIO),,,,
1620,ESCUELAS,RICARDO MONTIJO MENDOZA,NOGALES,HEROICA NOGALES,31.307157,-110.925048,CONECTADA,0.86,"31.31326, -110.93056",0,NIVEL 2 (MEDIO),,,,
1622,ESCUELAS,ROGELIO SAÂ¤UDO SEPÂLVEDA,BENITO JUAREZ,PAREDON COLORADO (PAREDON VIEJO),27.078441,-109.933011,CONECTADA,1.93,"27.079185, -109.913514",0,NIVEL 2 (MEDIO),,,,
1624,ESCUELAS,TOMAS MARTINEZ CRUZ,HERMOSILLO,MIGUEL ALEMAN (LA DOCE),28.843726,-111.506418,CONECTADA,1.62,"28.84294167, -111.4898444",0,NIVEL 2 (MEDIO),,,,
1625,ESCUELAS,19 DE ABRIL,HERMOSILLO,MIGUEL ALEMAN (LA DOCE),28.84752,-111.507528,CONECTADA,1.8,"28.84294167, -111.4898444",0,NIVEL 2 (MEDIO),,,,
1626,ESCUELAS,21 DE FEBRERO,HERMOSILLO,MIGUEL ALEMAN (LA DOCE),28.843853,-111.506984,SIN CONEXION,1.67,"28.84294167, -111.4898444",0,NIVEL 3 (ALTO),,,,
1628,ESCUELAS,NUEVA CREACION SECUNDARIA NIÑOS MIGRANTES,CABORCA,VIÑEDOS VIVA,30.7075,-112.340556,SIN CONEXION,8.61,"30.705106, -112.430622",0,NIVEL 3 (ALTO),,,,
1629,ESCUELAS,FRANCISCO ROMO MENDOZA,HERMOSILLO,HERMOSILLO,29.138378,-110.978382,CONECTADA,0.96,"29.14361389, -110.9862722",0,NIVEL 2 (MEDIO),,,,
1630,ESCUELAS,ESCUELA PRIMARIA NUEVA CREACION,HERMOSILLO,HERMOSILLO,29.176623,-111.005284,CONECTADA,2.76,"29.151882, -111.006934",0,NIVEL 2 (MEDIO),,,,
1631,ESCUELAS,ESCUELA PRIMARIA NUEVA CREACION,HERMOSILLO,HERMOSILLO,29.10662,-111.047307,CONECTADA,2.22,"29.09499722, -111.0287889",0,NIVEL 2 (MEDIO),,,,
1632,ESCUELAS,TADEO ADOLFO VILLA OLIVAS,HERMOSILLO,HERMOSILLO,29.1120998,-111.040535,CONECTADA,2.22,"29.09499722, -111.0287889",0,NIVEL 2 (MEDIO),,,,
1633,ESCUELAS,ENRIQUE C. REBSAMEN,HERMOSILLO,HERMOSILLO,29.038364,-110.980666,CONECTADA,3.76,"29.064011, -110.955496",0,NIVEL 2 (MEDIO),,,,
1634,ESCUELAS,GERARDO CORNEJO MURRIETA,HERMOSILLO,HERMOSILLO,29.011864,-110.9762689,SIN CONEXION,3.98,"29.008651, -110.935527",0,NIVEL 3 (ALTO),,,,
1635,ESCUELAS,VILLAS DEL PAPA FRANCISCO,HERMOSILLO,EL AZAHAR,28.51065,-111.31062,CONECTADA,25.59,"28.317394, -111.4527777",0,NIVEL 2 (MEDIO),,,,
1636,ESCUELAS,JUAN ENRIQUE PESTALOZZI,HERMOSILLO,HERMOSILLO,29.132111,-110.99483,CONECTADA,1.53,"29.14361389, -110.9862722",0,NIVEL 2 (MEDIO),,,,
1638,ESCUELAS,NUEVA CREACION SECUNDARIA NI¤OS MIGRANTES,HERMOSILLO,SAHUIMERO,28.331,-111.4455,SIN CONEXION,1.67,"28.317394, -111.4527777",0,NIVEL 3 (ALTO),,,,
1639,ESCUELAS,EMILIO CARRANZA,HERMOSILLO,ZAMORA,29.260833,-110.886667,CONECTADA,5.67,"29.27303, -110.94341",1,NIVEL 1 (BAJO),,,,
1640,ESCUELAS,VICENTE GUERRERO,HERMOSILLO,EL TAZAJAL,29.143611,-110.882222,CONECTADA,10.11,"29.14361389, -110.9862722",0,NIVEL 2 (MEDIO),,,,
1642,ESCUELAS,20 DE NOVIEMBRE,HERMOSILLO,TOPAHUE,29.273056,-110.638889,SIN CONEXION,13.18,"29.345094, -110.746816",0,NIVEL 3 (ALTO),,,,
1644,ESCUELAS,PIPILA,HERMOSILLO,EL REALITO,29.086667,-110.863333,CONECTADA,8.1,"29.061306, -110.941472",0,NIVEL 2 (MEDIO),,,,
1645,ESCUELAS,GENERAL LAZARO CARDENAS NUM. 1,HERMOSILLO,HERMOSILLO,29.104862,-110.986974,CONECTADA,0.74,"29.11026111, -110.9913861",0,NIVEL 2 (MEDIO),,,,
1646,ESCUELAS,HEROE DE NACOZARI,HERMOSILLO,HERMOSILLO,29.113856,-110.960117,CONECTADA,2.89,"29.09162451, -110.9754325",0,NIVEL 2 (MEDIO),,,,
1649,ESCUELAS,DAMIAN CARMONA,HERMOSILLO,LA PEAÑA NUEVA,28.690278,-111.349722,CONECTADA,18.61,"28.854599, -111.385835",0,NIVEL 2 (MEDIO),,,,
1650,ESCUELAS,ESCUELA PRIMARIA FORD NUM. 3,HERMOSILLO,LAS PALMITAS,28.844167,-111.518889,CONECTADA,2.83,"28.84294167, -111.4898444",0,NIVEL 2 (MEDIO),,,,
1653,ESCUELAS,LEONA VICARIO,HERMOSILLO,HERMOSILLO,29.12908,-110.958742,CONECTADA,3.12,"29.14361389, -110.9862722",0,NIVEL 2 (MEDIO),,,,
1655,ESCUELAS,REVOLUCION,HERMOSILLO,SAN PEDRO O EL SAUCITO (SAN PEDRO EL SAUCITO),29.182222,-110.881667,CONECTADA,9.37,"29.196339, -110.7865361",1,NIVEL 1 (BAJO),,,,
1657,ESCUELAS,RODOLFO ELIAS CALLES,HERMOSILLO,HERMOSILLO,29.042132,-110.967672,CONECTADA,2.71,"29.064011, -110.955496",0,NIVEL 2 (MEDIO),,,,
1658,ESCUELAS,HEROES DE CABORCA,HERMOSILLO,HERMOSILLO,29.116335,-110.977852,CONECTADA,1.48,"29.11026111, -110.9913861",0,NIVEL 2 (MEDIO),,,,
1659,ESCUELAS,GENERAL LAZARO CARDENAS,HERMOSILLO,EL ZACATON,29.275278,-110.850556,CONECTADA,9.01,"29.27303, -110.94341",1,NIVEL 1 (BAJO),,,,
1660,ESCUELAS,GENERAL ABELARDO L RODRIGUEZ,HERMOSILLO,SAN LUIS,28.813056,-111.308056,CONECTADA,8.87,"28.854599, -111.385835",0,NIVEL 2 (MEDIO),,,,
1661,ESCUELAS,AQUILES SERDAN,HERMOSILLO,SAN ENRIQUE,29.010833,-111.43,CONECTADA,17.6,"28.857243, -111.386448",0,NIVEL 2 (MEDIO),,,,
1662,ESCUELAS,EMILIANO ZAPATA,HERMOSILLO,HERMOSILLO,29.130464,-110.975937,CONECTADA,1.77,"29.14361389, -110.9862722",0,NIVEL 2 (MEDIO),,,,
1665,ESCUELAS,MIGUEL HIDALGO,HERMOSILLO,HERMOSILLO,29.05561,-110.96937,CONECTADA,1.64,"29.064011, -110.955496",0,NIVEL 2 (MEDIO),,,,
1666,ESCUELAS,FRANCISCO I. MADERO,HERMOSILLO,MOLINO DE CAMOU (SAN ISIDRO),29.200556,-110.765833,CONECTADA,2.06,"29.196339, -110.7865361",1,NIVEL 1 (BAJO),,,,
1668,ESCUELAS,PLUTARCO ELIAS CALLES,HERMOSILLO,HERMOSILLO,29.106628,-110.95529,CONECTADA,2.57,"29.09162451, -110.9754325",0,NIVEL 2 (MEDIO),,,,
1670,ESCUELAS,RAMON REAL CARRASCO,HERMOSILLO,HERMOSILLO,29.136653,-110.984482,CONECTADA,0.79,"29.14361389, -110.9862722",0,NIVEL 2 (MEDIO),,,,
1672,ESCUELAS,JUAN BOURJAC,HERMOSILLO,HERMOSILLO,29.0566011,-111.01515,CONECTADA,3.3,"29.06376, -111.048102",0,NIVEL 2 (MEDIO),,,,
1675,ESCUELAS,MARGARITA MAZA DE JUAREZ,HERMOSILLO,HERMOSILLO,29.122131,-110.993211,CONECTADA,1.33,"29.11026111, -110.9913861",0,NIVEL 2 (MEDIO),,,,
1676,ESCUELAS,EJIDO DE VILLA DE SERIS,HERMOSILLO,HERMOSILLO,29.036697,-110.955754,CONECTADA,1.98,"29.037639, -110.935456",0,NIVEL 2 (MEDIO),,,,
1677,ESCUELAS,FORD 60,HERMOSILLO,CARMEN DOLORES,28.675556,-111.474444,CONECTADA,17.64,"28.75333, -111.632058",0,NIVEL 2 (MEDIO),,,,
1679,ESCUELAS,FORD 63,HERMOSILLO,VALLE GRANDE,28.797222,-111.638056,CONECTADA,4.92,"28.75333, -111.632058",0,NIVEL 2 (MEDIO),,,,
1680,ESCUELAS,SALVADOR ALVARADO,HERMOSILLO,SALVADOR ALVARADO,28.755,-111.273611,CONECTADA,15.56,"28.854599, -111.385835",0,NIVEL 2 (MEDIO),,,,
1923,ESCUELAS,BENITO JUAREZ,HUACHINERA,HUACHINERA,30.209103,-108.958949,SIN CONEXION,0.24,"30.207014, -108.959606",0,NIVEL 3 (ALTO),,,,
1682,ESCUELAS,VICENTE GUERRERO,HERMOSILLO,SANTA AURELIA,28.909722,-111.240833,CONECTADA,15.33,"28.85721389, -111.3863694",0,NIVEL 2 (MEDIO),,,,
1683,ESCUELAS,MIGUEL ALEMAN VALDEZ,HERMOSILLO,MIGUEL ALEMAN (LA DOCE),28.843665,-111.494117,CONECTADA,0.42,"28.84294167, -111.4898444",0,NIVEL 2 (MEDIO),,,,
1685,ESCUELAS,PRIMERO DE MAYO,SAN LUIS RIO COLORADO,SAN LUIS RIO COLORADO,32.451831,-114.740519,SIN CONEXION,0.65,"32.456246, -114.745002",0,NIVEL 3 (ALTO),,,,
1687,ESCUELAS,RAMON LOPEZ VELARDE,HERMOSILLO,HERMOSILLO,29.078306,-110.92901,CONECTADA,1.81,"29.06939286, -110.944628",1,NIVEL 1 (BAJO),,,,
1689,ESCUELAS,FORD 96,HERMOSILLO,SAN ARMANDO,28.892778,-111.467222,CONECTADA,5.96,"28.84294167, -111.4898444",0,NIVEL 2 (MEDIO),,,,
2013,ESCUELAS,LAZARO CARDENAS,HUATABAMPO,LA ROSITA,26.649167,-109.220833,SIN CONEXION,1.89,"26.63908, -109.23608",0,NIVEL 3 (ALTO),,,,
1692,ESCUELAS,ESCUELA PRIMARIA NUEVA CREACION,HERMOSILLO,HERMOSILLO,28.99639,-110.9419,SIN CONEXION,1.5,"29.008651, -110.935527",0,NIVEL 3 (ALTO),,,,
1694,ESCUELAS,PROF. FERNANDO ENRIQUEZ ENRIQUEZ,HERMOSILLO,MIGUEL ALEMAN (LA DOCE),28.842948,-111.488154,CONECTADA,0.11,"28.84228, -111.48905",0,NIVEL 2 (MEDIO),,,,
1695,ESCUELAS,ESCUELA PRIMARIA NUEVA CREACION,HERMOSILLO,HERMOSILLO,28.99639,-110.9419,SIN CONEXION,1.5,"29.008651, -110.935527",0,NIVEL 3 (ALTO),,,,
1697,ESCUELAS,SOR JUANA INES DE LA CRUZ,HERMOSILLO,ALEJANDRO CARRILLO MARCOR,28.913889,-111.334167,SIN CONEXION,8.1,"28.85721389, -111.3863694",0,NIVEL 3 (ALTO),,,,
1698,ESCUELAS,16 DE SEPTIEMBRE,HERMOSILLO,EL SAUCITO,29.2175,-110.882778,CONECTADA,8.53,"29.27303, -110.94341",1,NIVEL 1 (BAJO),,,,
1699,ESCUELAS,ANGELA MACIAS MARTINEZ,HERMOSILLO,HERMOSILLO,29.105991,-110.987502,CONECTADA,0.61,"29.11026111, -110.9913861",0,NIVEL 2 (MEDIO),,,,
1701,ESCUELAS,EL NIÑO CAMPESINO,HERMOSILLO,HERMOSILLO,29.037637,-111.002378,CONECTADA,5.31,"29.06376, -111.048102",0,NIVEL 2 (MEDIO),,,,
1702,ESCUELAS,FERNANDO MONTES DE OCA,HERMOSILLO,HERMOSILLO,29.100844,-111.005488,CONECTADA,0.28,"29.102933, -111.007014",0,NIVEL 2 (MEDIO),,,,
1703,ESCUELAS,CARMEN SERDAN,HERMOSILLO,HERMOSILLO,29.102043,-110.99814,CONECTADA,0.87,"29.102933, -111.007014",0,NIVEL 2 (MEDIO),,,,
1704,ESCUELAS,SOR JUANA INES DE LA CRUZ,HERMOSILLO,HERMOSILLO,29.059694,-110.968856,CONECTADA,1.28,"29.06763827, -110.9592655",0,NIVEL 2 (MEDIO),,,,
1705,ESCUELAS,U-TAA,HUATABAMPO,LA SABILA,26.765278,-109.624722,CONECTADA,6.22,"26.820916667, -109.61855556",0,NIVEL 2 (MEDIO),,,,
1706,ESCUELAS,SIMON BOLIVAR,HERMOSILLO,HERMOSILLO,29.127451,-111.007007,CONECTADA,2.4,"29.10935986, -110.9936158",0,NIVEL 2 (MEDIO),,,,
1707,ESCUELAS,ALEJANDRO GONZALEZ GARZA,HERMOSILLO,MESA DEL SERI,29.11,-110.836111,CONECTADA,10.74,"29.196339, -110.7865361",1,NIVEL 1 (BAJO),,,,
1708,ESCUELAS,IGNACIO ALLENDE,HERMOSILLO,HERMOSILLO,29.130487,-110.975774,CONECTADA,1.78,"29.14361389, -110.9862722",0,NIVEL 2 (MEDIO),,,,
1709,ESCUELAS,RICARDO FLORES MAGON,HERMOSILLO,HERMOSILLO,29.085628,-110.927769,CONECTADA,2.44,"29.06939286, -110.944628",0,NIVEL 2 (MEDIO),,,,
1710,ESCUELAS,PROF. CARLOS ESPINOZA MUÑOZ 1,HERMOSILLO,HERMOSILLO,29.051534,-110.973872,CONECTADA,2.26,"29.064011, -110.955496",1,NIVEL 1 (BAJO),,,,
1712,ESCUELAS,CINCO DE MAYO,HERMOSILLO,HERMOSILLO,29.090023,-111.044969,CONECTADA,1.67,"29.09499722, -111.0287889",0,NIVEL 2 (MEDIO),,,,
1714,ESCUELAS,JOSE VASCONCELOS,HERMOSILLO,HERMOSILLO,29.107689,-111.006512,CONECTADA,0.53,"29.102933, -111.007014",0,NIVEL 2 (MEDIO),,,,
1718,ESCUELAS,MARIANO AZUELA,HERMOSILLO,HERMOSILLO,29.029062,-110.955083,CONECTADA,2.13,"29.037639, -110.935456",0,NIVEL 2 (MEDIO),,,,
1719,ESCUELAS,MELCHOR OCAMPO,HERMOSILLO,HERMOSILLO,29.131945,-110.987319,CONECTADA,1.3,"29.14361389, -110.9862722",0,NIVEL 2 (MEDIO),,,,
1720,ESCUELAS,MAURICIO RODRIGUEZ KELLY,HERMOSILLO,HERMOSILLO,29.141378,-110.993949,CONECTADA,0.79,"29.14361389, -110.9862722",0,NIVEL 2 (MEDIO),,,,
1721,ESCUELAS,ALICIA MUNOZ ROMERO,HERMOSILLO,HERMOSILLO,29.116889,-111.019077,CONECTADA,1.94,"29.102933, -111.007014",0,NIVEL 2 (MEDIO),,,,
1722,ESCUELAS,LUIS DONALDO COLOSIO MURRIETA,HERMOSILLO,HERMOSILLO,29.121406,-111.000676,CONECTADA,1.5,"29.10935986, -110.9936158",0,NIVEL 2 (MEDIO),,,,
1724,ESCUELAS,ABIGAEL BOHORQUEZ,HERMOSILLO,HERMOSILLO,29.136147,-110.991403,CONECTADA,0.97,"29.14361389, -110.9862722",0,NIVEL 2 (MEDIO),,,,
1725,ESCUELAS,BELISARIO DOMINGUEZ,HERMOSILLO,HERMOSILLO,29.151417,-110.993106,CONECTADA,1.09,"29.14361389, -110.9862722",0,NIVEL 2 (MEDIO),,,,
1727,ESCUELAS,JOSE DE JESUS FLORES VALVERDE,HERMOSILLO,HERMOSILLO,29.025881,-110.966088,CONECTADA,3.25,"29.037639, -110.935456",1,NIVEL 1 (BAJO),,,,
1730,ESCUELAS,SANTIAGO FELIPE XICOTENCATL,HERMOSILLO,HERMOSILLO,29.030842,-110.98,CONECTADA,4.39,"29.064011, -110.955496",0,NIVEL 2 (MEDIO),,,,
1733,ESCUELAS,TIERRA Y LIBERTAD,SAN LUIS RIO COLORADO,EMILIANO ZAPATA,32.240278,-114.9875,SIN CONEXION,4.35,"32.20119, -114.98914",0,NIVEL 3 (ALTO),,,,
1734,ESCUELAS,LUIS LOPEZ ALVAREZ,HERMOSILLO,HERMOSILLO,29.1050695,-110.9206807,CONECTADA,4.6,"29.06939286, -110.944628",1,NIVEL 1 (BAJO),,,,
1735,ESCUELAS,ALFONSO ORTIZ TIRADO,HERMOSILLO,HERMOSILLO,29.079756,-110.950659,CONECTADA,0.73,"29.07631845, -110.9570658",1,NIVEL 1 (BAJO),,,,
2054,ESCUELAS,LEONA VICARIO,HUATABAMPO,JUAN DE LA BARRERA,26.407778,-109.093611,SIN CONEXION,6.6,"26.427719, -109.031198",0,NIVEL 3 (ALTO),,,,
1736,ESCUELAS,ARMANDO E VERDUGO RIVERA,HERMOSILLO,HERMOSILLO,29.001766,-110.937901,CONECTADA,0.8,"29.008651, -110.935527",0,NIVEL 2 (MEDIO),,,,
1737,ESCUELAS,ALVARO REMBAU FIGUEROA,HERMOSILLO,HERMOSILLO,29.124666,-110.953275,CONECTADA,3.84,"29.14361389, -110.9862722",0,NIVEL 2 (MEDIO),,,,
1740,ESCUELAS,RAFAEL ALVAREZ GONZALEZ,HERMOSILLO,HERMOSILLO,29.155012,-110.976543,CONECTADA,1.58,"29.14361389, -110.9862722",0,NIVEL 2 (MEDIO),,,,
1741,ESCUELAS,FRANCISCO CASTILLO BLANCO,HERMOSILLO,HERMOSILLO,29.125851,-111.030449,CONECTADA,3.42,"29.102933, -111.007014",0,NIVEL 2 (MEDIO),,,,
1743,ESCUELAS,LAURA ALICIA FRIAS DE LOPEZ NOGALES,HERMOSILLO,HERMOSILLO,29.120941,-110.958953,CONECTADA,3.37,"29.11026111, -110.9913861",0,NIVEL 2 (MEDIO),,,,
1746,ESCUELAS,GABINO MEDINA VAZQUEZ,HERMOSILLO,HERMOSILLO,29.04709,-110.941794,CONECTADA,0.51,"29.051335, -110.939713",0,NIVEL 2 (MEDIO),,,,
1747,ESCUELAS,LUIS ARTURO PALMA MEZA,HERMOSILLO,HERMOSILLO,29.164984,-111.016768,CONECTADA,1.74,"29.151882, -111.006934",0,NIVEL 2 (MEDIO),,,,
1748,ESCUELAS,SEBASTIAN ARVAYO ARVAYO,HERMOSILLO,HERMOSILLO,29.098889,-110.954167,CONECTADA,2.22,"29.09162451, -110.9754325",0,NIVEL 2 (MEDIO),,,,
1750,ESCUELAS,HUGO ROMERO OJEDA,HERMOSILLO,HERMOSILLO,29.098889,-110.954167,CONECTADA,2.22,"29.09162451, -110.9754325",0,NIVEL 2 (MEDIO),,,,
1751,ESCUELAS,FAUSTINO FERNANDEZ AGUILAR,HERMOSILLO,HERMOSILLO,29.0526808,-111.0231748,CONECTADA,2.72,"29.06376, -111.048102",0,NIVEL 2 (MEDIO),,,,
1753,ESCUELAS,CENTENARIO DEL DIA DEL MAESTRO,HERMOSILLO,HERMOSILLO,29.162774,-110.983418,CONECTADA,2.15,"29.14361389, -110.9862722",0,NIVEL 2 (MEDIO),,,,
1754,ESCUELAS,JOSE MANUEL VALDEZ VALDEZ,HERMOSILLO,HERMOSILLO,28.999956,-110.96437,CONECTADA,2.97,"29.008651, -110.935527",1,NIVEL 1 (BAJO),,,,
1755,ESCUELAS,EUFROSINA PITSAKIS RUIZ,CAJEME,ALLENDE (EL DIECIOCHO),27.191667,-109.910278,CONECTADA,0.13,"27.190529, -109.910359",1,NIVEL 1 (BAJO),,,,
1760,ESCUELAS,ROBERTO BAÑAGA SAIZA,CAJEME,CIUDAD OBREGON,27.513454,-109.910822,CONECTADA,2.37,"27.52598056, -109.9302889",0,NIVEL 2 (MEDIO),,,,
1763,ESCUELAS,JORGE HUMBERTO CHAVEZ FUENTES,NOGALES,HEROICA NOGALES,31.2629,-110.9371,CONECTADA,0.84,"31.26229, -110.94593",0,NIVEL 2 (MEDIO),,,,
1764,ESCUELAS,ROBERTO TOPETE GARCIA,HERMOSILLO,HERMOSILLO,29.121386,-111.026065,CONECTADA,2.76,"29.102933, -111.007014",0,NIVEL 2 (MEDIO),,,,
1766,ESCUELAS,JOSE RAMON SALCEDO ENRIQUEZ,NOGALES,HEROICA NOGALES,31.27998,-110.921973,CONECTADA,0.8,"31.27536, -110.92842",0,NIVEL 2 (MEDIO),,,,
1767,ESCUELAS,ESCUELA SECUNDARIA TECNICA NUM. 77,NOGALES,HEROICA NOGALES,31.270996,-110.962172,CONECTADA,0.42,"31.274739, -110.96225",0,NIVEL 2 (MEDIO),,,,
1768,ESCUELAS,ESCUELA SECUNDARIA TECNICA NUM. 78,HERMOSILLO,MIGUEL ALEMAN (LA DOCE),28.84239,-111.47257,CONECTADA,1.61,"28.84228, -111.48905",0,NIVEL 2 (MEDIO),,,,
1769,ESCUELAS,ESCUELA SECUNDARIA TECNICA NUM. 79,HUATABAMPO,HUATABAMPO,26.833174,-109.651079,CONECTADA,1.42,"26.842562, -109.641426",0,NIVEL 2 (MEDIO),,,,
1770,ESCUELAS,ESCUELA SECUNDARIA TECNICA NUM. 80,NOGALES,HEROICA NOGALES,31.318611,-110.945833,CONECTADA,0.28,"31.316111, -110.945833",0,NIVEL 2 (MEDIO),,,,
1771,ESCUELAS,SECUNDARIA TECNICA NUEVA CREACION,HERMOSILLO,HERMOSILLO,29.12254,-111.06302,SIN CONEXION,4.52,"29.09499722, -111.0287889",0,NIVEL 3 (ALTO),,,,
1772,ESCUELAS,NUEVA CREACION PRIMARIA NIÑOS MIGRANTES,IMURIS,ESTACION CUMERAL,30.778056,-110.856389,SIN CONEXION,0.51,"30.7773, -110.8616389",0,NIVEL 3 (ALTO),,,,
1777,ESCUELAS,VENUSTIANO CARRANZA,HERMOSILLO,LA HABANA TRES,28.93619,-111.2732695,CONECTADA,14.08,"28.85721389, -111.3863694",0,NIVEL 2 (MEDIO),,,,
1778,ESCUELAS,VICENTE GUERRERO,GUAYMAS,LA ESCONDIDA (GUADALUPE DE GUAYMAS),28.245833,-110.649722,SIN CONEXION,3.79,"28.27353, -110.62722",0,NIVEL 3 (ALTO),,,,
1779,ESCUELAS,NUEVA CREACION PRIMARIA NIÑOS MIGRANTES,GUAYMAS,FRANCISCO MARQUEZ,28.16133,-110.58824,SIN CONEXION,0.51,"28.1576944, -110.5913889",0,NIVEL 3 (ALTO),,,,
1780,ESCUELAS,NUEVA CREACION PRIMARIA NIÑOS MIGRANTES,HERMOSILLO,SAHUIMERO,28.552222,-111.748056,SIN CONEXION,25.06,"28.75333, -111.632058",0,NIVEL 3 (ALTO),,,,
1781,ESCUELAS,NUEVA CREACION PRIMARIA NIÑOS MIGRANTES,CABORCA,JUAN ALVAREZ,31.172778,-112.807778,SIN CONEXION,32.61,"30.93714, -113.01164",0,NIVEL 3 (ALTO),,,,
1782,ESCUELAS,LEY 57,HERMOSILLO,HERMOSILLO,29.119091,-110.974449,CONECTADA,1.92,"29.11026111, -110.9913861",1,NIVEL 1 (BAJO),,,,
1783,ESCUELAS,IGNACIA E DE AMANTE,HERMOSILLO,HERMOSILLO,29.078876,-110.949648,CONECTADA,0.77,"29.07631845, -110.9570658",1,NIVEL 1 (BAJO),,,,
1785,ESCUELAS,CARMELITA ESQUER,HERMOSILLO,HERMOSILLO,29.073346,-110.981336,CONECTADA,2.1,"29.09152931, -110.9754964",1,NIVEL 1 (BAJO),,,,
1786,ESCUELAS,JOSE MARIA MORELOS,HERMOSILLO,HERMOSILLO,29.106384,-110.967711,CONECTADA,1.8,"29.09162451, -110.9754325",1,NIVEL 1 (BAJO),,,,
1788,ESCUELAS,IRMA ADELA MCPHERSON DUARTE,HERMOSILLO,HERMOSILLO,29.138007,-111.014862,CONECTADA,1.72,"29.151882, -111.006934",1,NIVEL 1 (BAJO),,,,
1789,ESCUELAS,MARIA ELENA CHANES,HERMOSILLO,HERMOSILLO,29.145901,-111.017403,CONECTADA,1.21,"29.151882, -111.006934",1,NIVEL 1 (BAJO),,,,
1790,ESCUELAS,MERCEDES LANDAVAZO MORENO,HERMOSILLO,HERMOSILLO,29.140845,-111.010198,CONECTADA,1.27,"29.151882, -111.006934",1,NIVEL 1 (BAJO),,,,
1791,ESCUELAS,EUSEBIO FRANCISCO KINO,SAN LUIS RIO COLORADO,MESA RICA,32.131944,-114.923611,SIN CONEXION,9.87,"32.20119, -114.98914",0,NIVEL 3 (ALTO),,,,
1792,ESCUELAS,PROFA. ERNESTINA RODRIGUEZ DE MARIN,HERMOSILLO,HERMOSILLO,29.138295,-110.970832,CONECTADA,1.61,"29.14361389, -110.9862722",1,NIVEL 1 (BAJO),,,,
1793,ESCUELAS,PROFA. DOLORES DUARTE NAVARRO,HERMOSILLO,HERMOSILLO,29.103895,-111.017011,CONECTADA,0.98,"29.102933, -111.007014",1,NIVEL 1 (BAJO),,,,
1794,ESCUELAS,BURBUJAS,HERMOSILLO,HERMOSILLO,29.097564,-110.978132,CONECTADA,0.71,"29.09162451, -110.9754325",1,NIVEL 1 (BAJO),,,,
1795,ESCUELAS,EL BARQUITO,HERMOSILLO,HERMOSILLO,29.0485,-110.953816,CONECTADA,1.41,"29.051335, -110.939713",1,NIVEL 1 (BAJO),,,,
1796,ESCUELAS,ANA DUARTE NAVARRO,HERMOSILLO,HERMOSILLO,29.130874,-110.959165,CONECTADA,2.99,"29.14361389, -110.9862722",1,NIVEL 1 (BAJO),,,,
2114,ESCUELAS,MARIA DE LOS ANGELES LOPEZ COTA,IMURIS,IMURIS,30.780927,-110.847309,SIN CONEXION,0.95,"30.7887194, -110.85133",0,NIVEL 3 (ALTO),,,,
1797,ESCUELAS,PROFA. DOLORES CORTEZ DE ISHIDA,HERMOSILLO,HERMOSILLO,29.10147,-111.012344,CONECTADA,0.54,"29.102933, -111.007014",1,NIVEL 1 (BAJO),,,,
1799,ESCUELAS,EDUWIGES RODRIGUEZ CASANOVA,HERMOSILLO,HERMOSILLO,29.137155,-110.996343,CONECTADA,1.21,"29.14361389, -110.9862722",1,NIVEL 1 (BAJO),,,,
1800,ESCUELAS,EVANGELINA VAZQUEZ DE MORALES,HERMOSILLO,HERMOSILLO,29.010724,-110.92784,CONECTADA,0.17,"29.01221702, -110.9283082",1,NIVEL 1 (BAJO),,,,
1803,ESCUELAS,MARIA TERESA P DE MORENO,HERMOSILLO,HERMOSILLO,29.141935,-111.000479,CONECTADA,1.27,"29.151882, -111.006934",1,NIVEL 1 (BAJO),,,,
1804,ESCUELAS,QUISIIL,HERMOSILLO,HERMOSILLO,29.006152,-110.933862,CONECTADA,0.32,"29.008651, -110.935527",1,NIVEL 1 (BAJO),,,,
1805,ESCUELAS,EVA MONTEVERDE DE QUIROGA,HERMOSILLO,HERMOSILLO,29.015693,-110.942146,CONECTADA,1.01,"29.008651, -110.935527",1,NIVEL 1 (BAJO),,,,
1806,ESCUELAS,EMMA ESTUPIÑAN SOTELO,HERMOSILLO,HERMOSILLO,29.079756,-110.950659,CONECTADA,0.73,"29.07631845, -110.9570658",1,NIVEL 1 (BAJO),,,,
1807,ESCUELAS,GUADALUPE MIRANDA CASTRO,HERMOSILLO,HERMOSILLO,29.052202,-110.981651,CONECTADA,2.77,"29.06763827, -110.9592655",1,NIVEL 1 (BAJO),,,,
1808,ESCUELAS,MERCEDES ESPARZA TEROS,HERMOSILLO,HERMOSILLO,29.145722,-111.011476,CONECTADA,0.81,"29.151882, -111.006934",1,NIVEL 1 (BAJO),,,,
1809,ESCUELAS,ALICIA CANO CANO,HERMOSILLO,HERMOSILLO,29.150919,-111.014543,CONECTADA,0.75,"29.151882, -111.006934",1,NIVEL 1 (BAJO),,,,
1810,ESCUELAS,ESTEFANIA CASTAÑEDA NUÑEZ,HERMOSILLO,HERMOSILLO,29.150207,-111.023441,CONECTADA,1.61,"29.151882, -111.006934",1,NIVEL 1 (BAJO),,,,
1811,ESCUELAS,ALICIA HURTADO BRINGAS,HERMOSILLO,HERMOSILLO,29.058463,-110.002454,CONECTADA,5.21,"29.060411, -110.055967",1,NIVEL 1 (BAJO),,,,
1814,ESCUELAS,TOMAS GRIJALVA DAVILA,HERMOSILLO,HERMOSILLO,29.137336,-111.011898,CONECTADA,1.69,"29.151882, -111.006934",1,NIVEL 1 (BAJO),,,,
1815,ESCUELAS,TRINIDAD ALEGRIA MEZA,HERMOSILLO,HERMOSILLO,29.06406,-111.00252,CONECTADA,4.03,"29.09152931, -110.9754964",1,NIVEL 1 (BAJO),,,,
1816,ESCUELAS,LILIA REINA RIVERA,HERMOSILLO,HERMOSILLO,29.05504,-111.009902,CONECTADA,3.84,"29.06376, -111.048102",1,NIVEL 1 (BAJO),,,,
1818,ESCUELAS,GRISELDA DEL CARMEN LOPEZ CRUZ,HERMOSILLO,HERMOSILLO,29.098889,-110.954167,SIN CONEXION,2.22,"29.09162451, -110.9754325",0,NIVEL 3 (ALTO),,,,
1819,ESCUELAS,U-MATCHI,HUATABAMPO,TOROCOBA,26.752194,-109.708232,CONECTADA,11.73,"26.820916667, -109.61855556",0,NIVEL 2 (MEDIO),,,,
1820,ESCUELAS,MARIA DOLORES LUGO CINCO,HERMOSILLO,HERMOSILLO,29.1660095,-110.983547,CONECTADA,2.5,"29.14361389, -110.9862722",1,NIVEL 1 (BAJO),,,,
1821,ESCUELAS,GUADALUPE ADELAIDA CABRERA CASTRO,HERMOSILLO,HERMOSILLO,29.009556,-110.977721,CONECTADA,4.1,"29.008651, -110.935527",1,NIVEL 1 (BAJO),,,,
1822,ESCUELAS,JARDIN DE NIÑOS NUEVA CREACION,HERMOSILLO,HERMOSILLO,29.098889,-110.954167,SIN CONEXION,2.22,"29.09162451, -110.9754325",0,NIVEL 3 (ALTO),,,,
1823,ESCUELAS,ALEJANDRINA REYES DURAZO,HERMOSILLO,HERMOSILLO,29.106184,-111.046713,CONECTADA,2.14,"29.09499722, -111.0287889",1,NIVEL 1 (BAJO),,,,
1824,ESCUELAS,DR. MARCO AURELIO LARIOS RAMOS,HERMOSILLO,HERMOSILLO,29.121502,-110.959032,CONECTADA,3.38,"29.11026111, -110.9913861",0,NIVEL 2 (MEDIO),,,,
1825,ESCUELAS,JULIO GARCIA GONZALEZ,HERMOSILLO,BAHIA DE KINO,28.823087,-111.939258,CONECTADA,1.96,"28.832808, -111.955989",0,NIVEL 2 (MEDIO),,,,
1826,ESCUELAS,INSTITUTO IRIS,HERMOSILLO,HERMOSILLO,29.075258,-110.972693,CONECTADA,1.38,"29.0744732, -110.9584987",0,NIVEL 2 (MEDIO),,,,
1828,ESCUELAS,PROFA. LYDIA COTAQUE BARRIOS,HERMOSILLO,HERMOSILLO,29.122003,-110.959115,CONECTADA,3.4,"29.11026111, -110.9913861",0,NIVEL 2 (MEDIO),,,,
1829,ESCUELAS,BENEMERITO DE LAS AMERICAS,HUATABAMPO,BENITO JUAREZ,26.603333,-109.175556,SIN CONEXION,0.18,"26.60396, -109.1739",0,NIVEL 3 (ALTO),,,,
1830,ESCUELAS,PROF. LUIS EDGARDO AINZA CANIZARES,HERMOSILLO,HERMOSILLO,29.060852,-110.964501,CONECTADA,0.91,"29.06763827, -110.9592655",1,NIVEL 1 (BAJO),,,,
1831,ESCUELAS,CENTRO DE ATENCION MULTIPLE ESTATAL NUM. 20,HERMOSILLO,HERMOSILLO,29.143904,-111.022111,CONECTADA,1.72,"29.151882, -111.006934",1,NIVEL 1 (BAJO),,,,
1833,ESCUELAS,PROF. JOSE JESUS VALENZUELA B,HERMOSILLO,HERMOSILLO,29.118872,-110.994335,CONECTADA,1,"29.11026111, -110.9913861",0,NIVEL 2 (MEDIO),,,,
2115,ESCUELAS,MARIA DEL CARMEN GUTIERREZ PEÑUÑURI,IMURIS,LOS JANOS,30.837083,-110.834778,SIN CONEXION,4.97,"30.793453, -110.846086",0,NIVEL 3 (ALTO),,,,
1834,ESCUELAS,PROF. AMADEO HERNANDEZ CORONADO,HERMOSILLO,HERMOSILLO,29.137813,-110.971212,CONECTADA,1.6,"29.14361389, -110.9862722",0,NIVEL 2 (MEDIO),,,,
1836,ESCUELAS,DR. JAIME TORRES BODET,HERMOSILLO,HERMOSILLO,29.102599,-110.978077,CONECTADA,1.25,"29.09162451, -110.9754325",0,NIVEL 2 (MEDIO),,,,
1837,ESCUELAS,CUAUHTEMOC,HERMOSILLO,HERMOSILLO,29.056289,-110.951928,CONECTADA,0.93,"29.064011, -110.955496",1,NIVEL 1 (BAJO),,,,
1840,ESCUELAS,PROF. LAMBERTO HERNANDEZ,HERMOSILLO,HERMOSILLO,29.094481,-110.977322,CONECTADA,0.37,"29.09162451, -110.9754325",0,NIVEL 2 (MEDIO),,,,
1841,ESCUELAS,LAZARO MERCADO,HERMOSILLO,HERMOSILLO,29.080965,-110.934803,CONECTADA,1.6,"29.06939286, -110.944628",1,NIVEL 1 (BAJO),,,,
1842,ESCUELAS,PROF. JOSE LAFONTAINE,HERMOSILLO,HERMOSILLO,29.074723,-110.956983,CONECTADA,0.11,"29.07489666, -110.9580838",0,NIVEL 2 (MEDIO),,,,
1843,ESCUELAS,PROF. LUIS P MENDEZ,HERMOSILLO,HERMOSILLO,29.125252,-110.984322,CONECTADA,1.8,"29.11026111, -110.9913861",0,NIVEL 2 (MEDIO),,,,
1844,ESCUELAS,IGNACIA FIMBRES,HERMOSILLO,HERMOSILLO,29.101938,-110.977679,CONECTADA,1.17,"29.09162451, -110.9754325",0,NIVEL 2 (MEDIO),,,,
1845,ESCUELAS,IGNACIO RAMIREZ,HERMOSILLO,HERMOSILLO,29.0819,-110.941647,CONECTADA,1.42,"29.06939286, -110.944628",0,NIVEL 2 (MEDIO),,,,
1846,ESCUELAS,PROF. HERIBERTO AJA,HERMOSILLO,HERMOSILLO,29.094956,-110.951279,CONECTADA,2.15,"29.07631845, -110.9570658",0,NIVEL 2 (MEDIO),,,,
1847,ESCUELAS,GUSTAVO ADOLFO URUCHURTU,HERMOSILLO,HERMOSILLO,29.057559,-110.957894,CONECTADA,0.75,"29.064011, -110.955496",0,NIVEL 2 (MEDIO),,,,
1848,ESCUELAS,ELISA W DE BERAUD,HERMOSILLO,HERMOSILLO,29.091965,-110.944063,CONECTADA,2.15,"29.07631845, -110.9570658",0,NIVEL 2 (MEDIO),,,,
1852,ESCUELAS,CLUB DE LEONES 1,HERMOSILLO,HERMOSILLO,29.071598,-110.946243,CONECTADA,0.29,"29.06939286, -110.944628",0,NIVEL 2 (MEDIO),,,,
1853,ESCUELAS,CLUB DE LEONES 2,HERMOSILLO,HERMOSILLO,29.11013,-110.970114,CONECTADA,2.07,"29.11026111, -110.9913861",0,NIVEL 2 (MEDIO),,,,
1854,ESCUELAS,PROF. ALBERTO GUTIERREZ,HERMOSILLO,HERMOSILLO,29.082132,-110.958275,CONECTADA,0.66,"29.07631845, -110.9570658",0,NIVEL 2 (MEDIO),,,,
1855,ESCUELAS,PROF. ANGEL ARRIOLA,HERMOSILLO,HERMOSILLO,29.08627,-110.9495,CONECTADA,1.33,"29.07631845, -110.9570658",0,NIVEL 2 (MEDIO),,,,
1856,ESCUELAS,VICENTE MORA,HERMOSILLO,HERMOSILLO,29.101723,-110.966811,CONECTADA,1.4,"29.09162451, -110.9754325",0,NIVEL 2 (MEDIO),,,,
1857,ESCUELAS,ROSARIO PALIZA DE CARPIO,HERMOSILLO,HERMOSILLO,29.096389,-110.960588,CONECTADA,1.54,"29.09162451, -110.9754325",0,NIVEL 2 (MEDIO),,,,
1859,ESCUELAS,LAZARO CARDENAS,HERMOSILLO,BAHIA DE KINO,28.823605,-111.940118,CONECTADA,1.85,"28.832808, -111.955989",0,NIVEL 2 (MEDIO),,,,
1860,ESCUELAS,ENRIQUE QUIJADA,HERMOSILLO,HERMOSILLO,29.092718,-111.005764,CONECTADA,1.14,"29.102933, -111.007014",0,NIVEL 2 (MEDIO),,,,
1862,ESCUELAS,EMILIANO ZAPATA,HERMOSILLO,EL TRIUNFO,28.845,-111.428056,CONECTADA,4.25,"28.854599, -111.385835",0,NIVEL 2 (MEDIO),,,,
1863,ESCUELAS,VICTOR MANUEL BLANCO MARTINEZ,HERMOSILLO,HERMOSILLO,29.133251,-110.999836,CONECTADA,1.75,"29.14361389, -110.9862722",0,NIVEL 2 (MEDIO),,,,
1866,ESCUELAS,TELESECUNDARIA 73,HERMOSILLO,LA PEAÑA NUEVA,28.690278,-111.349722,CONECTADA,18.61,"28.854599, -111.385835",0,NIVEL 2 (MEDIO),,,,
1867,ESCUELAS,PROF. JUAN RUIZ DURAZO,HERMOSILLO,HERMOSILLO,29.140077,-110.967671,CONECTADA,1.85,"29.14361389, -110.9862722",0,NIVEL 2 (MEDIO),,,,
1868,ESCUELAS,JOSE ANGEL BARRIOS RUIZ,HERMOSILLO,HERMOSILLO,29.007684,-110.923188,CONECTADA,0.71,"29.01221702, -110.9283082",0,NIVEL 2 (MEDIO),,,,
1869,ESCUELAS,LUIS DONALDO COLOSIO MURRIETA,HERMOSILLO,HERMOSILLO,29.136566,-110.965982,CONECTADA,2.12,"29.14361389, -110.9862722",0,NIVEL 2 (MEDIO),,,,
1870,ESCUELAS,ALMA DELIA ARAGON ROMERO,HERMOSILLO,MIGUEL ALEMAN (LA DOCE),28.845683,-111.500008,CONECTADA,1.04,"28.84294167, -111.4898444",0,NIVEL 2 (MEDIO),,,,
1871,ESCUELAS,MANUEL RIOS Y RIOS,HERMOSILLO,HERMOSILLO,29.032473,-110.971418,CONECTADA,3.54,"29.037639, -110.935456",0,NIVEL 2 (MEDIO),,,,
1873,ESCUELAS,ENRIQUETA DE PARODI,HERMOSILLO,HERMOSILLO,29.11228,-110.973071,CONECTADA,1.79,"29.11026111, -110.9913861",0,NIVEL 2 (MEDIO),,,,
1874,ESCUELAS,ERNESTO SALAZAR GIRON,HERMOSILLO,HERMOSILLO,29.093451,-110.940545,CONECTADA,2.49,"29.07631845, -110.9570658",1,NIVEL 1 (BAJO),,,,
1875,ESCUELAS,GENERAL IGNACIO L PESQUEIRA,HERMOSILLO,HERMOSILLO,29.109691,-110.978181,CONECTADA,1.28,"29.11026111, -110.9913861",0,NIVEL 2 (MEDIO),,,,
1876,ESCUELAS,PROF. ENRIQUE GARCIA SANCHEZ,HERMOSILLO,HERMOSILLO,29.099643,-110.989938,CONECTADA,1.14,"29.10935986, -110.9936158",0,NIVEL 2 (MEDIO),,,,
1877,ESCUELAS,PROF. GUSTAVO RIVERA,HERMOSILLO,HERMOSILLO,29.086281,-110.927504,CONECTADA,2.51,"29.06939286, -110.944628",0,NIVEL 2 (MEDIO),,,,
1880,ESCUELAS,SOCORRO BERUMEN GUEVARA,HERMOSILLO,HERMOSILLO,29.138118,-111.014236,CONECTADA,1.69,"29.151882, -111.006934",0,NIVEL 2 (MEDIO),,,,
1882,ESCUELAS,GENERAL PLUTARCO ELIAS CALLES,HERMOSILLO,HERMOSILLO,29.084252,-110.937499,CONECTADA,1.79,"29.06939286, -110.944628",1,NIVEL 1 (BAJO),,,,
1883,ESCUELAS,MIGDELINA GIL SAMANIEGO,HERMOSILLO,HERMOSILLO,29.102146,-110.966426,CONECTADA,1.46,"29.09162451, -110.9754325",0,NIVEL 2 (MEDIO),,,,
1884,ESCUELAS,MARIA GUADALUPE RICO DE RAMIREZ,HERMOSILLO,HERMOSILLO,29.148768,-111.015956,CONECTADA,0.94,"29.151882, -111.006934",0,NIVEL 2 (MEDIO),,,,
1889,ESCUELAS,HUMBERTO VILLELA LUGO,HERMOSILLO,HERMOSILLO,29.007256,-110.922678,CONECTADA,0.78,"29.01221702, -110.9283082",0,NIVEL 2 (MEDIO),,,,
1890,ESCUELAS,DISTRIBUIDORES NISSAN 47-1,HERMOSILLO,BAHIA DE KINO,28.824835,-111.939729,CONECTADA,1.82,"28.832808, -111.955989",0,NIVEL 2 (MEDIO),,,,
1891,ESCUELAS,LEO SANDOVAL SAUCEDO,HERMOSILLO,HERMOSILLO,29.065474,-111.006066,CONECTADA,3.96,"29.09499722, -111.0287889",1,NIVEL 1 (BAJO),,,,
1892,ESCUELAS,JUAN FIGUEROA ABRIL,HERMOSILLO,HERMOSILLO,29.098889,-110.954167,CONECTADA,2.22,"29.09162451, -110.9754325",0,NIVEL 2 (MEDIO),,,,
1894,ESCUELAS,ADELINA RAMIREZ YANEZ,HERMOSILLO,MIGUEL ALEMAN (LA DOCE),28.840278,-111.4775,CONECTADA,1.15,"28.84228, -111.48905",0,NIVEL 2 (MEDIO),,,,
1895,ESCUELAS,CENTENARIO DE LA CONSTITUCION 1,HERMOSILLO,HERMOSILLO,29.098889,-110.954167,CONECTADA,2.22,"29.09162451, -110.9754325",0,NIVEL 2 (MEDIO),,,,
1897,ESCUELAS,ABELARDO VALENZUELA BALLESTEROS,HERMOSILLO,HERMOSILLO,29.164215,-111.002024,CONECTADA,1.45,"29.151882, -111.006934",0,NIVEL 2 (MEDIO),,,,
1899,ESCUELAS,NUEVA CREACION PRIMARIA NIÑOS MIGRANTES CIUDAD DE LOS NIÑOS,HERMOSILLO,HERMOSILLO,29.098889,-110.954167,CONECTADA,2.22,"29.09162451, -110.9754325",1,NIVEL 1 (BAJO),,,,
1901,ESCUELAS,NUEVA CREACION PRIMARIA NIÑOS MIGRANTES,HERMOSILLO,SANTA ELENA,29.141111,-110.87,CONECTADA,10.17,"29.196339, -110.7865361",0,NIVEL 2 (MEDIO),,,,
1902,ESCUELAS,NUEVA CREACION PRIMARIA NIÑOS MIGRANTES,HERMOSILLO,FLORESTA,28.499652,-111.476223,SIN CONEXION,20.4,"28.317394, -111.4527777",0,NIVEL 3 (ALTO),,,,
1903,ESCUELAS,NUEVA CREACION PRIMARIA NIÑOS MIGRANTES,QUIRIEGO,EL TANQUE,27.2725,-109.3026,SIN CONEXION,18.25,"27.396111, -109.181111",0,NIVEL 3 (ALTO),,,,
1905,ESCUELAS,TELESECUNDARIA 185,HERMOSILLO,SAN LUIS,28.813056,-111.308056,CONECTADA,8.87,"28.854599, -111.385835",0,NIVEL 2 (MEDIO),,,,
1906,ESCUELAS,SECUNDARIA NIÑOS MIGRANTES CIUDAD DE LOS NIÑOS,HERMOSILLO,HERMOSILLO,29.098889,-110.954167,SIN CONEXION,2.22,"29.09162451, -110.9754325",0,NIVEL 3 (ALTO),,,,
1907,ESCUELAS,TELESECUNDARIA 213,HERMOSILLO,HERMOSILLO,29.0760257,-110.94037,CONECTADA,0.85,"29.06939286, -110.944628",0,NIVEL 2 (MEDIO),,,,
1908,ESCUELAS,NUEVA CREACION SECUNDARIA NIÑOS MIGRANTES,CABORCA,JUAN ALVAREZ,31.172778,-112.807778,SIN CONEXION,32.61,"30.93714, -113.01164",0,NIVEL 3 (ALTO),,,,
1913,ESCUELAS,TELESECUNDARIA 252,HERMOSILLO,SAN BARTOLO,29.147222,-110.793333,CONECTADA,5.5,"29.196339, -110.7865361",0,NIVEL 2 (MEDIO),,,,
1917,ESCUELAS,TELESECUNDARIA 341,HERMOSILLO,EL CHOYUDO (LOS JAPONESES),28.322222,-111.452778,CONECTADA,0.54,"28.317394, -111.4527777",0,NIVEL 2 (MEDIO),,,,
1915,ESCUELAS,TELESECUNDARIA 301,HERMOSILLO,EL ZACATON,29.275278,-110.850556,CONECTADA,9.01,"29.27303, -110.94341",1,NIVEL 1 (BAJO),,,,
1916,ESCUELAS,TELESECUNDARIA 303,HERMOSILLO,MANUEL AVILA CAMACHO,28.982222,-111.703056,SIN CONEXION,0.28,"28.97997, -111.70435",0,NIVEL 3 (ALTO),,,,
1921,ESCUELAS,JACOBO GRIMM,HUACHINERA,HUACHINERA,30.208448,-108.957963,SIN CONEXION,0.22,"30.207014, -108.959606",0,NIVEL 3 (ALTO),,,,
1922,ESCUELAS,GREGORIO TORRES QUINTERO,HUACHINERA,ARIBABI,30.068611,-109.087222,SIN CONEXION,0.47,"30.07004, -109.091843",0,NIVEL 3 (ALTO),,,,
1925,ESCUELAS,FRANCISCO SARABIA,HUATABAMPO,FRANCISCO SARABIA,26.514722,-109.105833,SIN CONEXION,0.72,"26.508286, -109.104936",0,NIVEL 3 (ALTO),,,,
1927,ESCUELAS,SOR JUANA INES DE LA CRUZ,HUASABAS,HUASABAS,29.905792,-109.300027,SIN CONEXION,0.25,"29.90431, -109.30196",0,NIVEL 3 (ALTO),,,,
1928,ESCUELAS,BENITO JUAREZ,HUASABAS,HUASABAS,29.906412,-109.30188,CONECTADA,0.23,"29.90431, -109.30196",0,NIVEL 2 (MEDIO),,,,
1929,ESCUELAS,CENTRO DE DESARROLLO INFANTIL DEL GOBIERNO DEL ESTADO NUM. 2,HERMOSILLO,HERMOSILLO,29.071339,-110.956773,SIN CONEXION,0.33,"29.06842354, -110.9572519",0,NIVEL 3 (ALTO),,,,
1931,ESCUELAS,LOS FRUTITOS,HUATABAMPO,EL SUFRAGIO,26.86318,-109.693718,CONECTADA,5.67,"26.842562, -109.641426",0,NIVEL 2 (MEDIO),,,,
1932,ESCUELAS,LOS JUGUETITOS,HUATABAMPO,LOMA DE ETCHOROPO,26.766303,-109.68174,CONECTADA,8.73,"26.820916667, -109.61855556",0,NIVEL 2 (MEDIO),,,,
1933,ESCUELAS,LOS ALAMITOS,HUATABAMPO,JUPARE,26.800278,-109.698333,CONECTADA,7.35,"26.842562, -109.641426",0,NIVEL 2 (MEDIO),,,,
1934,ESCUELAS,EL FUTURO,HUATABAMPO,EL RIITO DE MAZARAY (RIITO MUERTO),26.754444,-109.647222,CONECTADA,7.92,"26.820916667, -109.61855556",0,NIVEL 2 (MEDIO),,,,
1935,ESCUELAS,EL NOPAL,HUATABAMPO,NAVOBAXIA,26.834444,-109.671667,CONECTADA,3.13,"26.842562, -109.641426",0,NIVEL 2 (MEDIO),,,,
1936,ESCUELAS,U-BISEROU,HUATABAMPO,MOCHIBAMPO,26.748611,-109.613333,CONECTADA,8.06,"26.820916667, -109.61855556",0,NIVEL 2 (MEDIO),,,,
1937,ESCUELAS,UME-NAMUM,HUATABAMPO,SAN ANTONIO,26.760013,-109.600225,CONECTADA,7.01,"26.820916667, -109.61855556",0,NIVEL 2 (MEDIO),,,,
1938,ESCUELAS,ILI-KARI,HUATABAMPO,ZAMICARIT,26.850151,-109.707673,SIN CONEXION,6.63,"26.842562, -109.641426",0,NIVEL 3 (ALTO),,,,
1939,ESCUELAS,UME-USIM,HUATABAMPO,LA REFORMA,26.830716,-109.732189,CONECTADA,9.1,"26.842562, -109.641426",1,NIVEL 1 (BAJO),,,,
1940,ESCUELAS,ILI-SEGUA,HUATABAMPO,EL TABARE,26.802222,-109.756944,CONECTADA,12.31,"26.842562, -109.641426",1,NIVEL 1 (BAJO),,,,
1941,ESCUELAS,LA LOMITA,HUATABAMPO,LOMA DE ETCHOROPO,26.758213,-109.678341,CONECTADA,9.16,"26.820916667, -109.61855556",1,NIVEL 1 (BAJO),,,,
1942,ESCUELAS,LA ALEGRIA,HUATABAMPO,LA ESCALERA,26.776389,-109.649722,CONECTADA,5.84,"26.820916667, -109.61855556",0,NIVEL 2 (MEDIO),,,,
1943,ESCUELAS,YOORI,HUATABAMPO,LUIS ECHEVERRIA ZUNO,26.781111,-109.520833,CONECTADA,10.66,"26.820916667, -109.61855556",0,NIVEL 2 (MEDIO),,,,
1944,ESCUELAS,LA SIEMBRITA,HUATABAMPO,EL ALTO SAN CRISTOBAL,26.845556,-109.578423,CONECTADA,4.83,"26.820916667, -109.61855556",0,NIVEL 2 (MEDIO),,,,
1945,ESCUELAS,EL PASCOLITA,HUATABAMPO,YAVARITOS,26.778056,-109.372778,SIN CONEXION,0.41,"26.77914, -109.36883",0,NIVEL 3 (ALTO),,,,
1946,ESCUELAS,TU-RI-TAA,HUATABAMPO,POZO DULCE,26.845,-109.75,CONECTADA,10.78,"26.842562, -109.641426",1,NIVEL 1 (BAJO),,,,
1947,ESCUELAS,LA PITAHAYITA,HUATABAMPO,SIREBAMPO,26.638056,-109.237222,SIN CONEXION,0.15,"26.639061, -109.236233",0,NIVEL 3 (ALTO),,,,
1948,ESCUELAS,LAS MILPITAS,HUATABAMPO,LAS MILPAS,26.795833,-109.768889,SIN CONEXION,13.67,"26.842562, -109.641426",0,NIVEL 3 (ALTO),,,,
1949,ESCUELAS,EL PESCADITO,HUATABAMPO,LAS BOCAS,26.581389,-109.328056,SIN CONEXION,1.69,"26.59506, -109.33547",0,NIVEL 3 (ALTO),,,,
1950,ESCUELAS,EL PATITO,HUATABAMPO,MORONCARIT,26.7325,-109.613889,CONECTADA,9.84,"26.820916667, -109.61855556",0,NIVEL 2 (MEDIO),,,,
1951,ESCUELAS,ILI-KETWEYO,HUATABAMPO,CAMPO DIECINUEVE,26.783611,-109.582778,CONECTADA,5.46,"26.820916667, -109.61855556",0,NIVEL 2 (MEDIO),,,,
1952,ESCUELAS,ILI-SIA,HUATABAMPO,BACAPACO,26.767222,-109.654167,CONECTADA,6.94,"26.820916667, -109.61855556",0,NIVEL 2 (MEDIO),,,,
1953,ESCUELAS,LAS DUNITAS,HUATABAMPO,LOMA DE ETCHOROPO,26.751701,-109.674316,CONECTADA,9.48,"26.820916667, -109.61855556",1,NIVEL 1 (BAJO),,,,
2136,ESCUELAS,CARMEN PRECIADO DE VAZQUEZ,LA COLORADA,LA COLORADA,28.803132,-110.577603,SIN CONEXION,19.14,"28.766305, -110.769459",0,NIVEL 3 (ALTO),,,,
1954,ESCUELAS,EL CARITO,HUATABAMPO,EL CARO,26.868611,-109.713056,CONECTADA,7.67,"26.842562, -109.641426",0,NIVEL 2 (MEDIO),,,,
1955,ESCUELAS,MEZCALITO,HUATABAMPO,LOS BUITBORES,26.760556,-109.713056,CONECTADA,11.53,"26.820916667, -109.61855556",1,NIVEL 1 (BAJO),,,,
1956,ESCUELAS,EL VENADITO,HUATABAMPO,ADOLFO LOPEZ MATEOS,26.797222,-109.3875,SIN CONEXION,2.73,"26.77914, -109.36883",0,NIVEL 3 (ALTO),,,,
1957,ESCUELAS,MOTCHIK,HUATABAMPO,BACHANTAHUI,26.7725,-109.632778,CONECTADA,5.57,"26.820916667, -109.61855556",0,NIVEL 2 (MEDIO),,,,
1958,ESCUELAS,BATWE,HUATABAMPO,EL RIITO,26.779188,-109.629554,CONECTADA,4.77,"26.820916667, -109.61855556",0,NIVEL 2 (MEDIO),,,,
1959,ESCUELAS,LA VEREDITA,HUATABAMPO,PUEBLO VIEJO,26.791109,-109.710054,CONECTADA,8.89,"26.842562, -109.641426",0,NIVEL 2 (MEDIO),,,,
1960,ESCUELAS,PRIMAVERA,HUATABAMPO,10 DE ABRIL,26.577778,-109.165,SIN CONEXION,3.04,"26.60396, -109.1739",0,NIVEL 3 (ALTO),,,,
1961,ESCUELAS,LA FLOR,HUATABAMPO,AGIABAMPO NUMERO DOS (EL CAMPITO),26.323889,-109.096389,SIN CONEXION,13.25,"26.427719, -109.031198",0,NIVEL 3 (ALTO),,,,
1962,ESCUELAS,ESPEJITO,HUATABAMPO,GUADALUPE VICTORIA,26.554444,-109.1125,SIN CONEXION,0.24,"26.553225, -109.114548",0,NIVEL 3 (ALTO),,,,
1963,ESCUELAS,MI JAKALITO,HUATABAMPO,ALVARO OBREGON,26.506389,-109.153611,SIN CONEXION,3.67,"26.535016, -109.172032",0,NIVEL 3 (ALTO),,,,
1964,ESCUELAS,ILI CHOKKI,HUATABAMPO,MAYO FUERTE,26.406389,-109.025278,SIN CONEXION,2.44,"26.427719, -109.031198",0,NIVEL 3 (ALTO),,,,
1965,ESCUELAS,JUAN CAMPOY VALENZUELA,HUATABAMPO,LA ESQUINA,26.800369,-109.71611,CONECTADA,8.77,"26.842562, -109.641426",0,NIVEL 2 (MEDIO),,,,
1966,ESCUELAS,CONCEPCION GONZALEZ GALVAN,HUATABAMPO,YAVAROS (ISLA LAS VIEJAS),26.701978,-109.532901,CONECTADA,15.72,"26.820916667, -109.61855556",1,NIVEL 1 (BAJO),,,,
1967,ESCUELAS,EL FARITO,HUATABAMPO,YAVAROS (ISLA LAS VIEJAS),26.704197,-109.518378,CONECTADA,16.35,"26.820916667, -109.61855556",1,NIVEL 1 (BAJO),,,,
1968,ESCUELAS,IN ANIA,HUATABAMPO,JUPARE,26.800278,-109.698333,CONECTADA,7.35,"26.842562, -109.641426",0,NIVEL 2 (MEDIO),,,,
1969,ESCUELAS,MI BARQUITO DEL SABER,HUATABAMPO,MELCHOR OCAMPO,26.534444,-109.176667,SIN CONEXION,0.02,"26.53461, -109.17651",0,NIVEL 3 (ALTO),,,,
1970,ESCUELAS,III PARASIM,HUATABAMPO,LAS PARRITAS (EL CHANGUITO),26.849444,-109.730556,CONECTADA,8.88,"26.842562, -109.641426",0,NIVEL 2 (MEDIO),,,,
1971,ESCUELAS,EL CAMPITO,HUATABAMPO,LA UNION,26.813533,-109.606011,CONECTADA,1.49,"26.820916667, -109.61855556",1,NIVEL 1 (BAJO),,,,
1972,ESCUELAS,IN JIAPSI,HUATABAMPO,POZO DULCE,26.845,-109.75,CONECTADA,10.78,"26.842562, -109.641426",0,NIVEL 2 (MEDIO),,,,
1973,ESCUELAS,LA SIRENITA,HUATABAMPO,BACHOCO,26.728611,-109.411667,SIN CONEXION,5.61,"26.742767, -109.357417",0,NIVEL 3 (ALTO),,,,
1974,ESCUELAS,TIERRA DE GENERALES,HUATABAMPO,HUATABAMPO,26.822576,-109.634385,CONECTADA,1.58,"26.820916667, -109.61855556",0,NIVEL 2 (MEDIO),,,,
1975,ESCUELAS,VALENTIN GOMEZ FARIAS,HUATABAMPO,HUATABAMPO,26.820016,-109.651572,CONECTADA,2.7,"26.842562, -109.641426",1,NIVEL 1 (BAJO),,,,
1976,ESCUELAS,LOURDES GONZALEZ DE ENCINAS,HUATABAMPO,HUATABAMPO,26.827131,-109.63608,CONECTADA,1.78,"26.84247222, -109.6411222",1,NIVEL 1 (BAJO),,,,
1977,ESCUELAS,PEDRO DE ALVARADO,HUATABAMPO,HUATABAMPO,26.837265,-109.634139,CONECTADA,0.9,"26.84247222, -109.6411222",1,NIVEL 1 (BAJO),,,,
1978,ESCUELAS,IGNACIO ALTAMIRANO,HUATABAMPO,HUATABAMPO,26.820098,-109.638964,CONECTADA,2.03,"26.820916667, -109.61855556",1,NIVEL 1 (BAJO),,,,
1979,ESCUELAS,CUITLAHUAC,HUATABAMPO,LA UNION,26.818642,-109.609289,CONECTADA,0.95,"26.820916667, -109.61855556",1,NIVEL 1 (BAJO),,,,
1980,ESCUELAS,MALINTZIN,HUATABAMPO,VENUSTIANO CARRANZA,26.425833,-109.030833,SIN CONEXION,0.21,"26.427719, -109.031198",0,NIVEL 3 (ALTO),,,,
1981,ESCUELAS,RICARDO FLORES MAGON,HUATABAMPO,JUPARE,26.800278,-109.698333,CONECTADA,7.35,"26.842562, -109.641426",0,NIVEL 2 (MEDIO),,,,
1982,ESCUELAS,AQUILES SERDAN,HUATABAMPO,SAHUARAL DE OTERO (SAHUARAL DE ABAJO),26.885,-109.732778,CONECTADA,10.22,"26.842562, -109.641426",1,NIVEL 1 (BAJO),,,,
1983,ESCUELAS,GUILLERMO PRIETO,HUATABAMPO,HUATABAMPO,26.836133,-109.644081,CONECTADA,0.76,"26.842562, -109.641426",1,NIVEL 1 (BAJO),,,,
2187,ESCUELAS,CENTRO DE ATENCION MULTIPLE ESTATAL NUM. 8,MOCTEZUMA,MOCTEZUMA,29.798422,-109.67812,SIN CONEXION,0.53,"29.80268, -109.68059",0,NIVEL 3 (ALTO),,,,
1984,ESCUELAS,NIÑO ABEL LORENZO BELTRAN,HUATABAMPO,HUATABAMPO,26.814929,-109.651248,CONECTADA,3.22,"26.84247222, -109.6411222",1,NIVEL 1 (BAJO),,,,
1985,ESCUELAS,GUSTAVO E CAMPA,HUATABAMPO,YAVAROS (ISLA LAS VIEJAS),26.705814,-109.523519,SIN CONEXION,15.9,"26.820916667, -109.61855556",0,NIVEL 3 (ALTO),,,,
1986,ESCUELAS,ALFREDO ADLER,HUATABAMPO,HUATABAMPO,26.82419,-109.653663,CONECTADA,2.38,"26.842562, -109.641426",1,NIVEL 1 (BAJO),,,,
1987,ESCUELAS,HUATABAMPO,HUATABAMPO,JUAN DE LA BARRERA,26.407778,-109.093611,SIN CONEXION,6.6,"26.427719, -109.031198",0,NIVEL 3 (ALTO),,,,
1988,ESCUELAS,ROBERTO AJA ESCOBAR,HUATABAMPO,HUATABAMPO,26.824212,-109.626511,CONECTADA,0.87,"26.820916667, -109.61855556",1,NIVEL 1 (BAJO),,,,
1989,ESCUELAS,23 DE MARZO,HUATABAMPO,HUATABAMPO,26.815207,-109.651636,CONECTADA,3.21,"26.842562, -109.641426",1,NIVEL 1 (BAJO),,,,
1990,ESCUELAS,JORGE LUIS BORGES,HUATABAMPO,HUATABAMPO,26.845009,-109.633431,CONECTADA,0.81,"26.84247222, -109.6411222",1,NIVEL 1 (BAJO),,,,
1991,ESCUELAS,PROSPERO IBARRA CEBALLOS,HUATABAMPO,HUATABAMPO,26.815474,-109.645329,CONECTADA,2.72,"26.820916667, -109.61855556",1,NIVEL 1 (BAJO),,,,
1992,ESCUELAS,ANTONIO CRUZ,HUATABAMPO,LA UNION,26.828441,-109.608177,SIN CONEXION,1.33,"26.820916667, -109.61855556",0,NIVEL 3 (ALTO),,,,
1993,ESCUELAS,PROF. OTHON ALMADA,NAVOJOA,NAVOJOA,27.06447,-109.443689,CONECTADA,0.62,"27.06563326, -109.4497993",0,NIVEL 2 (MEDIO),,,,
1994,ESCUELAS,JULIAN MAYCOMEA VALENZUELA,HUATABAMPO,LAS PARRITAS (EL CHANGUITO),26.849444,-109.730556,CONECTADA,8.88,"26.842562, -109.641426",1,NIVEL 1 (BAJO),,,,
1997,ESCUELAS,RAFAEL RAMIREZ,HUATABAMPO,YAVARITOS,26.778056,-109.372778,CONECTADA,0.41,"26.77914, -109.36883",0,NIVEL 2 (MEDIO),,,,
1996,ESCUELAS,AMADO NERVO,HUATABAMPO,BACHOCO,26.728611,-109.411667,SIN CONEXION,5.61,"26.742767, -109.357417",0,NIVEL 3 (ALTO),,,,
1999,ESCUELAS,FELIPE CARRILLO PUERTO,HUATABAMPO,LA CUCHILLA DE SAN ANTONIO,26.763611,-109.601389,CONECTADA,6.6,"26.820916667, -109.61855556",0,NIVEL 2 (MEDIO),,,,
2000,ESCUELAS,PLAN DE AYALA,HUATABAMPO,EL ALTO SAN CRISTOBAL,26.845556,-109.578423,CONECTADA,4.83,"26.820916667, -109.61855556",0,NIVEL 2 (MEDIO),,,,
1998,ESCUELAS,NICOLAS BRAVO,HUATABAMPO,PUEBLO VIEJO,26.791109,-109.710054,CONECTADA,8.89,"26.842562, -109.641426",0,NIVEL 2 (MEDIO),,,,
2002,ESCUELAS,AQUILES SERDAN,HUATABAMPO,LA REFORMA,26.830716,-109.732189,CONECTADA,9.1,"26.842562, -109.641426",1,NIVEL 1 (BAJO),,,,
2198,ESCUELAS,NICOLAS BRAVO,NACORI CHICO,LA MESA TRES RIOS,29.841667,-108.7125,SIN CONEXION,30.9,"29.68636, -108.97802",0,NIVEL 3 (ALTO),,,,
2003,ESCUELAS,CUAUHTEMOC,HUATABAMPO,TOROCOBA,26.752194,-109.708232,CONECTADA,11.73,"26.820916667, -109.61855556",0,NIVEL 2 (MEDIO),,,,
2004,ESCUELAS,RICARDO FLORES,HUATABAMPO,SAN ANTONIO,26.760013,-109.600225,CONECTADA,7.01,"26.820916667, -109.61855556",0,NIVEL 2 (MEDIO),,,,
2005,ESCUELAS,JOSE VASCONCELOS,HUATABAMPO,MORELOS,26.856489,-109.745153,CONECTADA,10.41,"26.842562, -109.641426",1,NIVEL 1 (BAJO),,,,
2006,ESCUELAS,PRESIDENTE ALEMAN,HUATABAMPO,LAS MAMIAS,26.822894,-109.765107,CONECTADA,12.47,"26.842562, -109.641426",0,NIVEL 2 (MEDIO),,,,
2007,ESCUELAS,PLANO ORIENTE,HUATABAMPO,ZAMICARIT,26.850151,-109.707673,SIN CONEXION,6.63,"26.842562, -109.641426",0,NIVEL 3 (ALTO),,,,
2008,ESCUELAS,EMA A DE ALMADA,HUATABAMPO,CAMAHUIROA,26.543611,-109.284722,CONECTADA,0.09,"26.544278, -109.284241",0,NIVEL 2 (MEDIO),,,,
2010,ESCUELAS,GENERAL FRANCISCO VILLA,HUATABAMPO,BABURO,26.850598,-109.698,CONECTADA,5.68,"26.842562, -109.641426",0,NIVEL 2 (MEDIO),,,,
2011,ESCUELAS,LAZARO CARDENAS,HUATABAMPO,CHIJUBAMPO,26.78728,-109.661412,CONECTADA,5.66,"26.820916667, -109.61855556",0,NIVEL 2 (MEDIO),,,,
2014,ESCUELAS,FELIPE ANGUAMEA PALMA,HUATABAMPO,BACAPACO,26.767222,-109.654167,CONECTADA,6.94,"26.820916667, -109.61855556",0,NIVEL 2 (MEDIO),,,,
2015,ESCUELAS,CARMEN SERDAN,HUATABAMPO,CHAPULTEPEC,26.743611,-109.613333,CONECTADA,8.61,"26.820916667, -109.61855556",0,NIVEL 2 (MEDIO),,,,
2016,ESCUELAS,ESCUELA PRIMARIA NUEVA CREACION,HUATABAMPO,MACIAS,26.8375,-109.506667,CONECTADA,7.36,"26.878814, -109.448692",0,NIVEL 2 (MEDIO),,,,
2017,ESCUELAS,MIGUEL HIDALGO Y COSTILLA,HUATABAMPO,EL NACAPUL,26.54009,-109.165072,SIN CONEXION,0.89,"26.535016, -109.172032",0,NIVEL 3 (ALTO),,,,
2018,ESCUELAS,LA PATRIA ES PRIMERO,HUATABAMPO,HUATABAMPO,26.819542,-109.65114,CONECTADA,2.74,"26.842562, -109.641426",1,NIVEL 1 (BAJO),,,,
2019,ESCUELAS,JOSE MA MORELOS,HUATABAMPO,POZO DULCE,26.845,-109.75,CONECTADA,10.78,"26.842562, -109.641426",0,NIVEL 2 (MEDIO),,,,
2020,ESCUELAS,MA. TAPIA VDA DE OBREGON,HUATABAMPO,HUATABAMPO,26.819081,-109.644392,CONECTADA,2.57,"26.820916667, -109.61855556",1,NIVEL 1 (BAJO),,,,
2021,ESCUELAS,IGNACIO SOTO,HUATABAMPO,HUATABAMPO,26.824087,-109.645112,CONECTADA,2.08,"26.84247222, -109.6411222",0,NIVEL 2 (MEDIO),,,,
2022,ESCUELAS,JOSE MA MORELOS,HUATABAMPO,BUIYARUMO,26.836983,-109.696391,CONECTADA,5.49,"26.842562, -109.641426",0,NIVEL 2 (MEDIO),,,,
2023,ESCUELAS,ESTADO DE PUEBLA,HUATABAMPO,EL CARO,26.868611,-109.713056,CONECTADA,7.67,"26.842562, -109.641426",0,NIVEL 2 (MEDIO),,,,
2024,ESCUELAS,LAZARO CARDENAS,HUATABAMPO,CITAVARO,26.879444,-109.710833,CONECTADA,8.01,"26.842562, -109.641426",0,NIVEL 2 (MEDIO),,,,
2025,ESCUELAS,TIERRA Y LIBERTAD,HUATABAMPO,LA ESCALERA,26.776389,-109.649722,CONECTADA,5.84,"26.820916667, -109.61855556",0,NIVEL 2 (MEDIO),,,,
2026,ESCUELAS,PROF. ALVARO OBREGON,HUATABAMPO,ETCHOROPO,26.770477,-109.683386,CONECTADA,8.54,"26.820916667, -109.61855556",0,NIVEL 2 (MEDIO),,,,
2027,ESCUELAS,LIC. ALFREDO V BONFIL,HUATABAMPO,ALVARO OBREGON,26.506389,-109.153611,SIN CONEXION,3.67,"26.535016, -109.172032",0,NIVEL 3 (ALTO),,,,
2028,ESCUELAS,IGNACIO ZARAGOZA,HUATABAMPO,LOMA DE MORONCARIT,26.751189,-109.670945,CONECTADA,9.34,"26.820916667, -109.61855556",0,NIVEL 2 (MEDIO),,,,
2029,ESCUELAS,JOSEFA ORTIZ DE DOMINGUEZ,HUATABAMPO,LA PRIMAVERA,26.8,-109.671944,CONECTADA,5.62,"26.842562, -109.641426",0,NIVEL 2 (MEDIO),,,,
2030,ESCUELAS,NARCIZO MENDOZA,HUATABAMPO,NAVOBAXIA,26.834444,-109.671667,CONECTADA,3.13,"26.842562, -109.641426",0,NIVEL 2 (MEDIO),,,,
2031,ESCUELAS,GREGORIO TORRES QUINTERO,HUATABAMPO,EL SUFRAGIO,26.86318,-109.693718,CONECTADA,5.67,"26.842562, -109.641426",0,NIVEL 2 (MEDIO),,,,
2032,ESCUELAS,BASILIO BADILLO,HUATABAMPO,JUPARE,26.800278,-109.698333,SIN CONEXION,7.35,"26.842562, -109.641426",0,NIVEL 3 (ALTO),,,,
2033,ESCUELAS,NIÑOS HEROES,HUATABAMPO,LOMA DE ETCHOROPO,26.756677,-109.678017,CONECTADA,9.27,"26.820916667, -109.61855556",0,NIVEL 2 (MEDIO),,,,
2034,ESCUELAS,RICARDO FLORES MAGON,HUATABAMPO,LAS PARRAS,26.840278,-109.714722,CONECTADA,7.28,"26.842562, -109.641426",0,NIVEL 2 (MEDIO),,,,
2035,ESCUELAS,JOSEFA ORTIZ DE DOMINGUEZ,HUATABAMPO,EL RIITO DE MAZARAY (RIITO MUERTO),26.754444,-109.647222,CONECTADA,7.92,"26.820916667, -109.61855556",0,NIVEL 2 (MEDIO),,,,
2036,ESCUELAS,AQUILES SERDAN,HUATABAMPO,EL TABARE,26.802222,-109.756944,SIN CONEXION,12.31,"26.842562, -109.641426",0,NIVEL 3 (ALTO),,,,
2037,ESCUELAS,EMILIANO ZAPATA,HUATABAMPO,EL RIITO,26.779188,-109.629554,CONECTADA,4.77,"26.820916667, -109.61855556",0,NIVEL 2 (MEDIO),,,,
2038,ESCUELAS,GENERAL PLUTARCO E CALLES,HUATABAMPO,INSURGENTES DE PUEBLO YAQUI,26.388611,-109.12,CONECTADA,9.86,"26.427719, -109.031198",0,NIVEL 2 (MEDIO),,,,
2040,ESCUELAS,MARGARITA MAZA DE JUAREZ,HUATABAMPO,HUATABAMPO,26.822946,-109.638774,CONECTADA,2.02,"26.820916667, -109.61855556",1,NIVEL 1 (BAJO),,,,
2041,ESCUELAS,LEONA VICARIO,HUATABAMPO,10 DE ABRIL,26.577778,-109.165,SIN CONEXION,3.04,"26.60396, -109.1739",0,NIVEL 3 (ALTO),,,,
2042,ESCUELAS,MELCHOR OCAMPO,HUATABAMPO,BACHANTAHUI,26.7725,-109.632778,CONECTADA,5.57,"26.820916667, -109.61855556",0,NIVEL 2 (MEDIO),,,,
2043,ESCUELAS,FELIPE SALIDO,HUATABAMPO,MORONCARIT,26.7325,-109.613889,CONECTADA,9.84,"26.820916667, -109.61855556",0,NIVEL 2 (MEDIO),,,,
2045,ESCUELAS,ANGELA VALENZUELA DE MACIAS,HUATABAMPO,AGIABAMPO UNO,26.366389,-109.145556,SIN CONEXION,13.28,"26.427719, -109.031198",0,NIVEL 3 (ALTO),,,,
2044,ESCUELAS,JESUS GARCIA,HUATABAMPO,VENUSTIANO CARRANZA,26.425833,-109.030833,CONECTADA,0.21,"26.427719, -109.031198",0,NIVEL 2 (MEDIO),,,,
2053,ESCUELAS,BENITO JUAREZ,HUATABAMPO,BENITO JUAREZ,26.603333,-109.175556,CONECTADA,0.18,"26.60396, -109.1739",0,NIVEL 2 (MEDIO),,,,
2048,ESCUELAS,MIGUEL HIDALGO,HUATABAMPO,CAMPO DIECINUEVE,26.783611,-109.582778,CONECTADA,5.46,"26.820916667, -109.61855556",0,NIVEL 2 (MEDIO),,,,
2049,ESCUELAS,LAZARO CARDENAS DEL RIO,HUATABAMPO,LAS BOCAS,26.581389,-109.328056,SIN CONEXION,1.69,"26.59506, -109.33547",0,NIVEL 3 (ALTO),,,,
2051,ESCUELAS,PROF. ALVARO OBREGON,HUATABAMPO,YAVAROS (ISLA LAS VIEJAS),26.705216,-109.52458,CONECTADA,15.89,"26.820916667, -109.61855556",1,NIVEL 1 (BAJO),,,,
2052,ESCUELAS,JUSTO SIERRA,HUATABAMPO,LOS TOLTECAS,26.568369,-109.151097,SIN CONEXION,4.01,"26.553225, -109.114548",0,NIVEL 3 (ALTO),,,,
2055,ESCUELAS,LUZ CEBALLOS DE IBARRA,HUATABAMPO,HUATABAMPO,26.838048,-109.644391,CONECTADA,0.58,"26.842562, -109.641426",1,NIVEL 1 (BAJO),,,,
2056,ESCUELAS,JUAN ESCUTIA,HUATABAMPO,JUAN ESCUTIA,26.557515,-109.141059,SIN CONEXION,2.68,"26.553225, -109.114548",0,NIVEL 3 (ALTO),,,,
2058,ESCUELAS,JOSE MARIA MORELOS,HUATABAMPO,MAYO FUERTE,26.406389,-109.025278,SIN CONEXION,2.44,"26.427719, -109.031198",0,NIVEL 3 (ALTO),,,,
2059,ESCUELAS,JACINTO LOPEZ MORENO,HUATABAMPO,LUIS ECHEVERRIA ZUNO,26.781111,-109.520833,CONECTADA,10.66,"26.820916667, -109.61855556",0,NIVEL 2 (MEDIO),,,,
2060,ESCUELAS,FRANCISCO I. MADERO,HUATABAMPO,ADOLFO LOPEZ MATEOS,26.797222,-109.3875,SIN CONEXION,2.73,"26.77914, -109.36883",0,NIVEL 3 (ALTO),,,,
2057,ESCUELAS,13 DE ENERO,HUATABAMPO,TOTOLIBOQUI,26.462222,-109.133056,CONECTADA,5.62,"26.490564, -109.086278",0,NIVEL 2 (MEDIO),,,,
2062,ESCUELAS,ESTADO DE CHIHUAHUA,HUATABAMPO,LOS BUITBORES,26.760556,-109.713056,CONECTADA,11.53,"26.820916667, -109.61855556",0,NIVEL 2 (MEDIO),,,,
2063,ESCUELAS,FELIPE CARRILLO PUERTO,HUATABAMPO,LA UNION,26.819217,-109.608346,CONECTADA,1.03,"26.820916667, -109.61855556",1,NIVEL 1 (BAJO),,,,
2064,ESCUELAS,LAZARO CARDENAS,HUATABAMPO,LAS MILPAS,26.795833,-109.768889,SIN CONEXION,13.67,"26.842562, -109.641426",0,NIVEL 3 (ALTO),,,,
2229,ESCUELAS,LOS CONEJITOS,NAVOJOA,LOS BUAYUMS,26.862222,-109.436111,SIN CONEXION,2.23,"26.878814, -109.448692",0,NIVEL 3 (ALTO),,,,
2066,ESCUELAS,LIC. MIGUEL ALEMAN,HUATABAMPO,MOCHIBAMPO,26.748611,-109.613333,CONECTADA,8.06,"26.820916667, -109.61855556",0,NIVEL 2 (MEDIO),,,,
2067,ESCUELAS,RITHA MEDINA JACQUES,HUATABAMPO,HUATABAMPO,26.82356,-109.645446,CONECTADA,2.15,"26.84247222, -109.6411222",0,NIVEL 2 (MEDIO),,,,
2068,ESCUELAS,PROF. ROBERTO AJA ESCOBAR,HUATABAMPO,HUATABAMPO,26.824251,-109.656044,CONECTADA,2.5,"26.842562, -109.641426",0,NIVEL 2 (MEDIO),,,,
2069,ESCUELAS,LUIS DONALDO COLOSIO MURRIETA,HUATABAMPO,HUATABAMPO,26.825103,-109.626873,CONECTADA,0.95,"26.820916667, -109.61855556",0,NIVEL 2 (MEDIO),,,,
2070,ESCUELAS,PROF EDUARDO BOJORQUEZ VALENZUELA,MAGDALENA,MAGDALENA DE KINO,30.624654,-110.972735,CONECTADA,0.08,"30.62410894, -110.9732592",1,NIVEL 1 (BAJO),,,,
2071,ESCUELAS,MIGUEL HIDALGO Y COSTILLA,GUAYMAS,HEROICA GUAYMAS,27.924591,-110.913676,CONECTADA,1.39,"27.91950278, -110.9007333",1,NIVEL 1 (BAJO),,,,
2072,ESCUELAS,GENERAL MIGUEL PIÑA,URES,HEROICA CIUDAD DE URES,29.428285,-110.38642,CONECTADA,0.34,"29.42809, -110.38989",0,NIVEL 2 (MEDIO),,,,
2073,ESCUELAS,CORONEL JOSE MA GIRON,CABORCA,HEROICA CABORCA,30.717356,-112.15404,CONECTADA,0.58,"30.71350833, -112.1499222",0,NIVEL 2 (MEDIO),,,,
2074,ESCUELAS,PROF. RAFAEL N VARELA,CUMPAS,CUMPAS,29.997475,-109.781191,CONECTADA,0.52,"29.996425, -109.77598",0,NIVEL 2 (MEDIO),,,,
2075,ESCUELAS,GENERAL PLUTARCO ELIAS CALLES,AGUA PRIETA,AGUA PRIETA,31.327801,-109.547472,CONECTADA,0.09,"31.327, -109.54715",0,NIVEL 2 (MEDIO),,,,
2077,ESCUELAS,ALVARO OBREGON,HUATABAMPO,HUATABAMPO,26.827531,-109.646034,CONECTADA,1.73,"26.84247222, -109.6411222",1,NIVEL 1 (BAJO),,,,
2078,ESCUELAS,JESUS GARCIA CORONA,HUATABAMPO,HUATABAMPO,26.834357,-109.636928,CONECTADA,0.99,"26.84247222, -109.6411222",1,NIVEL 1 (BAJO),,,,
2079,ESCUELAS,MICAELA A DE BORQUEZ,HUATABAMPO,HUATABAMPO,26.827976,-109.645744,CONECTADA,1.68,"26.84247222, -109.6411222",0,NIVEL 2 (MEDIO),,,,
2080,ESCUELAS,GENERAL FAUSTO TOPETE,HUATABAMPO,HUATABAMPO,26.8309,-109.643639,CONECTADA,1.31,"26.84247222, -109.6411222",1,NIVEL 1 (BAJO),,,,
2081,ESCUELAS,GENERAL ALVARO OBREGON,HUATABAMPO,HUATABAMPO,26.82698,-109.64083,CONECTADA,1.72,"26.84247222, -109.6411222",0,NIVEL 2 (MEDIO),,,,
2082,ESCUELAS,CLUB DE LEONES 2,HUATABAMPO,HUATABAMPO,26.827664,-109.634353,CONECTADA,1.74,"26.820916667, -109.61855556",1,NIVEL 1 (BAJO),,,,
2083,ESCUELAS,BENITO JUAREZ,HUATABAMPO,SAHUARAL DE OTERO (SAHUARAL DE ABAJO),26.885,-109.732778,CONECTADA,10.22,"26.842562, -109.641426",1,NIVEL 1 (BAJO),,,,
2084,ESCUELAS,PROF. EFRAIN BUENROSTRO,ALTAR,ALTAR,30.713611,-111.835278,CONECTADA,1.3,"30.70384167, -111.8277278",0,NIVEL 2 (MEDIO),,,,
2085,ESCUELAS,TELESECUNDARIA 10,HUATABAMPO,MELCHOR OCAMPO,26.534444,-109.176667,SIN CONEXION,0.02,"26.53461, -109.17651",0,NIVEL 3 (ALTO),,,,
2086,ESCUELAS,TELESECUNDARIA 38,HUATABAMPO,MORONCARIT,26.7325,-109.613889,CONECTADA,9.84,"26.820916667, -109.61855556",0,NIVEL 2 (MEDIO),,,,
2087,ESCUELAS,TELESECUNDARIA 99,HUATABAMPO,EMILIANO ZAPATA UNO,26.427222,-109.031667,SIN CONEXION,0.07,"26.427719, -109.031198",0,NIVEL 3 (ALTO),,,,
2088,ESCUELAS,TELESECUNDARIA 111,HUATABAMPO,EL CARO,26.868611,-109.713056,CONECTADA,7.67,"26.842562, -109.641426",1,NIVEL 1 (BAJO),,,,
2089,ESCUELAS,TELESECUNDARIA 112,HUATABAMPO,SAHUARAL DE OTERO (SAHUARAL DE ABAJO),26.885,-109.732778,CONECTADA,10.22,"26.842562, -109.641426",1,NIVEL 1 (BAJO),,,,
2090,ESCUELAS,TELESECUNDARIA 113,HUATABAMPO,POZO DULCE,26.845,-109.75,CONECTADA,10.78,"26.842562, -109.641426",0,NIVEL 2 (MEDIO),,,,
2092,ESCUELAS,TELESECUNDARIA 116,HUATABAMPO,LUIS ECHEVERRIA ZUNO,26.781111,-109.520833,SIN CONEXION,10.66,"26.820916667, -109.61855556",0,NIVEL 3 (ALTO),,,,
2093,ESCUELAS,TELESECUNDARIA 117,HUATABAMPO,BACHANTAHUI,26.7725,-109.632778,CONECTADA,5.57,"26.820916667, -109.61855556",0,NIVEL 2 (MEDIO),,,,
2096,ESCUELAS,TELESECUNDARIA 158,HUATABAMPO,YAVARITOS,26.778056,-109.372778,SIN CONEXION,0.41,"26.77914, -109.36883",0,NIVEL 3 (ALTO),,,,
2097,ESCUELAS,TELESECUNDARIA 168,HUATABAMPO,TOTOLIBOQUI,26.462222,-109.133056,SIN CONEXION,5.62,"26.490564, -109.086278",0,NIVEL 3 (ALTO),,,,
2098,ESCUELAS,TELESECUNDARIA 187,HUATABAMPO,LAS PARRAS,26.840278,-109.714722,CONECTADA,7.28,"26.842562, -109.641426",1,NIVEL 1 (BAJO),,,,
2099,ESCUELAS,TELESECUNDARIA 193,HUATABAMPO,JUAN DE LA BARRERA,26.407778,-109.093611,SIN CONEXION,6.6,"26.427719, -109.031198",0,NIVEL 3 (ALTO),,,,
2100,ESCUELAS,TELESECUNDARIA 227,HUATABAMPO,SAN ANTONIO,26.760013,-109.600225,CONECTADA,7.01,"26.820916667, -109.61855556",0,NIVEL 2 (MEDIO),,,,
2101,ESCUELAS,TELESECUNDARIA 253,HUATABAMPO,LAS MILPAS,26.795833,-109.768889,SIN CONEXION,13.67,"26.842562, -109.641426",0,NIVEL 3 (ALTO),,,,
2102,ESCUELAS,TELESECUNDARIA 254,HUATABAMPO,NAVOBAXIA,26.834444,-109.671667,CONECTADA,3.13,"26.842562, -109.641426",1,NIVEL 1 (BAJO),,,,
2345,ESCUELAS,ALVARO OBREGON,NAVOJOA,SANTA ROSA,27.227953,-109.331351,SIN CONEXION,16.64,"27.083018, -109.289376",0,NIVEL 3 (ALTO),,,,
2104,ESCUELAS,TELESECUNDARIA 273,HUATABAMPO,ALVARO OBREGON,26.506389,-109.153611,SIN CONEXION,3.67,"26.535016, -109.172032",0,NIVEL 3 (ALTO),,,,
2105,ESCUELAS,TELESECUNDARIA 304,HUATABAMPO,BENITO JUAREZ,26.603333,-109.175556,SIN CONEXION,0.18,"26.60396, -109.1739",0,NIVEL 3 (ALTO),,,,
2107,ESCUELAS,GENERAL JOSE ESTEBAN CORONADO,SAHUARIPA,SAHUARIPA,29.054857,-109.237616,CONECTADA,0.13,"29.05581, -109.23689",0,NIVEL 2 (MEDIO),,,,
2108,ESCUELAS,MERCEDES FELIX,HUEPAC,HUEPAC,29.911309,-110.214659,SIN CONEXION,0.3,"29.91147, -110.21156",0,NIVEL 3 (ALTO),,,,
2109,ESCUELAS,10 DE MAYO,HUEPAC,HUEPAC,29.908635,-110.214065,CONECTADA,0.4,"29.91147, -110.21156",0,NIVEL 2 (MEDIO),,,,
2110,ESCUELAS,CLUB DE LEONES IMURIS,IMURIS,IMURIS,30.786354,-110.850378,SIN CONEXION,0.28,"30.7887194, -110.85133",0,NIVEL 3 (ALTO),,,,
2111,ESCUELAS,PEDRO DE GANTE,IMURIS,CAMPO CARRETERO,30.771389,-110.853056,SIN CONEXION,1.05,"30.7773, -110.8616389",0,NIVEL 3 (ALTO),,,,
2112,ESCUELAS,MEXITLI,IMURIS,LA ESTACION,30.777222,-110.872222,SIN CONEXION,1.01,"30.7773, -110.8616389",0,NIVEL 3 (ALTO),,,,
2113,ESCUELAS,YOREME,IMURIS,IMURIS,30.794305,-110.838978,SIN CONEXION,0.69,"30.793453, -110.846086",0,NIVEL 3 (ALTO),,,,
2120,ESCUELAS,BRAULIO RODRIGUEZ,IMURIS,CERRO BLANCO,30.824167,-110.838889,CONECTADA,3.48,"30.793453, -110.846086",0,NIVEL 2 (MEDIO),,,,
2117,ESCUELAS,LUIS B SANCHEZ,SAN LUIS RIO COLORADO,INGENIERO LUIS B. SANCHEZ,32.19771,-114.99345,CONECTADA,0.56,"32.20119, -114.98914",0,NIVEL 2 (MEDIO),,,,
2118,ESCUELAS,HEROE DE NACOZARI,IMURIS,LA ESTACION,30.777222,-110.872222,CONECTADA,1.01,"30.7773, -110.8616389",0,NIVEL 2 (MEDIO),,,,
2119,ESCUELAS,JOSEFA ORTIZ DE DOMINGUEZ,IMURIS,CAMPO CARRETERO,30.771389,-110.853056,CONECTADA,1.05,"30.7773, -110.8616389",0,NIVEL 2 (MEDIO),,,,
2121,ESCUELAS,JESUS GARCIA,IMURIS,ESTACION CUMERAL,30.778056,-110.856389,SIN CONEXION,0.51,"30.7773, -110.8616389",0,NIVEL 3 (ALTO),,,,
2122,ESCUELAS,JUSTO SIERRA,IMURIS,LA MESA,30.745278,-110.909167,SIN CONEXION,5.77,"30.7773, -110.8616389",0,NIVEL 3 (ALTO),,,,
2124,ESCUELAS,JESUS GARCIA,IMURIS,TERRENATE,30.727778,-110.921667,CONECTADA,6.41,"30.67032222, -110.9166611",0,NIVEL 2 (MEDIO),,,,
2125,ESCUELAS,GENERAL LAZARO CARDENAS,IMURIS,IMURIS,30.786373,-110.848546,CONECTADA,0.37,"30.7887194, -110.85133",0,NIVEL 2 (MEDIO),,,,
2126,ESCUELAS,BENITO JUAREZ,IMURIS,IMURIS,30.793445,-110.839619,CONECTADA,0.62,"30.793453, -110.846086",0,NIVEL 2 (MEDIO),,,,
2127,ESCUELAS,PAULITA VERJAN,ALAMOS,ALAMOS,27.020147,-108.935331,CONECTADA,0.31,"27.021836, -108.937803",0,NIVEL 2 (MEDIO),,,,
2128,ESCUELAS,BARAQUIEL D. FIMBRES,VILLA HIDALGO,VILLA HIDALGO,30.156131,-109.320115,CONECTADA,1.16,"30.166433, -109.322178",0,NIVEL 2 (MEDIO),,,,
2129,ESCUELAS,AUGUSTO FEDERICO FROEBEL,IMURIS,IMURIS,30.779669,-110.856404,SIN CONEXION,0.57,"30.7773, -110.8616389",0,NIVEL 3 (ALTO),,,,
2130,ESCUELAS,30 DE ABRIL,SAN LUIS RIO COLORADO,MESA RICA,32.131944,-114.923611,SIN CONEXION,9.87,"32.20119, -114.98914",0,NIVEL 3 (ALTO),,,,
2131,ESCUELAS,RAFAEL JIMENEZ CASTRO,IMURIS,IMURIS,30.776796,-110.862824,CONECTADA,0.13,"30.7773, -110.8616389",0,NIVEL 2 (MEDIO),,,,
2132,ESCUELAS,TELESECUNDARIA 366,IMURIS,EL CRUCERO,30.773056,-110.872222,CONECTADA,1.12,"30.7773, -110.8616389",0,NIVEL 2 (MEDIO),,,,
2133,ESCUELAS,MIGUEL ANGEL,LA COLORADA,TECORIPA,28.624167,-109.953611,SIN CONEXION,0.11,"28.62378, -109.9546",0,NIVEL 3 (ALTO),,,,
2140,ESCUELAS,TELESECUNDARIA 68,LA COLORADA,LA COLORADA,28.805969,-110.578159,CONECTADA,19.16,"28.766305, -110.769459",0,NIVEL 2 (MEDIO),,,,
2138,ESCUELAS,PIPILA,LA COLORADA,ESTACION TORRES (ESTACION SERDAN),28.763611,-110.769722,SIN CONEXION,0.3,"28.766305, -110.769459",0,NIVEL 3 (ALTO),,,,
2143,ESCUELAS,LUIS DONALDO COLOSIO M,MAGDALENA,MAGDALENA DE KINO,30.635588,-110.955156,CONECTADA,1.29,"30.6298, -110.96689",0,NIVEL 2 (MEDIO),,,,
2144,ESCUELAS,CABORICA,MAGDALENA,SAN IGNACIO,30.695,-110.921944,CONECTADA,2.79,"30.67032222, -110.9166611",0,NIVEL 2 (MEDIO),,,,
2145,ESCUELAS,PRIMAVERA,MAGDALENA,MAGDALENA DE KINO,30.6265,-110.96091,CONECTADA,0.68,"30.6298, -110.96689",1,NIVEL 1 (BAJO),,,,
2146,ESCUELAS,TERNURA,MAGDALENA,MAGDALENA DE KINO,30.632514,-110.956966,SIN CONEXION,1,"30.6298, -110.96689",0,NIVEL 3 (ALTO),,,,
2147,ESCUELAS,16 DE SEPTIEMBRE,MAGDALENA,MAGDALENA DE KINO,30.618165,-110.96373,CONECTADA,1.13,"30.62410894, -110.9732592",1,NIVEL 1 (BAJO),,,,
2148,ESCUELAS,MISIONERO KINO,MAGDALENA,MAGDALENA DE KINO,30.630318,-110.969393,CONECTADA,0.05,"30.63, -110.9690972",1,NIVEL 1 (BAJO),,,,
2150,ESCUELAS,CAPOSEHUA,NAVOJOA,CAPOHUIZA,27.131944,-109.448611,CONECTADA,2.14,"27.127718, -109.469734",0,NIVEL 2 (MEDIO),,,,
2151,ESCUELAS,SASABE,MAGDALENA,MAGDALENA DE KINO,30.620755,-110.977554,CONECTADA,0.55,"30.62410894, -110.9732592",1,NIVEL 1 (BAJO),,,,
2152,ESCUELAS,DEL RIO,MAGDALENA,MAGDALENA DE KINO,30.634987,-110.968472,CONECTADA,0.56,"30.63, -110.9690972",1,NIVEL 1 (BAJO),,,,
2153,ESCUELAS,ELBA ARREOLA DE LA PAZ,MAGDALENA,MAGDALENA DE KINO,30.621977,-110.953268,SIN CONEXION,1.57,"30.6298, -110.96689",0,NIVEL 3 (ALTO),,,,
2154,ESCUELAS,MARIA JESUS CASTELLO ROMO,MAGDALENA,EL TASICURI,30.661389,-110.935833,SIN CONEXION,2.09,"30.67032222, -110.9166611",0,NIVEL 3 (ALTO),,,,
2155,ESCUELAS,MARIA LAURA DURAZO FLORES,MAGDALENA,MAGDALENA DE KINO,30.620673,-110.973736,CONECTADA,0.38,"30.62410894, -110.9732592",1,NIVEL 1 (BAJO),,,,
2156,ESCUELAS,JORGE AURELIO PALACIOS MENDIVIL,MAGDALENA,MAGDALENA DE KINO,30.626899,-110.967498,CONECTADA,0.33,"30.6298, -110.96689",1,NIVEL 1 (BAJO),,,,
2157,ESCUELAS,SANJUANA LOPEZ VALERO,MAGDALENA,MAGDALENA DE KINO,30.644469,-110.953564,CONECTADA,2.07,"30.6298, -110.96689",1,NIVEL 1 (BAJO),,,,
2158,ESCUELAS,CLUB DE LEONES,MAGDALENA,MAGDALENA DE KINO,30.627232,-110.963427,CONECTADA,0.44,"30.6298, -110.96689",0,NIVEL 2 (MEDIO),,,,
2160,ESCUELAS,MARGARITA ARVAYO,MAGDALENA,EL TASICURI,30.661389,-110.935833,SIN CONEXION,2.09,"30.67032222, -110.9166611",0,NIVEL 3 (ALTO),,,,
2161,ESCUELAS,CLUB DE LEONES 2,MAGDALENA,MAGDALENA DE KINO,30.620186,-110.967742,CONECTADA,0.68,"30.62410894, -110.9732592",0,NIVEL 2 (MEDIO),,,,
2164,ESCUELAS,LIC. ADOLFO LOPEZ MATEOS,MAGDALENA,MAGDALENA DE KINO,30.629789,-110.983791,CONECTADA,0.59,"30.632581, -110.978589",0,NIVEL 2 (MEDIO),,,,
2165,ESCUELAS,ALVARO OBREGON 2,MAGDALENA,MAGDALENA DE KINO,30.622893,-110.955949,CONECTADA,1.3,"30.6298, -110.96689",0,NIVEL 2 (MEDIO),,,,
2166,ESCUELAS,PAULINA CAZARES GARCIA,MAGDALENA,MAGDALENA DE KINO,30.639763,-110.948846,CONECTADA,2.05,"30.6298, -110.96689",0,NIVEL 2 (MEDIO),,,,
2170,ESCUELAS,OTHON ALMADA,MAGDALENA,SAN IGNACIO,30.695,-110.921944,CONECTADA,2.79,"30.67032222, -110.9166611",0,NIVEL 2 (MEDIO),,,,
2168,ESCUELAS,ENRIQUETA DE PARODI,MAGDALENA,MAGDALENA DE KINO,30.623127,-110.971139,SIN CONEXION,0.23,"30.62410894, -110.9732592",0,NIVEL 3 (ALTO),,,,
2169,ESCUELAS,SANDRA LUZ SOTOMAYOR TERAN,MAGDALENA,MAGDALENA DE KINO,30.62482,-110.952085,SIN CONEXION,1.52,"30.6298, -110.96689",0,NIVEL 3 (ALTO),,,,
2171,ESCUELAS,HORACIO SOBARZO,MAGDALENA,MAGDALENA DE KINO,30.624142,-110.970915,CONECTADA,0.22,"30.62410894, -110.9732592",0,NIVEL 2 (MEDIO),,,,
2172,ESCUELAS,JUAN FENOCHIO,MAGDALENA,MAGDALENA DE KINO,30.632244,-110.967331,CONECTADA,0.28,"30.6298, -110.96689",0,NIVEL 2 (MEDIO),,,,
2173,ESCUELAS,ENRIQUE WOOLFOLK,MAGDALENA,MAGDALENA DE KINO,30.629584,-110.96642,CONECTADA,0.05,"30.6298, -110.96689",0,NIVEL 2 (MEDIO),,,,
2174,ESCUELAS,SANTIAGO IGLESIAS,MAGDALENA,MAGDALENA DE KINO,30.632206,-110.960598,CONECTADA,0.66,"30.6298, -110.96689",0,NIVEL 2 (MEDIO),,,,
2175,ESCUELAS,DISTRIBUIDORES NISSAN 38,MAGDALENA,MAGDALENA DE KINO,30.631884,-110.950039,CONECTADA,1.63,"30.6298, -110.96689",0,NIVEL 2 (MEDIO),,,,
2176,ESCUELAS,ESCUELA PRIMARIA NUEVA CREACION,MAGDALENA,MAGDALENA DE KINO,27.49536,-109.93277,CONECTADA,0.2,"27.49709444, -109.9322056",1,NIVEL 1 (BAJO),,,,
2177,ESCUELAS,GENERAL JESUS GARCIA MORALES,ARIZPE,ARIZPE,30.344782,-110.166483,CONECTADA,0.72,"30.338364, -110.167683",0,NIVEL 2 (MEDIO),,,,
2178,ESCUELAS,TELESECUNDARIA 154,MAGDALENA,GUTIERREZ (LA CEBOLLA),30.758056,-111.144722,SIN CONEXION,21.14,"30.632581, -110.978589",0,NIVEL 3 (ALTO),,,,
2179,ESCUELAS,PROF. GREGORIO AHUMADA,ETCHOJOA,BACOBAMPO,26.981821,-109.652423,CONECTADA,0.36,"26.979011, -109.654255",0,NIVEL 2 (MEDIO),,,,
2180,ESCUELAS,MAZATAN,MAZATAN,MAZATAN,29.007651,-110.13819,SIN CONEXION,0.35,"29.00672, -110.13476",0,NIVEL 3 (ALTO),,,,
2181,ESCUELAS,PROFA. ENRIQUETA URGELL,CARBO,CARBO,29.680281,-110.953856,CONECTADA,0.39,"29.68045, -110.957931",0,NIVEL 2 (MEDIO),,,,
2182,ESCUELAS,IGNACIO TATO,MAZATAN,MAZATAN,29.007294,-110.13839,CONECTADA,0.36,"29.00672, -110.13476",0,NIVEL 2 (MEDIO),,,,
2183,ESCUELAS,BELLO PRINCIPIO,MOCTEZUMA,MOCTEZUMA,29.803237,-109.684044,CONECTADA,0.34,"29.80268, -109.68059",1,NIVEL 1 (BAJO),,,,
2185,ESCUELAS,MIGUEL HIDALGO Y COSTILLA,SAN LUIS RIO COLORADO,SAN LUIS RIO COLORADO,32.477031,-114.774565,CONECTADA,0.49,"32.47933611, -114.7790444",0,NIVEL 2 (MEDIO),,,,
2186,ESCUELAS,AUGUSTO FEDERICO FROEBEL,MOCTEZUMA,MOCTEZUMA,29.80813,-109.678997,CONECTADA,0.16,"29.806925, -109.679853",0,NIVEL 2 (MEDIO),,,,
2188,ESCUELAS,BENITO JUAREZ,MOCTEZUMA,MOCTEZUMA,29.802896,-109.679674,CONECTADA,0.09,"29.80268, -109.68059",0,NIVEL 2 (MEDIO),,,,
2189,ESCUELAS,CUAUHTEMOC,NACO,CUAUHTEMOC,31.163733,-109.967898,SIN CONEXION,0.51,"31.16462, -109.9732",0,NIVEL 3 (ALTO),,,,
2190,ESCUELAS,LIC. BENITO JUAREZ,CAJEME,PUEBLO YAQUI,27.353906,-110.03767,CONECTADA,0.18,"27.35232762, -110.0380822",0,NIVEL 2 (MEDIO),,,,
2191,ESCUELAS,GENERAL IGNACIO ZARAGOZA,NACO,NACO,31.331012,-109.946911,CONECTADA,0.12,"31.33107222, -109.9482",0,NIVEL 2 (MEDIO),,,,
2192,ESCUELAS,GABRIEL VALDEZ VILLA,NACO,NACO,31.31306,-109.942106,CONECTADA,1.42,"31.32499, -109.94746",0,NIVEL 2 (MEDIO),,,,
2194,ESCUELAS,ESPERANZA MARTINEZ,NACORI CHICO,NACORI CHICO,29.689577,-108.980414,SIN CONEXION,0.43,"29.68636, -108.97802",0,NIVEL 3 (ALTO),,,,
2195,ESCUELAS,ALFONSO ORTIZ TIRADO,NACORI CHICO,LA MESA TRES RIOS,29.841667,-108.7125,SIN CONEXION,30.9,"29.68636, -108.97802",0,NIVEL 3 (ALTO),,,,
2196,ESCUELAS,PLAN DE ONCE ANOS,NACORI CHICO,BUENA VISTA,29.621714,-108.992358,CONECTADA,7.31,"29.687128, -108.984583",1,NIVEL 1 (BAJO),,,,
2193,ESCUELAS,TELESECUNDARIA 357,NACO,CUAUHTEMOC,31.163733,-109.967898,CONECTADA,0.51,"31.16462, -109.9732",0,NIVEL 2 (MEDIO),,,,
2199,ESCUELAS,PROF. EPIFANIO E VIEYRA,NACORI CHICO,NACORI CHICO,29.685089,-108.978874,CONECTADA,0.16,"29.68636, -108.97802",1,NIVEL 1 (BAJO),,,,
2202,ESCUELAS,TELESECUNDARIA 210,NACORI CHICO,LA MESA TRES RIOS,29.841667,-108.7125,CONECTADA,30.9,"29.68636, -108.97802",0,NIVEL 2 (MEDIO),,,,
2203,ESCUELAS,7 DE NOVIEMBRE,NACOZARI DE GARCIA,NACOZARI DE GARCIA,30.371361,-109.680976,CONECTADA,0.64,"30.37529, -109.68584",0,NIVEL 2 (MEDIO),,,,
2204,ESCUELAS,BELISARIO DOMINGUEZ,NACOZARI DE GARCIA,NACOZARI DE GARCIA,30.377432,-109.692272,CONECTADA,0.27,"30.378194, -109.694961",0,NIVEL 2 (MEDIO),,,,
2205,ESCUELAS,RENACIMIENTO,NACOZARI DE GARCIA,NACOZARI DE GARCIA,30.372058,-109.696393,CONECTADA,0.7,"30.378194, -109.694961",1,NIVEL 1 (BAJO),,,,
2206,ESCUELAS,SILVESTRE RODRIGUEZ,NACOZARI DE GARCIA,NACOZARI DE GARCIA,30.3731,-109.684767,SIN CONEXION,0.26,"30.37529, -109.68584",0,NIVEL 3 (ALTO),,,,
2207,ESCUELAS,PROF. ALEJANDRO SOTELO BURRUEL,HERMOSILLO,HERMOSILLO,29.070431,-110.95505,CONECTADA,0.16,"29.07067222, -110.9533944",0,NIVEL 2 (MEDIO),,,,
2542,ESCUELAS,ABELARDO L. RODRIGUEZ,NOGALES,HEROICA NOGALES,31.332187,-110.948034,SIN CONEXION,0.88,"31.328578, -110.939791",0,NIVEL 3 (ALTO),,,,
2208,ESCUELAS,HEROE JESUS GARCIA,NACOZARI DE GARCIA,NACOZARI DE GARCIA,30.373577,-109.686245,CONECTADA,0.19,"30.37529, -109.68584",1,NIVEL 1 (BAJO),,,,
2209,ESCUELAS,BENITO JUAREZ,NACOZARI DE GARCIA,NACOZARI DE GARCIA,30.376594,-109.688304,CONECTADA,0.28,"30.37529, -109.68584",0,NIVEL 2 (MEDIO),,,,
2210,ESCUELAS,LA RANITA,NAVOJOA,CUCAJAQUI,26.770833,-109.244444,SIN CONEXION,1.27,"26.763306, -109.234861",0,NIVEL 3 (ALTO),,,,
2211,ESCUELAS,JESUS GARCIA,NACOZARI DE GARCIA,NACOZARI DE GARCIA,30.37892,-109.686006,CONECTADA,0.4,"30.37529, -109.68584",0,NIVEL 2 (MEDIO),,,,
2212,ESCUELAS,HEROE DE NACOZARI FORD 129 NUM. 1,NACOZARI DE GARCIA,NACOZARI DE GARCIA,30.372239,-109.69757,CONECTADA,0.71,"30.378194, -109.694961",0,NIVEL 2 (MEDIO),,,,
2213,ESCUELAS,EL RANCHITO,NAVOJOA,EL RECODO,27.077222,-109.5275,CONECTADA,2.76,"27.068219444, -109.50155556",0,NIVEL 2 (MEDIO),,,,
2214,ESCUELAS,U-ILI-BOO,NAVOJOA,JOPOPACO,26.739444,-109.271944,SIN CONEXION,3.51,"26.708611, -109.264444",0,NIVEL 3 (ALTO),,,,
2215,ESCUELAS,U-PARISEERO,NAVOJOA,BUIYACUSI,27.148889,-109.426389,CONECTADA,4.89,"27.127718, -109.469734",0,NIVEL 2 (MEDIO),,,,
2216,ESCUELAS,U-ILI-KUSI,NAVOJOA,TETAPECHE,27.205833,-109.361667,SIN CONEXION,13.77,"27.127718, -109.469734",0,NIVEL 3 (ALTO),,,,
2217,ESCUELAS,U-MATACHIN,NAVOJOA,TEACHIVE,26.781667,-109.230833,SIN CONEXION,0.55,"26.785231, -109.234619",0,NIVEL 3 (ALTO),,,,
2218,ESCUELAS,INTERNACIONAL,NAVOJOA,CHIRAJOBAMPO,26.897222,-109.403889,SIN CONEXION,0.81,"26.891989, -109.398275",0,NIVEL 3 (ALTO),,,,
2219,ESCUELAS,EL CHINITO,NAVOJOA,CHINOTAHUECA,27.024722,-109.531667,CONECTADA,5.68,"27.068219444, -109.50155556",0,NIVEL 2 (MEDIO),,,,
2220,ESCUELAS,LA ESPINITA,NAVOJOA,NACHUQUIS (SAN ANTONIO NACHUQUIS),27.081111,-109.543611,CONECTADA,4.4,"27.068219444, -109.50155556",0,NIVEL 2 (MEDIO),,,,
2221,ESCUELAS,LA COMARCA,NAVOJOA,RANCHO CAMARGO,27.100278,-109.530278,CONECTADA,4.56,"27.068219444, -109.50155556",0,NIVEL 2 (MEDIO),,,,
2222,ESCUELAS,EL RANCHITO,NAVOJOA,RANCHO DEL PADRE (EL PADRE),27.115556,-109.515278,CONECTADA,4.71,"27.127718, -109.469734",0,NIVEL 2 (MEDIO),,,,
2223,ESCUELAS,LA PECHITA,NAVOJOA,MEZQUITAL DE BUIYACUSI,27.148611,-109.421389,CONECTADA,5.32,"27.127718, -109.469734",0,NIVEL 2 (MEDIO),,,,
2224,ESCUELAS,U-ME-WAAYIM,NAVOJOA,TRES HERMANOS,27.194722,-109.195833,SIN CONEXION,10.27,"27.215093, -109.094535",0,NIVEL 3 (ALTO),,,,
2225,ESCUELAS,U-ILI-CARI-TOSALI,NAVOJOA,SAN JOSE MASIACA,26.746944,-109.246667,SIN CONEXION,2.16,"26.763306, -109.234861",0,NIVEL 3 (ALTO),,,,
2228,ESCUELAS,EL ROSAL,NAVOJOA,ROSALES,27.131944,-109.436944,CONECTADA,3.28,"27.127718, -109.469734",0,NIVEL 2 (MEDIO),,,,
2230,ESCUELAS,MARIPOSITA,NAVOJOA,EL SIVIRAL (JIGICA),27.102222,-109.500833,CONECTADA,3.78,"27.068219444, -109.50155556",0,NIVEL 2 (MEDIO),,,,
2231,ESCUELAS,EL MEZQUITE,NAVOJOA,EL SANEAL,26.910556,-109.391111,SIN CONEXION,0.25,"26.9128, -109.390694",0,NIVEL 3 (ALTO),,,,
2232,ESCUELAS,MONTESSORI,NAVOJOA,CHIHUAHUITA,27.104167,-109.488333,CONECTADA,3.2,"27.127718, -109.469734",0,NIVEL 2 (MEDIO),,,,
2233,ESCUELAS,BLANQUITA,NAVOJOA,TIERRA BLANCA,27.189167,-109.344167,CONECTADA,12.99,"27.083018, -109.289376",1,NIVEL 1 (BAJO),,,,
2234,ESCUELAS,LOS ARROYITOS,NAVOJOA,EL JIJIRI,27.174167,-109.350556,CONECTADA,11.81,"27.083003, -109.289407",1,NIVEL 1 (BAJO),,,,
2235,ESCUELAS,EL GORRIONCITO,NAVOJOA,SAPOMORA,27.048056,-109.498611,CONECTADA,2.26,"27.068219444, -109.50155556",0,NIVEL 2 (MEDIO),,,,
2236,ESCUELAS,LA TORTUGUITA,NAVOJOA,BUENAVISTA,27.039444,-109.509444,CONECTADA,3.29,"27.068219444, -109.50155556",0,NIVEL 2 (MEDIO),,,,
2237,ESCUELAS,LA TUNITA,NAVOJOA,SINAHUISA,26.911111,-109.437222,SIN CONEXION,0.11,"26.910164, -109.437475",0,NIVEL 3 (ALTO),,,,
2238,ESCUELAS,LA CHOYITA,NAVOJOA,CHOACALLE,26.774775,-109.227345,SIN CONEXION,0.36,"26.771561, -109.227606",0,NIVEL 3 (ALTO),,,,
2239,ESCUELAS,MI FAMILIA,NAVOJOA,SAPOCHOPO,27.054167,-109.497222,CONECTADA,1.62,"27.068219444, -109.50155556",0,NIVEL 2 (MEDIO),,,,
2241,ESCUELAS,LA LLUVIA,NAVOJOA,BUARAJE VIEJO,27.260833,-109.798333,SIN CONEXION,3.62,"27.258411, -109.761846",0,NIVEL 3 (ALTO),,,,
2242,ESCUELAS,LA PALOMA,NAVOJOA,EL MEZQUITAL DE TESIA,27.145278,-109.394444,CONECTADA,7.7,"27.127718, -109.469734",0,NIVEL 2 (MEDIO),,,,
2243,ESCUELAS,LA LOMITA,NAVOJOA,LOMA DEL REFUGIO,27.121944,-109.459167,CONECTADA,1.23,"27.127718, -109.469734",0,NIVEL 2 (MEDIO),,,,
2244,ESCUELAS,EL SONADOR,NAVOJOA,SIVACOBE (SIVACORE),27.141156,-109.41272,CONECTADA,5.84,"27.127718, -109.469734",0,NIVEL 2 (MEDIO),,,,
2246,ESCUELAS,EL PUEBLITO,NAVOJOA,NAVOJOA,27.080833,-109.445278,CONECTADA,0.26,"27.08241944, -109.4472139",1,NIVEL 1 (BAJO),,,,
2247,ESCUELAS,ROSARIO CASTELLANOS,NAVOJOA,CHIBUCU,27.118611,-109.397778,CONECTADA,5.84,"27.074257, -109.429382",0,NIVEL 2 (MEDIO),,,,
2248,ESCUELAS,PREESCOLAR INDIGENA,NAVOJOA,HUEBAMPO,26.708333,-109.263889,SIN CONEXION,0.06,"26.708611, -109.264444",0,NIVEL 3 (ALTO),,,,
2249,ESCUELAS,MI PRIMERA LUZ,NAVOJOA,KUTANTAKA,27.108333,-109.518056,CONECTADA,4.75,"27.068219444, -109.50155556",0,NIVEL 2 (MEDIO),,,,
2250,ESCUELAS,LA LAGUNITA,NAVOJOA,PUNTA DE LA LAGUNA,27.095804,-109.544199,CONECTADA,5.22,"27.068219444, -109.50155556",0,NIVEL 2 (MEDIO),,,,
2252,ESCUELAS,ARCO IRIS,NAVOJOA,NAVOJOA,27.080833,-109.445278,CONECTADA,0.26,"27.08241944, -109.4472139",1,NIVEL 1 (BAJO),,,,
2253,ESCUELAS,VICENTE SUAREZ,NAVOJOA,LA CUCHILLA DE LOS BAHUISES,27.106111,-109.446389,CONECTADA,2.61,"27.082605, -109.447167",0,NIVEL 2 (MEDIO),,,,
2254,ESCUELAS,NUESTRO MUNDO,NAVOJOA,BATAYAQUI,26.972778,-109.276944,SIN CONEXION,12.31,"27.082968, -109.289424",0,NIVEL 3 (ALTO),,,,
2255,ESCUELAS,I TOM ANIAA,NAVOJOA,SAN ANTONIO DE LOS IBARRA (SAN ANTONIO),26.865556,-109.149444,SIN CONEXION,12.3,"26.785231, -109.234619",0,NIVEL 3 (ALTO),,,,
2256,ESCUELAS,JUAN DE LA BARRERA,NAVOJOA,LA LAGUNA DE TESIA,27.130556,-109.391667,CONECTADA,7.29,"27.074257, -109.429382",0,NIVEL 2 (MEDIO),,,,
2257,ESCUELAS,DESPERTAR,NAVOJOA,FRANCISCO I. MADERO DOS,26.8475,-109.366944,SIN CONEXION,0.16,"26.848784, -109.366316",0,NIVEL 3 (ALTO),,,,
2259,ESCUELAS,LUIS DONALDO COLOSIO MURRIETA,NAVOJOA,EL DATIL,27.089167,-109.461944,CONECTADA,0.98,"27.08036667, -109.4624361",0,NIVEL 2 (MEDIO),,,,
2260,ESCUELAS,IGNACIO JOSE ALLENDE,NAVOJOA,NAVOJOA,27.091129,-109.424991,CONECTADA,1.93,"27.074257, -109.429382",0,NIVEL 2 (MEDIO),,,,
2261,ESCUELAS,MARCO ANTONIO ARMENTA CORRAL,NAVOJOA,NAVOJOA,27.05268,-109.46071,CONECTADA,0.56,"27.048847222, -109.457025",0,NIVEL 2 (MEDIO),,,,
2262,ESCUELAS,JUAN DE LA BARRERA,NAVOJOA,NAVOJOA,27.088936,-109.435149,CONECTADA,1.38,"27.082605, -109.447167",0,NIVEL 2 (MEDIO),,,,
2263,ESCUELAS,ANGEL DEL CAMPO,NAVOJOA,NAVOJOA,27.076561,-109.42629,CONECTADA,0.4,"27.074257, -109.429382",0,NIVEL 2 (MEDIO),,,,
2264,ESCUELAS,FRANCISCO GONZALEZ BOCANEGRA,NAVOJOA,NAVOJOA,27.068096,-109.477318,CONECTADA,2.01,"27.08036667, -109.4624361",0,NIVEL 2 (MEDIO),,,,
2265,ESCUELAS,OSCAR WILDE,NAVOJOA,NAVOJOA,27.076631,-109.460403,CONECTADA,0.46,"27.08036667, -109.4624361",0,NIVEL 2 (MEDIO),,,,
2266,ESCUELAS,CARLOS DICKENS,NAVOJOA,NAVOJOA,27.088402,-109.423322,CONECTADA,1.68,"27.074257, -109.429382",1,NIVEL 1 (BAJO),,,,
2267,ESCUELAS,ANTONIO CASO,NAVOJOA,NAVOJOA,27.099112,-109.441768,CONECTADA,1.91,"27.082605, -109.447167",0,NIVEL 2 (MEDIO),,,,
2268,ESCUELAS,WALT DISNEY,NAVOJOA,NAVOJOA,26.841667,-109.484722,CONECTADA,5.46,"26.878814, -109.448692",1,NIVEL 1 (BAJO),,,,
2562,ESCUELAS,TELESECUNDARIA 172,NOGALES,MASCAREÑA (CASAS DEL FERROCARRIL),31.310278,-110.836111,SIN CONEXION,5.99,"31.300917, -110.898194",0,NIVEL 3 (ALTO),,,,
2269,ESCUELAS,JARDIN DE NIÑOS NUEVA CREACION,NAVOJOA,NAVOJOA,27.08001,-109.408011,CONECTADA,2.21,"27.074257, -109.429382",0,NIVEL 2 (MEDIO),,,,
2270,ESCUELAS,GUSTAVO ADOLFO BECQUER,NAVOJOA,NAVOJOA,27.068949,-109.433633,CONECTADA,0.71,"27.07407267, -109.42939239",0,NIVEL 2 (MEDIO),,,,
2271,ESCUELAS,EDMUNDO DE AMICIS,NAVOJOA,NAVOJOA,27.041798,-109.466085,CONECTADA,1.19,"27.048847222, -109.457025",0,NIVEL 2 (MEDIO),,,,
2272,ESCUELAS,CARLOS PELLICER,NAVOJOA,MASIACA,26.763611,-109.235556,SIN CONEXION,0.08,"26.763306, -109.234861",0,NIVEL 3 (ALTO),,,,
2273,ESCUELAS,MARIA ENRIQUETA CAMARILLO DE PEREYRA,NAVOJOA,NAVOJOA,27.059025,-109.443055,CONECTADA,0.99,"27.06563326, -109.4497993",0,NIVEL 2 (MEDIO),,,,
2274,ESCUELAS,VENUSTIANO CARRANZA,NAVOJOA,NAVOJOA,27.082572,-109.43459,CONECTADA,0.97,"27.07895278, -109.443525",0,NIVEL 2 (MEDIO),,,,
2275,ESCUELAS,LAURO AGUIRRE,NAVOJOA,NAVOJOA,27.069843,-109.460341,CONECTADA,1.14,"27.06563326, -109.4497993",0,NIVEL 2 (MEDIO),,,,
2276,ESCUELAS,VASCO DE QUIROGA,NAVOJOA,NAVOJOA,27.080229,-109.467079,CONECTADA,0.46,"27.08036667, -109.4624361",1,NIVEL 1 (BAJO),,,,
2277,ESCUELAS,SALVADOR DIAZ MIRON,NAVOJOA,BACABACHI,26.895278,-109.393889,SIN CONEXION,0.57,"26.891989, -109.398275",0,NIVEL 3 (ALTO),,,,
2278,ESCUELAS,AGUSTIN MELGAR,NAVOJOA,NAVOJOA,27.068072,-109.42701,CONECTADA,0.71,"27.07407267, -109.42939239",0,NIVEL 2 (MEDIO),,,,
2279,ESCUELAS,LOPE DE VEGA,NAVOJOA,TESIA,27.164167,-109.37,CONECTADA,10.67,"27.127718, -109.469734",0,NIVEL 2 (MEDIO),,,,
2280,ESCUELAS,GABRIEL GARCIA MARQUEZ,NAVOJOA,LOS BAHUISES,27.116667,-109.467222,CONECTADA,1.25,"27.127718, -109.469734",0,NIVEL 2 (MEDIO),,,,
2281,ESCUELAS,MANUEL GUTIERREZ NAJERA,NAVOJOA,NAVOJOA,27.058778,-109.463745,CONECTADA,1.29,"27.048847222, -109.457025",0,NIVEL 2 (MEDIO),,,,
2282,ESCUELAS,LEONARDO MAGAÑA ORTEGA,NAVOJOA,NAVOJOA,27.062373,-109.448974,CONECTADA,0.37,"27.06563326, -109.4497993",0,NIVEL 2 (MEDIO),,,,
2283,ESCUELAS,HERIBERTO LARA CORONA,NAVOJOA,NAVOJOA,27.084697,-109.427309,CONECTADA,1.18,"27.074257, -109.429382",0,NIVEL 2 (MEDIO),,,,
2284,ESCUELAS,ALFRED NOBEL,NAVOJOA,NAVOJOA,27.07584,-109.43543,CONECTADA,0.62,"27.074257, -109.429382",0,NIVEL 2 (MEDIO),,,,
2285,ESCUELAS,HENRI WALLON,NAVOJOA,NAVOJOA,27.061623,-109.423635,CONECTADA,1.5,"27.07407267, -109.42939239",0,NIVEL 2 (MEDIO),,,,
2286,ESCUELAS,ISSAC NEWTON,NAVOJOA,GUAYMITAS,27.110278,-109.438333,CONECTADA,3.2,"27.082605, -109.447167",0,NIVEL 2 (MEDIO),,,,
2287,ESCUELAS,LUIS PETERSSON,NAVOJOA,PUEBLO MAYO,27.081952,-109.430594,CONECTADA,0.86,"27.074257, -109.429382",0,NIVEL 2 (MEDIO),,,,
2620,ESCUELAS,EL COCHINITO,QUIRIEGO,CABORA,27.435,-109.552222,SIN CONEXION,18.59,"27.3616, -109.721446",0,NIVEL 3 (ALTO),,,,
2288,ESCUELAS,JUSTO SIERRA,NAVOJOA,NAVOJOA,27.065699,-109.487999,CONECTADA,1.37,"27.068219444, -109.50155556",1,NIVEL 1 (BAJO),,,,
2289,ESCUELAS,MAYAMBO,NAVOJOA,NAVOJOA,27.080833,-109.445278,CONECTADA,0.26,"27.08241944, -109.4472139",0,NIVEL 2 (MEDIO),,,,
2290,ESCUELAS,CARLOS LORENZINI,NAVOJOA,NAVOJOA,27.068705,-109.417423,CONECTADA,1.33,"27.07407267, -109.42939239",0,NIVEL 2 (MEDIO),,,,
2291,ESCUELAS,BENITO PEREZ GALDOS,NAVOJOA,NAVOJOA,27.053806,-109.458152,CONECTADA,0.56,"27.048847222, -109.457025",0,NIVEL 2 (MEDIO),,,,
2292,ESCUELAS,JORGE ISSACS,NAVOJOA,NAVOJOA,27.053358,-109.429288,CONECTADA,2.3,"27.07407267, -109.42939239",0,NIVEL 2 (MEDIO),,,,
2293,ESCUELAS,SALVADOR DALI,NAVOJOA,NAVOJOA,27.078812,-109.415171,CONECTADA,1.5,"27.074257, -109.429382",0,NIVEL 2 (MEDIO),,,,
2294,ESCUELAS,PROF. MANUEL TORRES LERMA,ETCHOJOA,ETCHOJOA,26.911166,-109.620952,CONECTADA,0.39,"26.90807591, -109.6227125",0,NIVEL 2 (MEDIO),,,,
2295,ESCUELAS,PROF. EDUARDO W VILLA,BAVIACORA,BAVIACORA,29.707922,-110.159663,CONECTADA,0.89,"29.7141899999999, -110.16544",0,NIVEL 2 (MEDIO),,,,
2296,ESCUELAS,PROF. GILBERTO PACHECO CASTILLO,PUERTO PEÑASCO,PUERTO PEÑASCO,31.327359,-113.526326,CONECTADA,0.4,"31.32935585, -113.5298673",0,NIVEL 2 (MEDIO),,,,
2641,ESCUELAS,LA ESTRELLITA,ROSARIO,LA ESTRELLA,27.828056,-109.242778,SIN CONEXION,8.96,"27.76029, -109.29198",0,NIVEL 3 (ALTO),,,,
2297,ESCUELAS,LAZARO CARDENAS DEL RIO,NAVOJOA,BEMELABAMPO,27.117646,-109.494423,CONECTADA,2.69,"27.127718, -109.469734",0,NIVEL 2 (MEDIO),,,,
2298,ESCUELAS,GENERAL LAZARO CARDENAS,NAVOJOA,MEZQUITAL DE BUIYACUSI,27.148611,-109.421389,SIN CONEXION,5.32,"27.127718, -109.469734",0,NIVEL 3 (ALTO),,,,
2300,ESCUELAS,EMILIANO ZAPATA,NAVOJOA,CHOACALLE,26.774775,-109.227345,CONECTADA,0.36,"26.771561, -109.227606",0,NIVEL 2 (MEDIO),,,,
2301,ESCUELAS,GENERAL LAZARO CARDENAS,NAVOJOA,CUCAJAQUI,26.770833,-109.244444,SIN CONEXION,1.27,"26.763306, -109.234861",0,NIVEL 3 (ALTO),,,,
2302,ESCUELAS,AGUILUCHOS DEL PACIFICO,NAVOJOA,RANCHO CAMARGO,27.100278,-109.530278,CONECTADA,4.56,"27.068219444, -109.50155556",0,NIVEL 2 (MEDIO),,,,
2303,ESCUELAS,BELISARIO DOMINGUEZ,NAVOJOA,LA CUCHILLA DE LOS BAHUISES,27.106111,-109.446389,CONECTADA,2.61,"27.082605, -109.447167",0,NIVEL 2 (MEDIO),,,,
2305,ESCUELAS,PROF. SALVADOR RUIZ MEJIA,NAVOJOA,PUNTA DE LA LAGUNA,27.095804,-109.544199,CONECTADA,5.22,"27.068219444, -109.50155556",0,NIVEL 2 (MEDIO),,,,
2307,ESCUELAS,MANUEL AVILA CAMACHO,NAVOJOA,KUTANTAKA,27.108333,-109.518056,CONECTADA,4.75,"27.068219444, -109.50155556",0,NIVEL 2 (MEDIO),,,,
2308,ESCUELAS,IGNACIO JOSE ALLENDE,NAVOJOA,EL CHAPOTE (EL ZAPOTE),27.153851,-109.397923,CONECTADA,7.68,"27.127718, -109.469734",0,NIVEL 2 (MEDIO),,,,
2310,ESCUELAS,SIERVO DE LA NACION,NAVOJOA,PUEBLO MAYO,27.203637,-109.55673,CONECTADA,12.06,"27.127718, -109.469734",0,NIVEL 2 (MEDIO),,,,
2311,ESCUELAS,JUAN ESCUTIA,NAVOJOA,NAVOJOA,27.062166,-109.423627,CONECTADA,1.44,"27.07407267, -109.42939239",1,NIVEL 1 (BAJO),,,,
2312,ESCUELAS,NARCISO MENDOZA,NAVOJOA,NAVOJOA,27.042293,-109.466076,CONECTADA,1.16,"27.048847222, -109.457025",0,NIVEL 2 (MEDIO),,,,
2313,ESCUELAS,BENITO JUAREZ,NAVOJOA,NAVOJOA,27.080417,-109.449531,CONECTADA,0.32,"27.08241944, -109.4472139",1,NIVEL 1 (BAJO),,,,
2309,ESCUELAS,PLUTARCO ELIAS CALLES,NAVOJOA,PUEBLO MAYO,27.081952,-109.430594,CONECTADA,0.86,"27.074257, -109.429382",0,NIVEL 2 (MEDIO),,,,
2642,ESCUELAS,JARDIN DE NIÑOS NUEVA CREACION,ROSARIO,CEDROS,27.761389,-109.29,SIN CONEXION,0.23,"27.76029, -109.29198",0,NIVEL 3 (ALTO),,,,
2316,ESCUELAS,RAMON MOROYOQUI GIL,NAVOJOA,NAVOJOA,27.078697,-109.420076,CONECTADA,1.05,"27.074257, -109.429382",0,NIVEL 2 (MEDIO),,,,
2317,ESCUELAS,MOISES SAENZ,NAVOJOA,NAVOJOA,27.065186,-109.456546,CONECTADA,0.67,"27.06563326, -109.4497993",0,NIVEL 2 (MEDIO),,,,
2319,ESCUELAS,MEXICO NUEVO,NAVOJOA,LOS BAHUISES,27.116667,-109.467222,CONECTADA,1.25,"27.127718, -109.469734",0,NIVEL 2 (MEDIO),,,,
2320,ESCUELAS,AMADO NERVO,NAVOJOA,NAVOJOA,27.100336,-109.438656,CONECTADA,2.14,"27.082605, -109.447167",1,NIVEL 1 (BAJO),,,,
2321,ESCUELAS,IRMA BEATRIZ RASCON CORONADO,SAN LUIS RIO COLORADO,SAN LUIS RIO COLORADO,32.420591,-114.771466,SIN CONEXION,1.01,"32.427675, -114.778164",0,NIVEL 3 (ALTO),,,,
2322,ESCUELAS,ALFONSO CRUZ DELGADO,NAVOJOA,BUIYACUSI,27.148889,-109.426389,CONECTADA,4.89,"27.127718, -109.469734",0,NIVEL 2 (MEDIO),,,,
2324,ESCUELAS,EMILIANO ZAPATA,NAVOJOA,CAPOHUIZA,27.131944,-109.448611,CONECTADA,2.14,"27.127718, -109.469734",0,NIVEL 2 (MEDIO),,,,
2325,ESCUELAS,18 DE MARZO,NAVOJOA,CHIHUAHUITA,27.104167,-109.488333,CONECTADA,3.2,"27.127718, -109.469734",0,NIVEL 2 (MEDIO),,,,
2326,ESCUELAS,DANIEL DELGADILLO,NAVOJOA,CHINOTAHUECA,27.024722,-109.531667,CONECTADA,5.68,"27.068219444, -109.50155556",0,NIVEL 2 (MEDIO),,,,
2327,ESCUELAS,ALFREDO DEL MAZO,NAVOJOA,CHIBUCU,27.118611,-109.397778,CONECTADA,5.84,"27.074257, -109.429382",0,NIVEL 2 (MEDIO),,,,
2330,ESCUELAS,ANAHUAC,NAVOJOA,GUAYMITAS,27.110278,-109.438333,CONECTADA,3.2,"27.082605, -109.447167",0,NIVEL 2 (MEDIO),,,,
2331,ESCUELAS,FRANCISCO ENRIQUEZ AMAYA,SAN LUIS RIO COLORADO,SAN LUIS RIO COLORADO,32.436681,-114.799886,SIN CONEXION,1.03,"32.44079, -114.80972",0,NIVEL 3 (ALTO),,,,
2333,ESCUELAS,NARCISO MENDOZA,NAVOJOA,EL SIVIRAL (JIGICA),27.102222,-109.500833,CONECTADA,3.78,"27.068219444, -109.50155556",0,NIVEL 2 (MEDIO),,,,
2334,ESCUELAS,POTRERO DEL LLANO,NAVOJOA,EL JIJIRI,27.174167,-109.350556,CONECTADA,11.81,"27.083003, -109.289407",1,NIVEL 1 (BAJO),,,,
2643,ESCUELAS,JARDIN DE NIÑOS NUEVA CREACION,ROSARIO,ROSARIO,27.84075,-109.355949,SIN CONEXION,1.45,"27.840585, -109.370693",0,NIVEL 3 (ALTO),,,,
2335,ESCUELAS,HEROES DE SAHUARIPA,NAVOJOA,EL JOPO,27.060556,-109.543056,CONECTADA,4.2,"27.068219444, -109.50155556",0,NIVEL 2 (MEDIO),,,,
2336,ESCUELAS,FRANCISCO I. MADERO,NAVOJOA,JOPOPACO,26.739444,-109.271944,SIN CONEXION,3.51,"26.708611, -109.264444",0,NIVEL 3 (ALTO),,,,
2337,ESCUELAS,GENERAL BENJAMIN HILL,NAVOJOA,LA LAGUNA DE TESIA,27.130556,-109.391667,CONECTADA,7.29,"27.074257, -109.429382",0,NIVEL 2 (MEDIO),,,,
2338,ESCUELAS,VICENTE GUERRERO,NAVOJOA,LOMA DEL REFUGIO,27.121944,-109.459167,CONECTADA,1.23,"27.127718, -109.469734",0,NIVEL 2 (MEDIO),,,,
2339,ESCUELAS,BENITO JUAREZ,NAVOJOA,NACHUQUIS (SAN ANTONIO NACHUQUIS),27.081111,-109.543611,CONECTADA,4.4,"27.068219444, -109.50155556",0,NIVEL 2 (MEDIO),,,,
2340,ESCUELAS,DAMIAN CARMONA,NAVOJOA,EL MEZQUITAL DE TESIA,27.145278,-109.394444,CONECTADA,7.7,"27.127718, -109.469734",0,NIVEL 2 (MEDIO),,,,
2341,ESCUELAS,EL NIGROMANTE,NAVOJOA,RANCHO DEL PADRE (EL PADRE),27.115556,-109.515278,CONECTADA,4.71,"27.127718, -109.469734",0,NIVEL 2 (MEDIO),,,,
2342,ESCUELAS,IGNACIO MANUEL ALTAMIRANO,NAVOJOA,EL RECODO,27.077222,-109.5275,CONECTADA,2.76,"27.068219444, -109.50155556",0,NIVEL 2 (MEDIO),,,,
2343,ESCUELAS,CONQUISTA DE LA REVOLUCION,NAVOJOA,ROSALES,27.131944,-109.436944,CONECTADA,3.28,"27.127718, -109.469734",0,NIVEL 2 (MEDIO),,,,
2344,ESCUELAS,FRANCISCO I. MADERO,NAVOJOA,SAN ANTONIO DE LOS IBARRA (SAN ANTONIO),26.865556,-109.149444,SIN CONEXION,12.3,"26.785231, -109.234619",0,NIVEL 3 (ALTO),,,,
2346,ESCUELAS,NETZAHUALCOYOTL,NAVOJOA,SIVACOBE (SIVACORE),27.141156,-109.41272,CONECTADA,5.84,"27.127718, -109.469734",0,NIVEL 2 (MEDIO),,,,
2348,ESCUELAS,AQUILES SERDAN,NAVOJOA,TESIA,27.164167,-109.37,CONECTADA,10.67,"27.127718, -109.469734",0,NIVEL 2 (MEDIO),,,,
2349,ESCUELAS,AMERICA,NAVOJOA,TETAPECHE,27.205833,-109.361667,SIN CONEXION,13.77,"27.127718, -109.469734",0,NIVEL 3 (ALTO),,,,
2350,ESCUELAS,FRANCISCO I. MADERO,NAVOJOA,TIERRA BLANCA,27.189167,-109.344167,CONECTADA,12.99,"27.083018, -109.289376",1,NIVEL 1 (BAJO),,,,
2351,ESCUELAS,HEROE DE NACOZARI,NAVOJOA,NAVOJOA,27.085241,-109.426523,CONECTADA,1.25,"27.074257, -109.429382",1,NIVEL 1 (BAJO),,,,
2352,ESCUELAS,FRANCISCO VILLA CLUB DE LEONES NUM. 5,NAVOJOA,NAVOJOA,27.073931,-109.43081,CONECTADA,0.14,"27.07407267, -109.42939239",1,NIVEL 1 (BAJO),,,,
2353,ESCUELAS,GENERAL ANSELMO MACIAS VALENZUELA,NAVOJOA,NAVOJOA,27.077358,-109.459409,CONECTADA,0.45,"27.08036667, -109.4624361",1,NIVEL 1 (BAJO),,,,
2354,ESCUELAS,EMILIANO ZAPATA,NAVOJOA,BACABACHI,26.895278,-109.393889,SIN CONEXION,0.57,"26.891989, -109.398275",0,NIVEL 3 (ALTO),,,,
2355,ESCUELAS,MARTIRES DE CHICAGO,NAVOJOA,BATAYAQUI,26.972778,-109.276944,SIN CONEXION,12.31,"27.082968, -109.289424",0,NIVEL 3 (ALTO),,,,
2357,ESCUELAS,JUSTO SIERRA,NAVOJOA,EL DATIL,27.089167,-109.461944,CONECTADA,0.98,"27.08036667, -109.4624361",0,NIVEL 2 (MEDIO),,,,
2358,ESCUELAS,JOSE MA MORELOS,NAVOJOA,NAVOJOA,27.070888,-109.494375,CONECTADA,0.77,"27.068219444, -109.50155556",0,NIVEL 2 (MEDIO),,,,
2359,ESCUELAS,VICENTE GUERRERO,NAVOJOA,SAPOMORA,27.048056,-109.498611,CONECTADA,2.26,"27.068219444, -109.50155556",0,NIVEL 2 (MEDIO),,,,
2360,ESCUELAS,HERNAN CORTES,NAVOJOA,TRES HERMANOS,27.194722,-109.195833,SIN CONEXION,10.27,"27.215093, -109.094535",0,NIVEL 3 (ALTO),,,,
2361,ESCUELAS,BENITO JUAREZ,NAVOJOA,NAVOJOA,27.079733,-109.471145,CONECTADA,0.87,"27.08036667, -109.4624361",0,NIVEL 2 (MEDIO),,,,
2356,ESCUELAS,NIÑOS HEROES,NAVOJOA,EL SANEAL,26.910556,-109.391111,CONECTADA,0.25,"26.9128, -109.390694",0,NIVEL 2 (MEDIO),,,,
2363,ESCUELAS,JOSEFA ORTIZ DE DOMINGUEZ,NAVOJOA,GENERAL GABRIEL LEYVA SOLANO (GABRIEL LEYVA),27.269444,-109.658056,SIN CONEXION,7.2,"27.259221, -109.730015",0,NIVEL 3 (ALTO),,,,
2364,ESCUELAS,EMILIANO ZAPATA,NAVOJOA,AGIABAMPO,27.196667,-109.538889,CONECTADA,10.28,"27.127718, -109.469734",0,NIVEL 2 (MEDIO),,,,
2365,ESCUELAS,GUADALUPE VICTORIA,NAVOJOA,BUENAVISTA,27.039444,-109.509444,CONECTADA,3.29,"27.068219444, -109.50155556",0,NIVEL 2 (MEDIO),,,,
2367,ESCUELAS,BENITO JUAREZ,NAVOJOA,SINAHUISA,26.911111,-109.437222,CONECTADA,0.11,"26.910164, -109.437475",0,NIVEL 2 (MEDIO),,,,
2368,ESCUELAS,RICARDO FLORES MAGON,NAVOJOA,NAVOJOA,27.053335,-109.438754,CONECTADA,1.51,"27.04737222, -109.4524333",0,NIVEL 2 (MEDIO),,,,
2369,ESCUELAS,GENERAL LAZARO CARDENAS DEL RIO,NAVOJOA,NAVOJOA,27.07036,-109.469272,CONECTADA,1.3,"27.08036667, -109.4624361",1,NIVEL 1 (BAJO),,,,
2370,ESCUELAS,FRANCISCO I. MADERO,NAVOJOA,FRANCISCO I. MADERO DOS,26.8475,-109.366944,CONECTADA,0.16,"26.848784, -109.366316",0,NIVEL 2 (MEDIO),,,,
2371,ESCUELAS,BENITO JUAREZ,SANTA ANA,LA POLVADERA,30.5425,-111.121389,CONECTADA,0.2,"30.544323, -111.121223",0,NIVEL 2 (MEDIO),,,,
2374,ESCUELAS,PLUTARCO ELIAS CALLES,NAVOJOA,NAVOJOA,27.081616,-109.429759,CONECTADA,0.82,"27.074257, -109.429382",1,NIVEL 1 (BAJO),,,,
2375,ESCUELAS,GENERAL EMILIANO ZAPATA,NAVOJOA,LOS LIMONES,27.159056,-109.387587,CONECTADA,8.84,"27.127718, -109.469734",0,NIVEL 2 (MEDIO),,,,
2377,ESCUELAS,JESUS GARCIA,NAVOJOA,EL SABINITO DE TESIA (TESIA Y SUS ANEXOS),26.799722,-109.343056,SIN CONEXION,3.43,"26.77914, -109.36883",0,NIVEL 3 (ALTO),,,,
2378,ESCUELAS,PROF. RAMON OQUITA MONTENEGRO,NAVOJOA,NAVOJOA,27.069576,-109.426591,CONECTADA,0.57,"27.07407267, -109.42939239",1,NIVEL 1 (BAJO),,,,
2379,ESCUELAS,EMILIANO ZAPATA,NAVOJOA,5 DE JUNIO,26.984338,-109.547033,CONECTADA,10.36,"27.068219444, -109.50155556",1,NIVEL 1 (BAJO),,,,
2380,ESCUELAS,MAYOR EULOGIO ORTEGA,NAVOJOA,SAN JOSE MASIACA,26.746944,-109.246667,SIN CONEXION,2.16,"26.763306, -109.234861",0,NIVEL 3 (ALTO),,,,
2381,ESCUELAS,LEONA VICARIO,NAVOJOA,NAVOJOA,27.065003,-109.489332,SIN CONEXION,1.26,"27.068219444, -109.50155556",0,NIVEL 3 (ALTO),,,,
2383,ESCUELAS,PATRIA,NAVOJOA,LOS BUAYUMS,26.862222,-109.436111,SIN CONEXION,2.23,"26.878814, -109.448692",0,NIVEL 3 (ALTO),,,,
2385,ESCUELAS,FILOMENO MATA,NAVOJOA,LA PERA,27.187916,-109.354109,SIN CONEXION,13.25,"27.127718, -109.469734",0,NIVEL 3 (ALTO),,,,
2386,ESCUELAS,LUIS DONALDO COLOSIO MURRIETA,NAVOJOA,NAVOJOA,27.0592,-109.421606,CONECTADA,1.82,"27.07407267, -109.42939239",1,NIVEL 1 (BAJO),,,,
2387,ESCUELAS,HEROES DE MEXICO,NAVOJOA,NAVOJOA,27.053573,-109.428289,SIN CONEXION,2.28,"27.07407267, -109.42939239",0,NIVEL 3 (ALTO),,,,
2388,ESCUELAS,LEONEL MORENO ROSANO,BENITO JUAREZ,VILLA JUAREZ,27.126663,-109.841766,CONECTADA,1.16,"27.128213, -109.830136",0,NIVEL 2 (MEDIO),,,,
2389,ESCUELAS,HEROICO COLEGIO MILITAR,NAVOJOA,NAVOJOA,27.074824,-109.435817,CONECTADA,0.64,"27.074257, -109.429382",0,NIVEL 2 (MEDIO),,,,
2390,ESCUELAS,HORACIO POMPA LIZARRAGA,SAN LUIS RIO COLORADO,SAN LUIS RIO COLORADO,32.47227,-114.793009,CONECTADA,0.83,"32.473614, -114.784344",0,NIVEL 2 (MEDIO),,,,
2392,ESCUELAS,PROF. PEDRO M AGUILAR,SAN IGNACIO RIO MUERTO,SAN IGNACIO RIO MUERTO,27.422781,-110.247202,CONECTADA,1.62,"27.409988, -110.239434",0,NIVEL 2 (MEDIO),,,,
2394,ESCUELAS,PROF. GILBERTO PACHECO C,BENJAMIN HILL,BENJAMIN HILL,30.171366,-111.108954,CONECTADA,0.93,"30.167956, -111.117789",0,NIVEL 2 (MEDIO),,,,
2644,ESCUELAS,JOSE ENRIQUE RODO,ROSARIO,ROSARIO,27.843628,-109.372184,SIN CONEXION,0.36,"27.840604, -109.370759",0,NIVEL 3 (ALTO),,,,
2396,ESCUELAS,JOSE EDUARDO CURLANGO LIMON,NOGALES,HEROICA NOGALES,31.32576,-110.937943,CONECTADA,0.34,"31.32836667, -110.9398083",0,NIVEL 2 (MEDIO),,,,
2397,ESCUELAS,CONCEPCION M DEL CAMPO,NAVOJOA,NAVOJOA,27.073268,-109.44646,CONECTADA,0.7,"27.07895278, -109.443525",0,NIVEL 2 (MEDIO),,,,
2398,ESCUELAS,ANDRES GARCIA GAXIOLA,NAVOJOA,NAVOJOA,27.075512,-109.479508,CONECTADA,1.77,"27.08036667, -109.4624361",0,NIVEL 2 (MEDIO),,,,
2399,ESCUELAS,GUADALUPE LOPEZ FELIX,NAVOJOA,NAVOJOA,27.058275,-109.426033,CONECTADA,1.79,"27.07407267, -109.42939239",0,NIVEL 2 (MEDIO),,,,
2400,ESCUELAS,MARIA ISABEL IRIBE LEYVA,NAVOJOA,NAVOJOA,27.042858,-109.449272,CONECTADA,0.59,"27.04737222, -109.4524333",0,NIVEL 2 (MEDIO),,,,
2401,ESCUELAS,FELIPE CARRILLO PUERTO,SANTA ANA,EL PANTANITO,30.598927,-111.063659,SIN CONEXION,7.92,"30.54224722, -111.1137528",0,NIVEL 3 (ALTO),,,,
2402,ESCUELAS,GABRIELA BRIMMER,NAVOJOA,NAVOJOA,27.062861,-109.450089,CONECTADA,0.31,"27.06563326, -109.4497993",1,NIVEL 1 (BAJO),,,,
2404,ESCUELAS,ALVARO OBREGON,NAVOJOA,NAVOJOA,27.080757,-109.453844,CONECTADA,0.68,"27.08241944, -109.4472139",1,NIVEL 1 (BAJO),,,,
2405,ESCUELAS,PROFA. RAFAELA RODRIGUEZ,NAVOJOA,NAVOJOA,27.081974,-109.434706,CONECTADA,0.94,"27.07895278, -109.443525",1,NIVEL 1 (BAJO),,,,
2406,ESCUELAS,ING FELIPE SALIDO,NAVOJOA,NAVOJOA,27.073482,-109.447044,CONECTADA,0.7,"27.07895278, -109.443525",1,NIVEL 1 (BAJO),,,,
2407,ESCUELAS,CLUB DE LEONES 2,NAVOJOA,NAVOJOA,27.068735,-109.463235,CONECTADA,1.3,"27.08036667, -109.4624361",1,NIVEL 1 (BAJO),,,,
2408,ESCUELAS,CLUB 20 30,NAVOJOA,NAVOJOA,27.073786,-109.455516,CONECTADA,1,"27.08036667, -109.4624361",1,NIVEL 1 (BAJO),,,,
2410,ESCUELAS,PROFA. CONSTANZA CARDENAS S,NAVOJOA,MASIACA,26.763611,-109.235556,SIN CONEXION,0.08,"26.763306, -109.234861",0,NIVEL 3 (ALTO),,,,
2411,ESCUELAS,PROFA. MA DE LOS ANGELES C DE VALDEZ,NAVOJOA,NAVOJOA,27.089539,-109.435438,CONECTADA,1.39,"27.082605, -109.447167",1,NIVEL 1 (BAJO),,,,
2412,ESCUELAS,PROF. JUVENTINO R SOLANO,NAVOJOA,NAVOJOA,27.080979,-109.461115,CONECTADA,0.15,"27.08036667, -109.4624361",1,NIVEL 1 (BAJO),,,,
2413,ESCUELAS,ADELAIDA E DE FELIX,NAVOJOA,NAVOJOA,26.841667,-109.484722,CONECTADA,5.46,"26.878814, -109.448692",0,NIVEL 2 (MEDIO),,,,
2645,ESCUELAS,PRIMERO DE MAYO,ROSARIO,RIO CHICO (REAL DE OSTIMURI),28.334444,-109.5125,SIN CONEXION,13.97,"28.45926, -109.52882",0,NIVEL 3 (ALTO),,,,
2414,ESCUELAS,BENIGNO GARCIA GARCIA,NAVOJOA,NAVOJOA,27.080833,-109.445278,CONECTADA,0.26,"27.08241944, -109.4472139",0,NIVEL 2 (MEDIO),,,,
2416,ESCUELAS,TELESECUNDARIA 25,NAVOJOA,GUADALUPE DE JUAREZ,27.360833,-109.723056,SIN CONEXION,0.18,"27.3616, -109.721446",0,NIVEL 3 (ALTO),,,,
2417,ESCUELAS,TELESECUNDARIA 36,NAVOJOA,SANTA MARÍA DEL BUARAJE,27.301389,-109.8,CONECTADA,0.33,"27.30295, -109.80285",1,NIVEL 1 (BAJO),,,,
2418,ESCUELAS,TELESECUNDARIA 37,NAVOJOA,NACHUQUIS (SAN ANTONIO NACHUQUIS),27.081111,-109.543611,CONECTADA,4.4,"27.068219444, -109.50155556",0,NIVEL 2 (MEDIO),,,,
2419,ESCUELAS,TELESECUNDARIA 97,NAVOJOA,SINAHUISA,26.911111,-109.437222,SIN CONEXION,0.11,"26.910164, -109.437475",0,NIVEL 3 (ALTO),,,,
2420,ESCUELAS,TELESECUNDARIA 98,NAVOJOA,EL SANEAL,26.910556,-109.391111,SIN CONEXION,0.25,"26.9128, -109.390694",0,NIVEL 3 (ALTO),,,,
2421,ESCUELAS,TELESECUNDARIA 103,NAVOJOA,ROSALES,27.131944,-109.436944,CONECTADA,3.28,"27.127718, -109.469734",0,NIVEL 2 (MEDIO),,,,
2422,ESCUELAS,TELESECUNDARIA 109,NAVOJOA,SIVACOBE (SIVACORE),27.141156,-109.41272,CONECTADA,5.84,"27.127718, -109.469734",0,NIVEL 2 (MEDIO),,,,
2423,ESCUELAS,TELESECUNDARIA 110,NAVOJOA,PUEBLO MAYO,27.206036,-109.553484,CONECTADA,12.02,"27.127718, -109.469734",0,NIVEL 2 (MEDIO),,,,
2424,ESCUELAS,TELESECUNDARIA 156,NAVOJOA,EL SIVIRAL (JIGICA),27.102222,-109.500833,CONECTADA,3.78,"27.068219444, -109.50155556",0,NIVEL 2 (MEDIO),,,,
2425,ESCUELAS,TELESECUNDARIA 195,NAVOJOA,RANCHO DEL PADRE (EL PADRE),27.115556,-109.515278,CONECTADA,4.71,"27.127718, -109.469734",0,NIVEL 2 (MEDIO),,,,
2426,ESCUELAS,TELESECUNDARIA 202,NAVOJOA,TRES HERMANOS,27.194722,-109.195833,SIN CONEXION,10.27,"27.215093, -109.094535",0,NIVEL 3 (ALTO),,,,
2427,ESCUELAS,TELESECUNDARIA 245,NAVOJOA,JOAQUIN AMARO,27.258611,-109.760278,SIN CONEXION,0.16,"27.258411, -109.761846",0,NIVEL 3 (ALTO),,,,
2428,ESCUELAS,TELESECUNDARIA 246,NAVOJOA,ETCHOHUAQUILA,27.318611,-109.756944,SIN CONEXION,0.03,"27.318841, -109.756846",0,NIVEL 3 (ALTO),,,,
2429,ESCUELAS,TELESECUNDARIA 262,NAVOJOA,CHINOTAHUECA,27.024722,-109.531667,CONECTADA,5.68,"27.068219444, -109.50155556",0,NIVEL 2 (MEDIO),,,,
2430,ESCUELAS,TELESECUNDARIA 269,NAVOJOA,5 DE JUNIO,26.984338,-109.547033,CONECTADA,10.36,"27.068219444, -109.50155556",0,NIVEL 2 (MEDIO),,,,
2431,ESCUELAS,TELESECUNDARIA 305,NAVOJOA,LICENCIADO LUIS ECHEVERRIA ALVAREZ,26.838889,-109.363056,SIN CONEXION,0.2,"26.83747, -109.364304",0,NIVEL 3 (ALTO),,,,
2432,ESCUELAS,JOSEFA ORTIZ DE DOMINGUEZ,SANTA ANA,SANTA ANA VIEJO,30.546944,-111.138333,SIN CONEXION,1.18,"30.54169, -111.12766",0,NIVEL 3 (ALTO),,,,
2434,ESCUELAS,TELESECUNDARIA 338,NAVOJOA,TETAPECHE,27.205833,-109.361667,SIN CONEXION,13.77,"27.127718, -109.469734",0,NIVEL 3 (ALTO),,,,
2435,ESCUELAS,TELESECUNDARIA 367,NAVOJOA,EL RECODO,27.077222,-109.5275,CONECTADA,2.76,"27.068219444, -109.50155556",0,NIVEL 2 (MEDIO),,,,
2436,ESCUELAS,PLUTARCO ELIAS CALLES,NOGALES,HEROICA NOGALES,31.277193,-110.941501,CONECTADA,0.38,"31.278361, -110.945246",0,NIVEL 2 (MEDIO),,,,
2437,ESCUELAS,PROF. LUIS BASURTO GUZMAN,NOGALES,HEROICA NOGALES,31.309403,-110.958955,CONECTADA,0.27,"31.3115, -110.96042",0,NIVEL 2 (MEDIO),,,,
2438,ESCUELAS,JUVENTINO VAZQUEZ ROMO,NOGALES,HEROICA NOGALES,31.305879,-110.962093,CONECTADA,0.64,"31.3115, -110.96042",0,NIVEL 2 (MEDIO),,,,
2440,ESCUELAS,HUMBERTO CAMPOS VARELA,NOGALES,HEROICA NOGALES,31.302586,-110.947458,CONECTADA,0.54,"31.301719, -110.94187",0,NIVEL 2 (MEDIO),,,,
2441,ESCUELAS,CLUB ACTIVO 20 30,NOGALES,HEROICA NOGALES,31.324929,-110.955086,CONECTADA,0.22,"31.32449, -110.9528",0,NIVEL 2 (MEDIO),,,,
2442,ESCUELAS,ABRAHAM LINCOLN,NOGALES,CIBUTA,31.061667,-110.898333,SIN CONEXION,13.06,"31.16167, -110.9703",0,NIVEL 3 (ALTO),,,,
2443,ESCUELAS,12 DE OCTUBRE,NOGALES,HEROICA NOGALES,31.312082,-110.956628,CONECTADA,0.37,"31.3115, -110.96042",1,NIVEL 1 (BAJO),,,,
2453,ESCUELAS,VILLA SONORA,NOGALES,HEROICA NOGALES,31.260367,-110.943978,CONECTADA,0.28,"31.26229, -110.94593",0,NIVEL 2 (MEDIO),,,,
2444,ESCUELAS,AMISTAD,NOGALES,HEROICA NOGALES,31.320314,-110.958916,CONECTADA,0.48,"31.318347, -110.954427",1,NIVEL 1 (BAJO),,,,
2445,ESCUELAS,5 DE MAYO,NOGALES,HEROICA NOGALES,31.308361,-110.930124,CONECTADA,0.55,"31.31326, -110.93056",1,NIVEL 1 (BAJO),,,,
2446,ESCUELAS,LUIS BASURTO GUZMAN,NOGALES,HEROICA NOGALES,31.332237,-110.930642,CONECTADA,0.79,"31.325194, -110.929972",1,NIVEL 1 (BAJO),,,,
2447,ESCUELAS,NIÑO ARTILLERO,NOGALES,HEROICA NOGALES,31.304307,-110.922783,CONECTADA,0.83,"31.298194, -110.927778",1,NIVEL 1 (BAJO),,,,
2448,ESCUELAS,MARIANO MATAMOROS,NOGALES,HEROICA NOGALES,31.287311,-110.927415,CONECTADA,1.21,"31.298194, -110.927778",0,NIVEL 2 (MEDIO),,,,
2449,ESCUELAS,GUSTAVO DIAZ ORDAZ,NOGALES,HEROICA NOGALES,31.296324,-110.955499,CONECTADA,0.79,"31.29025556, -110.9511556",0,NIVEL 2 (MEDIO),,,,
2450,ESCUELAS,MANUEL AVILA CAMACHO,NOGALES,HEROICA NOGALES,31.303197,-110.932755,CONECTADA,0.73,"31.298194, -110.927778",1,NIVEL 1 (BAJO),,,,
2451,ESCUELAS,TIZOC,NOGALES,HEROICA NOGALES,31.301474,-110.929801,CONECTADA,0.41,"31.298194, -110.927778",1,NIVEL 1 (BAJO),,,,
2452,ESCUELAS,NICOLAS BRAVO,NOGALES,HEROICA NOGALES,31.324266,-110.965142,CONECTADA,0.55,"31.3290004, -110.9636",0,NIVEL 2 (MEDIO),,,,
2454,ESCUELAS,SENDEROS,NOGALES,HEROICA NOGALES,31.328709,-110.956489,CONECTADA,0.59,"31.32449, -110.9528",0,NIVEL 2 (MEDIO),,,,
2455,ESCUELAS,ROSARIO ROLDAN DE ALVARADO,NOGALES,HEROICA NOGALES,31.308381,-110.937987,CONECTADA,0.83,"31.301719, -110.94187",0,NIVEL 2 (MEDIO),,,,
2456,ESCUELAS,NUEVO AMANECER,NOGALES,HEROICA NOGALES,31.308387,-110.951089,CONECTADA,0.95,"31.3115, -110.96042",0,NIVEL 2 (MEDIO),,,,
2457,ESCUELAS,ALAMOS,NOGALES,HEROICA NOGALES,31.294175,-110.929766,CONECTADA,0.49,"31.298194, -110.927778",0,NIVEL 2 (MEDIO),,,,
2458,ESCUELAS,24 DE OCTUBRE,NOGALES,HEROICA NOGALES,31.26003,-110.955295,SIN CONEXION,0.92,"31.26229, -110.94593",0,NIVEL 3 (ALTO),,,,
2459,ESCUELAS,FRONTERA,NOGALES,HEROICA NOGALES,31.28586,-110.964126,CONECTADA,0.51,"31.28495, -110.95889",0,NIVEL 2 (MEDIO),,,,
2460,ESCUELAS,IM JIABSI USI,NOGALES,HEROICA NOGALES,31.315306,-110.957772,CONECTADA,0.46,"31.318347, -110.954427",0,NIVEL 2 (MEDIO),,,,
2461,ESCUELAS,TOSALICARIT,NOGALES,HEROICA NOGALES,31.294991,-110.959988,CONECTADA,0.99,"31.29025556, -110.9511556",0,NIVEL 2 (MEDIO),,,,
2462,ESCUELAS,LUIS DONALDO COLOSIO MURRIETA,NOGALES,HEROICA NOGALES,31.295955,-110.955698,CONECTADA,0.77,"31.29025556, -110.9511556",0,NIVEL 2 (MEDIO),,,,
2463,ESCUELAS,ALEJANDRO SILVA HURTADO,NOGALES,HEROICA NOGALES,31.313809,-110.944332,CONECTADA,0.29,"31.316111, -110.945833",0,NIVEL 2 (MEDIO),,,,
2464,ESCUELAS,MARTHA PATRICIA LOPEZ ALCANTAR,NOGALES,HEROICA NOGALES,31.264591,-110.960605,CONECTADA,1.14,"31.274739, -110.96225",0,NIVEL 2 (MEDIO),,,,
2465,ESCUELAS,GUADALUPE MARIA DE LOS ANGELES STRAFFON MANZANO,NOGALES,HEROICA NOGALES,31.295183,-110.953225,CONECTADA,0.58,"31.29025556, -110.9511556",0,NIVEL 2 (MEDIO),,,,
2466,ESCUELAS,ROSA ZAMORANO DE SIORDIA,NOGALES,HEROICA NOGALES,31.312196,-110.939181,CONECTADA,0.77,"31.316111, -110.945833",1,NIVEL 1 (BAJO),,,,
2467,ESCUELAS,NOGALES,NOGALES,HEROICA NOGALES,31.324461,-110.923991,CONECTADA,0.57,"31.325194, -110.929972",1,NIVEL 1 (BAJO),,,,
2468,ESCUELAS,CANDELARIA R. VEGA MUÑOZ,NOGALES,HEROICA NOGALES,31.325316,-110.925621,CONECTADA,0.41,"31.325194, -110.929972",0,NIVEL 2 (MEDIO),,,,
2469,ESCUELAS,COLINAS DEL SOL,NOGALES,HEROICA NOGALES,31.318611,-110.945833,CONECTADA,0.28,"31.316111, -110.945833",0,NIVEL 2 (MEDIO),,,,
2470,ESCUELAS,PUESTA DEL SOL,NOGALES,HEROICA NOGALES,31.312591,-110.966401,CONECTADA,0.58,"31.3115, -110.96042",0,NIVEL 2 (MEDIO),,,,
2471,ESCUELAS,SONORA,NOGALES,HEROICA NOGALES,31.269894,-110.967208,CONECTADA,0.72,"31.274739, -110.96225",1,NIVEL 1 (BAJO),,,,
2472,ESCUELAS,MARTHA AMALIA STRAFFON MANZANO,NOGALES,HEROICA NOGALES,31.303115,-110.965243,CONECTADA,1.04,"31.3115, -110.96042",0,NIVEL 2 (MEDIO),,,,
2473,ESCUELAS,USI ALEYA,NOGALES,HEROICA NOGALES,31.299436,-110.963184,CONECTADA,1.37,"31.3115, -110.96042",1,NIVEL 1 (BAJO),,,,
2474,ESCUELAS,GUILLERMINA MONTAÑO FELIX,NOGALES,HEROICA NOGALES,31.290436,-110.923078,CONECTADA,0.97,"31.298194, -110.927778",1,NIVEL 1 (BAJO),,,,
2475,ESCUELAS,RODOLFO MONROY RIVERA,NOGALES,HEROICA NOGALES,31.274836,-110.954048,CONECTADA,0.78,"31.274739, -110.96225",0,NIVEL 2 (MEDIO),,,,
2476,ESCUELAS,MARIA VICTORIA TEK SANCHEZ,NOGALES,HEROICA NOGALES,31.295921,-110.951684,CONECTADA,0.63,"31.29025556, -110.9511556",0,NIVEL 2 (MEDIO),,,,
2477,ESCUELAS,FRANCISCO GABILONDO SOLER,NOGALES,HEROICA NOGALES,31.318611,-110.945833,CONECTADA,0.28,"31.316111, -110.945833",0,NIVEL 2 (MEDIO),,,,
2478,ESCUELAS,GRACIELA MERINO GONZALEZ,NOGALES,HEROICA NOGALES,31.295921,-110.951684,CONECTADA,0.63,"31.29025556, -110.9511556",0,NIVEL 2 (MEDIO),,,,
2479,ESCUELAS,LOURDES CECILIA BERNAL SALAZAR,NOGALES,HEROICA NOGALES,31.276885,-110.927486,CONECTADA,0.19,"31.27536, -110.92842",0,NIVEL 2 (MEDIO),,,,
2480,ESCUELAS,MARIA GUADALUPE JULIETA DOMINGUEZ Y PEREZ DE LARA,NOGALES,HEROICA NOGALES,31.276006,-110.966701,CONECTADA,0.45,"31.274739, -110.96225",1,NIVEL 1 (BAJO),,,,
2481,ESCUELAS,JARDIN DE NIÑOS NUEVA CREACION,NOGALES,HEROICA NOGALES,31.318611,-110.945833,CONECTADA,0.28,"31.316111, -110.945833",1,NIVEL 1 (BAJO),,,,
2482,ESCUELAS,BELLA AZUCENA VEGA REYES,NOGALES,HEROICA NOGALES,31.318611,-110.945833,CONECTADA,0.28,"31.316111, -110.945833",0,NIVEL 2 (MEDIO),,,,
2483,ESCUELAS,JARDIN DE NIÑOS NUEVA CREACION,NOGALES,AGUA ZARCA (FERROCARRIL),31.1725,-110.964722,SIN CONEXION,1.32,"31.16167, -110.9703",0,NIVEL 3 (ALTO),,,,
2484,ESCUELAS,GLORIA SERAFINA GUEVARA ROSALES,NOGALES,HEROICA NOGALES,31.300243,-110.909161,SIN CONEXION,0.48,"31.29834167, -110.9137",0,NIVEL 3 (ALTO),,,,
2485,ESCUELAS,ELDA GRISELDA TAPIA VELARDE,NOGALES,HEROICA NOGALES,31.310443,-110.895497,SIN CONEXION,1.09,"31.300917, -110.898194",0,NIVEL 3 (ALTO),,,,
2486,ESCUELAS,MAXTIA JIAPSIPO,NOGALES,HEROICA NOGALES,31.245966,-110.953282,CONECTADA,1.95,"31.26229, -110.94593",0,NIVEL 2 (MEDIO),,,,
2487,ESCUELAS,CENTRO DE ATENCION MULTIPLE ESTATAL,CAJEME,CIUDAD OBREGON,27.490369,-109.9644,CONECTADA,1.19,"27.4836, -109.955",1,NIVEL 1 (BAJO),,,,
2488,ESCUELAS,PROF. JUAN FRANCISCO MEZA GALAVIZ,GUAYMAS,HEROICA GUAYMAS,27.928406,-110.9233,CONECTADA,2.13,"27.94, -110.906",1,NIVEL 1 (BAJO),,,,
2489,ESCUELAS,GUADALUPE ELENA BARREDES PADILLA,ALTAR,ALTAR,30.713918,-111.834781,SIN CONEXION,1.31,"30.70384167, -111.8277278",0,NIVEL 3 (ALTO),,,,
2490,ESCUELAS,FRANCISCO Y JOSE CURIEL RAMOS,NOGALES,HEROICA NOGALES,31.304517,-110.924043,CONECTADA,0.79,"31.298194, -110.927778",0,NIVEL 2 (MEDIO),,,,
2491,ESCUELAS,MIGUEL HIDALGO,NOGALES,HEROICA NOGALES,31.32618,-110.93728,CONECTADA,0.34,"31.32836667, -110.9398083",0,NIVEL 2 (MEDIO),,,,
2646,ESCUELAS,5 DE MAYO,ROSARIO,CUBA,28.044444,-109.279722,SIN CONEXION,0.03,"28.04432, -109.27945",0,NIVEL 3 (ALTO),,,,
2492,ESCUELAS,JOSE MA MORELOS Y PAVON,NOGALES,HEROICA NOGALES,31.32426,-110.959373,CONECTADA,0.62,"31.32449, -110.9528",0,NIVEL 2 (MEDIO),,,,
2493,ESCUELAS,MARGARITA MAZA DE JUAREZ,NOGALES,HEROICA NOGALES,31.312227,-110.956209,CONECTADA,0.41,"31.3115, -110.96042",0,NIVEL 2 (MEDIO),,,,
2494,ESCUELAS,IGNACIO ZARAGOZA,NOGALES,HEROICA NOGALES,31.330384,-110.934958,CONECTADA,0.5,"31.328578, -110.939791",1,NIVEL 1 (BAJO),,,,
2495,ESCUELAS,ABELARDO L. RODRIGUEZ,NOGALES,CIBUTA,31.061667,-110.898333,CONECTADA,13.06,"31.16167, -110.9703",0,NIVEL 2 (MEDIO),,,,
2496,ESCUELAS,GENERAL LAZARO CARDENAS,NOGALES,HEROICA NOGALES,31.307417,-110.937917,CONECTADA,0.74,"31.301719, -110.94187",0,NIVEL 2 (MEDIO),,,,
2497,ESCUELAS,BELISARIO DOMINGUEZ,NOGALES,HEROICA NOGALES,31.298669,-110.931218,CONECTADA,0.33,"31.298194, -110.927778",0,NIVEL 2 (MEDIO),,,,
2498,ESCUELAS,CUAUHTEMOC,NOGALES,HEROICA NOGALES,31.319477,-110.956641,CONECTADA,0.24,"31.318347, -110.954427",1,NIVEL 1 (BAJO),,,,
2499,ESCUELAS,27 DE AGOSTO,NOGALES,HEROICA NOGALES,31.308227,-110.928244,CONECTADA,0.6,"31.31326, -110.93056",0,NIVEL 2 (MEDIO),,,,
2501,ESCUELAS,LEONA VICARIO,NOGALES,HEROICA NOGALES,31.289733,-110.925071,CONECTADA,0.98,"31.298194, -110.927778",0,NIVEL 2 (MEDIO),,,,
2502,ESCUELAS,PRIMERO DE JUNIO,NOGALES,HEROICA NOGALES,31.294162,-110.963937,CONECTADA,1.13,"31.28495, -110.95889",0,NIVEL 2 (MEDIO),,,,
2503,ESCUELAS,JOSE JOAQUIN FERNANDEZ DE LIZARDI,NOGALES,HEROICA NOGALES,31.319776,-110.955755,CONECTADA,0.2,"31.318347, -110.954427",0,NIVEL 2 (MEDIO),,,,
2504,ESCUELAS,JOSE DE JESUS FLORES VALVERDE,NOGALES,HEROICA NOGALES,31.318611,-110.945833,CONECTADA,0.28,"31.316111, -110.945833",0,NIVEL 2 (MEDIO),,,,
2505,ESCUELAS,RICARDO FLORES MAGON,NOGALES,HEROICA NOGALES,31.298341,-110.959959,CONECTADA,1.23,"31.29025556, -110.9511556",0,NIVEL 2 (MEDIO),,,,
2506,ESCUELAS,GUSTAVO LAMBERTO MANRIQUEZ RAMOS,NOGALES,HEROICA NOGALES,31.295384,-110.913658,CONECTADA,0.33,"31.29834167, -110.9137",0,NIVEL 2 (MEDIO),,,,
2507,ESCUELAS,VENUSTIANO CARRANZA,NOGALES,CIBUTA,31.1518161,-110.9450251,CONECTADA,2.64,"31.16167, -110.9703",0,NIVEL 2 (MEDIO),,,,
2508,ESCUELAS,LUIS DONALDO COLOSIO MURRIETA,NOGALES,HEROICA NOGALES,31.314392,-110.965721,CONECTADA,0.6,"31.3115, -110.96042",0,NIVEL 2 (MEDIO),,,,
2509,ESCUELAS,J. ALBERTO GONZALEZ VILLEGAS,NOGALES,HEROICA NOGALES,31.315612,-110.935233,SIN CONEXION,0.52,"31.31326, -110.93056",0,NIVEL 3 (ALTO),,,,
2510,ESCUELAS,SONORA,NOGALES,HEROICA NOGALES,31.293633,-110.974387,CONECTADA,1.76,"31.28495, -110.95889",0,NIVEL 2 (MEDIO),,,,
2511,ESCUELAS,JOSE VASCONCELOS,NOGALES,HEROICA NOGALES,31.324806,-110.925814,CONECTADA,0.4,"31.325194, -110.929972",0,NIVEL 2 (MEDIO),,,,
2512,ESCUELAS,FRANCISCO PERALTA GALVEZ,NOGALES,HEROICA NOGALES,31.303874,-110.964859,CONECTADA,0.95,"31.3115, -110.96042",0,NIVEL 2 (MEDIO),,,,
2513,ESCUELAS,SOR JUANA INES DE LA CRUZ,NOGALES,HEROICA NOGALES,31.269172,-110.964026,CONECTADA,0.64,"31.274739, -110.96225",0,NIVEL 2 (MEDIO),,,,
2514,ESCUELAS,ALEJANDRO C. VILLASEÑOR,NOGALES,HEROICA NOGALES,31.315697,-110.919589,CONECTADA,1.08,"31.31326, -110.93056",0,NIVEL 2 (MEDIO),,,,
2515,ESCUELAS,DIEGO RIVERA,NOGALES,HEROICA NOGALES,31.275129,-110.954231,CONECTADA,0.76,"31.274739, -110.96225",0,NIVEL 2 (MEDIO),,,,
2516,ESCUELAS,ROMAN BAQUEIRO TEC,NOGALES,HEROICA NOGALES,31.297168,-110.962727,CONECTADA,1.34,"31.29025556, -110.9511556",0,NIVEL 2 (MEDIO),,,,
2518,ESCUELAS,ALVARO OBREGON,NOGALES,HEROICA NOGALES,31.295921,-110.951684,CONECTADA,0.63,"31.29025556, -110.9511556",0,NIVEL 2 (MEDIO),,,,
2519,ESCUELAS,ESCUELA PRIMARIA NUEVA CREACION,NOGALES,HEROICA NOGALES,31.295921,-110.951684,CONECTADA,0.63,"31.29025556, -110.9511556",0,NIVEL 2 (MEDIO),,,,
2540,ESCUELAS,CZILENA DEMARA GARCIA,NOGALES,AGUA ZARCA (FERROCARRIL),31.1725,-110.964722,SIN CONEXION,1.32,"31.16167, -110.9703",0,NIVEL 3 (ALTO),,,,
2520,ESCUELAS,HORACIO AVENDAÑO ARREDONDO,NOGALES,HEROICA NOGALES,31.288517,-110.974311,CONECTADA,1.52,"31.28495, -110.95889",0,NIVEL 2 (MEDIO),,,,
2521,ESCUELAS,EDGARDO VILLELA MURRIETA,NOGALES,HEROICA NOGALES,31.274238,-110.953098,CONECTADA,0.87,"31.274739, -110.96225",0,NIVEL 2 (MEDIO),,,,
2522,ESCUELAS,CLUB DE LEONES NOGALES A.C.,NOGALES,HEROICA NOGALES,31.318611,-110.945833,CONECTADA,0.28,"31.316111, -110.945833",1,NIVEL 1 (BAJO),,,,
2523,ESCUELAS,FRANCISCO RAMON EGURROLA FIGUEROA,NOGALES,HEROICA NOGALES,31.318611,-110.945833,SIN CONEXION,0.28,"31.316111, -110.945833",0,NIVEL 3 (ALTO),,,,
2524,ESCUELAS,FRIDA KAHLO,NOGALES,HEROICA NOGALES,31.248774,-110.950829,CONECTADA,1.57,"31.26229, -110.94593",0,NIVEL 2 (MEDIO),,,,
2525,ESCUELAS,LAURA PATRICIA VALLE POLANCO,NOGALES,HEROICA NOGALES,31.31096,-110.895001,SIN CONEXION,1.16,"31.300917, -110.898194",0,NIVEL 3 (ALTO),,,,
2526,ESCUELAS,CENTRO DE ATENCION MULTIPLE ESTATAL,ACONCHI,ACONCHI,29.824899,-110.227735,SIN CONEXION,0.77,"29.8262, -110.21989",0,NIVEL 3 (ALTO),,,,
2527,ESCUELAS,CENTRO DE ATENCION MULTIPLE ESTATAL,CARBO,CARBO,29.68205,-110.962251,SIN CONEXION,0.37,"29.685214, -110.961142",0,NIVEL 3 (ALTO),,,,
2528,ESCUELAS,EMSAD. GOLFO DE SANTA CLARA,SAN LUIS RÍO COLORADO,GOLFO DE SANTA CLARA,31.694773,-114.492475,SIN CONEXION,1.1,"31.68750815, -114.50041433",0,NIVEL 3 (ALTO),,,,
2529,ESCUELAS,CENTRO DE ATENCION MULTIPLE ESTATAL,CAJEME,CIUDAD OBREGON,27.490369,-109.9644,CONECTADA,1.19,"27.4836, -109.955",1,NIVEL 1 (BAJO),,,,
2541,ESCUELAS,PROF. RODOLFO SIORDIA MONTANO,NOGALES,HEROICA NOGALES,31.26421,-110.95624,SIN CONEXION,1,"31.26229, -110.94593",0,NIVEL 3 (ALTO),,,,
2531,ESCUELAS,MARIA ELENA MONTIJO GOMEZ,ARIZPE,ARIZPE,30.33875,-110.163178,SIN CONEXION,0.43,"30.338364, -110.167683",0,NIVEL 3 (ALTO),,,,
2532,ESCUELAS,LUIS DONALDO COLOSIO MURRIETA,CABORCA,HEROICA CABORCA,30.725787,-112.140591,CONECTADA,1.39,"30.727172, -112.155092",0,NIVEL 2 (MEDIO),,,,
2533,ESCUELAS,ESCUELA SECUNDARIA TECNICA ESTATAL NUM. 2,BACUM,FRANCISCO JAVIER MINA (CAMPO 60),27.462279,-110.10874,CONECTADA,0.64,"27.45816, -110.11326",0,NIVEL 2 (MEDIO),,,,
2534,ESCUELAS,THERESE DE TOURNIEL,NOGALES,HEROICA NOGALES,31.330898,-110.946892,CONECTADA,0.72,"31.328578, -110.939791",1,NIVEL 1 (BAJO),,,,
2535,ESCUELAS,DARIO RAMIREZ,NOGALES,HEROICA NOGALES,31.310149,-110.946933,CONECTADA,0.67,"31.316111, -110.945833",1,NIVEL 1 (BAJO),,,,
2536,ESCUELAS,FRANCISCA ARMIDA ROMERO DUARTE,NOGALES,HEROICA NOGALES,31.280779,-110.969256,CONECTADA,0.95,"31.274739, -110.96225",0,NIVEL 2 (MEDIO),,,,
2537,ESCUELAS,YOLANDA EUGENIA CARRILLO MENDEZ,NOGALES,HEROICA NOGALES,31.267056,-110.942368,CONECTADA,0.63,"31.26229, -110.94593",0,NIVEL 2 (MEDIO),,,,
2538,ESCUELAS,"EMSAD, CUMPAS",CUMPAS,CUMPAS,29.995368,-109.780514,SIN CONEXION,0.45,"29.996425, -109.77598",0,NIVEL 3 (ALTO),,,,
2539,ESCUELAS,CARMEN YOLANDA CURIEL MONTIEL,NOGALES,HEROICA NOGALES,31.279326,-110.960534,CONECTADA,0.54,"31.274739, -110.96225",0,NIVEL 2 (MEDIO),,,,
2543,ESCUELAS,BENITO JUAREZ,NOGALES,HEROICA NOGALES,31.301776,-110.943836,CONECTADA,0.19,"31.301719, -110.94187",0,NIVEL 2 (MEDIO),,,,
2544,ESCUELAS,JESUS GARCIA NUM. 1,NOGALES,HEROICA NOGALES,31.300642,-110.935577,CONECTADA,0.61,"31.301719, -110.94187",1,NIVEL 1 (BAJO),,,,
2545,ESCUELAS,HEROE DE NACOZARI,NOGALES,HEROICA NOGALES,31.306044,-110.931093,CONECTADA,0.8,"31.31326, -110.93056",0,NIVEL 2 (MEDIO),,,,
2547,ESCUELAS,ENRIQUE QUIJADA,NOGALES,HEROICA NOGALES,31.331173,-110.940696,SIN CONEXION,0.3,"31.328578, -110.939791",0,NIVEL 3 (ALTO),,,,
2549,ESCUELAS,"EMSAD, NACO",NACO,NACO,31.324873,-109.948004,SIN CONEXION,0.05,"31.32499, -109.94746",0,NIVEL 3 (ALTO),,,,
2550,ESCUELAS,J ENRIQUE PESTALOZZI,NOGALES,HEROICA NOGALES,31.32954,-110.945744,CONECTADA,0.58,"31.328578, -110.939791",1,NIVEL 1 (BAJO),,,,
2551,ESCUELAS,VICENTA OCARANZA NUM. 1,NOGALES,HEROICA NOGALES,31.315159,-110.944621,CONECTADA,0.16,"31.316111, -110.945833",0,NIVEL 2 (MEDIO),,,,
2552,ESCUELAS,JUSTO SIERRA,NOGALES,HEROICA NOGALES,31.310764,-110.945556,CONECTADA,0.6,"31.316111, -110.945833",1,NIVEL 1 (BAJO),,,,
2553,ESCUELAS,MARIA ANTONIETA GASTELUM RIVERA,NOGALES,HEROICA NOGALES,31.294175,-110.929766,CONECTADA,0.49,"31.298194, -110.927778",0,NIVEL 2 (MEDIO),,,,
2554,ESCUELAS,PROFA. DELIA LEY DE XEBILLE,NOGALES,HEROICA NOGALES,31.260672,-110.956481,CONECTADA,1.02,"31.26229, -110.94593",1,NIVEL 1 (BAJO),,,,
2555,ESCUELAS,MARIA DOLORES FERNANDEZ TORRES,NOGALES,HEROICA NOGALES,31.325944,-110.932693,CONECTADA,0.27,"31.325194, -110.929972",1,NIVEL 1 (BAJO),,,,
2556,ESCUELAS,ANTONIO AGUILAR RENDON,NOGALES,HEROICA NOGALES,31.318611,-110.945833,CONECTADA,0.28,"31.316111, -110.945833",0,NIVEL 2 (MEDIO),,,,
2558,ESCUELAS,CARLOTA AMALIA VALDEZ MIRANDA,NOGALES,AGUA ZARCA (FERROCARRIL),31.1725,-110.964722,CONECTADA,1.32,"31.16167, -110.9703",0,NIVEL 2 (MEDIO),,,,
2559,ESCUELAS,DISTRIBUIDORES NISSAN,NOGALES,HEROICA NOGALES,31.301217,-110.969479,CONECTADA,1.43,"31.3115, -110.96042",0,NIVEL 2 (MEDIO),,,,
2560,ESCUELAS,PEDRO ORTIZ MONTAÑO,ROSARIO,ROSARIO,27.839406,-109.374194,CONECTADA,0.36,"27.840604, -109.370759",0,NIVEL 2 (MEDIO),,,,
2561,ESCUELAS,TELESECUNDARIA 63,NOGALES,CIBUTA,31.061667,-110.898333,CONECTADA,13.06,"31.16167, -110.9703",0,NIVEL 2 (MEDIO),,,,
2565,ESCUELAS,QUEROBABI,OPODEPE,QUEROBABI,30.04895,-111.02482,SIN CONEXION,0.55,"30.050978, -111.03",0,NIVEL 3 (ALTO),,,,
2569,ESCUELAS,GILDARDO F AVILES,OPODEPE,QUEROBABI,30.050299,-111.02431,CONECTADA,0.55,"30.050978, -111.03",0,NIVEL 2 (MEDIO),,,,
2570,ESCUELAS,TELESECUNDARIA 62,OPODEPE,QUEROBABI,30.05207,-111.02127,CONECTADA,0.85,"30.050978, -111.03",0,NIVEL 2 (MEDIO),,,,
2572,ESCUELAS,AMADO NERVO,OQUITOA,OQUITOA,30.741229,-111.732594,SIN CONEXION,0.21,"30.7409, -111.7348",0,NIVEL 3 (ALTO),,,,
2575,ESCUELAS,LIBERTAD,PITIQUITO,PUERTO LIBERTAD,29.909575,-112.686882,SIN CONEXION,52.9,"29.50634, -112.39627",0,NIVEL 3 (ALTO),,,,
2576,ESCUELAS,ANTONIO OZUNA BETANCOURT,PITIQUITO,PITIQUITO,30.680931,-112.060359,CONECTADA,1.04,"30.67713, -112.05045",0,NIVEL 2 (MEDIO),,,,
2578,ESCUELAS,JUAN GUTIERREZ NEYOI,PITIQUITO,PUERTO LIBERTAD,29.9108776,-112.697318,SIN CONEXION,53.56,"29.50634, -112.39627",0,NIVEL 3 (ALTO),,,,
2579,ESCUELAS,JOSE ESTRADA ALVAREZ,BENITO JUAREZ,VILLA JUAREZ,27.121213,-109.8225,CONECTADA,1.06,"27.128152, -109.829834",0,NIVEL 2 (MEDIO),,,,
2580,ESCUELAS,MIGUEL HIDALGO Y COSTILLA,PITIQUITO,PITIQUITO,30.673745,-112.053183,CONECTADA,0.46,"30.67713, -112.05045",0,NIVEL 2 (MEDIO),,,,
2581,ESCUELAS,PROF. JOSE CARMELO,PITIQUITO,PITIQUITO,30.676607,-112.051967,CONECTADA,0.16,"30.67713, -112.05045",0,NIVEL 2 (MEDIO),,,,
2582,ESCUELAS,ELVIRA LIZARRAGA VALENZUELA,PITIQUITO,PITIQUITO,30.685368,-112.066554,CONECTADA,1.79,"30.67713, -112.05045",0,NIVEL 2 (MEDIO),,,,
2584,ESCUELAS,JUAN ENRIQUE PESTALOZZI,PUERTO PEÑASCO,PUERTO PEÑASCO,31.313057,-113.526431,CONECTADA,1.55,"31.305833, -113.540438",1,NIVEL 1 (BAJO),,,,
2585,ESCUELAS,MANUEL AZUETA,PUERTO PEÑASCO,PUERTO PEÑASCO,31.328922,-113.539836,CONECTADA,0.95,"31.32935585, -113.5298673",1,NIVEL 1 (BAJO),,,,
2586,ESCUELAS,MARINA NACIONAL,PUERTO PEÑASCO,PUERTO PEÑASCO,31.316959,-113.544775,CONECTADA,1.3,"31.305833, -113.540556",1,NIVEL 1 (BAJO),,,,
2587,ESCUELAS,BENEMERITO DE LAS AMERICAS,PUERTO PEÑASCO,PUERTO PEÑASCO,31.303333,-113.53722,CONECTADA,0.41,"31.305833, -113.540438",1,NIVEL 1 (BAJO),,,,
2588,ESCUELAS,NUEVOS CAMINOS,PUERTO PEÑASCO,PUERTO PEÑASCO,31.327304,-113.523846,CONECTADA,0.62,"31.32935585, -113.5298673",1,NIVEL 1 (BAJO),,,,
2589,ESCUELAS,TESORO INFANTIL,PUERTO PEÑASCO,PUERTO PEÑASCO,31.315024,-113.512231,CONECTADA,2.31,"31.32935585, -113.5298673",1,NIVEL 1 (BAJO),,,,
2590,ESCUELAS,JOSE A ACUÑA NUÑEZ,PUERTO PEÑASCO,PUERTO PEÑASCO,31.338709,-113.541366,CONECTADA,1.21,"31.33396389, -113.52995",1,NIVEL 1 (BAJO),,,,
2591,ESCUELAS,MELQUIADES PALACIO VALENZUELA,PUERTO PEÑASCO,PUERTO PEÑASCO,31.338245,-113.533349,CONECTADA,0.58,"31.33396389, -113.52995",1,NIVEL 1 (BAJO),,,,
2592,ESCUELAS,ENRIQUETA MONTIJO,PUERTO PEÑASCO,PUERTO PEÑASCO,31.344757,-113.538129,CONECTADA,1.43,"31.33396389, -113.52995",1,NIVEL 1 (BAJO),,,,
2593,ESCUELAS,DOMITILA CONCEPCION ROJO RUIZ,PUERTO PEÑASCO,PUERTO PEÑASCO,31.316667,-113.536944,CONECTADA,1.25,"31.305833, -113.540438",1,NIVEL 1 (BAJO),,,,
2594,ESCUELAS,JARDIN DE NIÑOS NUEVA CREACION,PUERTO PEÑASCO,PUERTO PEÑASCO,31.316667,-113.536944,CONECTADA,1.25,"31.305833, -113.540438",1,NIVEL 1 (BAJO),,,,
2595,ESCUELAS,ERNESTO LORETO HUASICA,HUASABAS,HUASABAS,29.90362,-109.304825,CONECTADA,0.29,"29.90431, -109.30196",0,NIVEL 2 (MEDIO),,,,
2596,ESCUELAS,ARTICULO 115 CONSTITUCIONAL,PUERTO PEÑASCO,PUERTO PEÑASCO,31.314925,-113.51396,CONECTADA,2.2,"31.32935585, -113.5298673",0,NIVEL 2 (MEDIO),,,,
2597,ESCUELAS,LEONA VICARIO,PUERTO PEÑASCO,PUERTO PEÑASCO,31.320588,-113.546073,CONECTADA,1.72,"31.305833, -113.540556",0,NIVEL 2 (MEDIO),,,,
2598,ESCUELAS,CLUB ACTIVO 20 30,PUERTO PEÑASCO,PUERTO PEÑASCO,31.311908,-113.538949,SIN CONEXION,0.69,"31.305833, -113.540438",0,NIVEL 3 (ALTO),,,,
2599,ESCUELAS,1 DE JUNIO,PUERTO PEÑASCO,PUERTO PEÑASCO,31.320458,-113.523772,CONECTADA,1.15,"31.32935585, -113.5298673",0,NIVEL 2 (MEDIO),,,,
2600,ESCUELAS,JAIME NUNO,PUERTO PEÑASCO,PUERTO PEÑASCO,31.328544,-113.538859,CONECTADA,0.86,"31.32935585, -113.5298673",1,NIVEL 1 (BAJO),,,,
2647,ESCUELAS,JOSEFA ORTIZ DE DOMINGUEZ,ROSARIO,LA ESTRELLA,27.828056,-109.242778,SIN CONEXION,8.96,"27.76029, -109.29198",0,NIVEL 3 (ALTO),,,,
2601,ESCUELAS,MIGUEL HIDALGO Y COSTILLA,PUERTO PEÑASCO,PUERTO PEÑASCO,31.313461,-113.526473,CONECTADA,1.57,"31.305833, -113.540438",0,NIVEL 2 (MEDIO),,,,
2602,ESCUELAS,VICENTE GUERRERO,PUERTO PEÑASCO,PUERTO PEÑASCO,31.315059,-113.541711,CONECTADA,1.03,"31.305833, -113.540556",0,NIVEL 2 (MEDIO),,,,
2603,ESCUELAS,ELVIRA FABIOLA CECEÑA RUBIO,PUERTO PEÑASCO,PUERTO PEÑASCO,31.34089,-113.52727,CONECTADA,0.81,"31.33396389, -113.52995",1,NIVEL 1 (BAJO),,,,
2604,ESCUELAS,"CLUB ROTARIO DE PUERTO PEÑASCO, A. C.",PUERTO PEÑASCO,PUERTO PEÑASCO,31.34834,-113.538129,CONECTADA,1.78,"31.33396389, -113.52995",1,NIVEL 1 (BAJO),,,,
2605,ESCUELAS,ESCUELA PRIMARIA NUEVA CREACION,PUERTO PEÑASCO,PUERTO PEÑASCO,31.326149,-113.503384,CONECTADA,2.54,"31.32935585, -113.5298673",1,NIVEL 1 (BAJO),,,,
2606,ESCUELAS,"EMSAD, ESQUEDA",FRONTERAS,ESQUEDA,30.717285,-109.587646,SIN CONEXION,19.81,"30.894625, -109.568311",0,NIVEL 3 (ALTO),,,,
2607,ESCUELAS,PROF. ARMANDO EDMUNDO ESTRELLA ORTEGA,CABORCA,HEROICA CABORCA,30.698676,-112.166582,CONECTADA,0.46,"30.698854, -112.161729",0,NIVEL 2 (MEDIO),,,,
2608,ESCUELAS,EDELBERTO PADILLA SAMANIEGO,NOGALES,HEROICA NOGALES,31.260594,-110.956681,CONECTADA,1.04,"31.26229, -110.94593",0,NIVEL 2 (MEDIO),,,,
2609,ESCUELAS,BIENVENIDA LOPEZ URQUIDEZ,YECORA,YECORA,28.365663,-108.929378,CONECTADA,0.86,"28.37264, -108.925702",0,NIVEL 2 (MEDIO),,,,
2610,ESCUELAS,NARCIZO MENDOZA,PUERTO PEÑASCO,PUERTO PEÑASCO,31.310868,-113.538778,CONECTADA,0.58,"31.305833, -113.540438",1,NIVEL 1 (BAJO),,,,
2611,ESCUELAS,RAFAELA SOTELO CELAYA,PUERTO PEÑASCO,PUERTO PEÑASCO,31.325438,-113.499276,SIN CONEXION,2.94,"31.32935585, -113.5298673",0,NIVEL 3 (ALTO),,,,
2612,ESCUELAS,VENTURA G TENA,PUERTO PEÑASCO,PUERTO PEÑASCO,31.301726,-113.550262,CONECTADA,0.35,"31.299553, -113.547561",1,NIVEL 1 (BAJO),,,,
2613,ESCUELAS,FRANCISCO URREA BERMUDEZ,PUERTO PEÑASCO,PUERTO PEÑASCO,31.342087,-113.542606,CONECTADA,1.5,"31.33396389, -113.52995",0,NIVEL 2 (MEDIO),,,,
2614,ESCUELAS,GENERAL LAZARO CARDENAS,PUERTO PEÑASCO,PUERTO PEÑASCO,31.318644,-113.534416,CONECTADA,1.27,"31.32935585, -113.5298673",1,NIVEL 1 (BAJO),,,,
2615,ESCUELAS,ENRIQUETA ORTEGA GASTELUM,PUERTO PEÑASCO,PUERTO PEÑASCO,31.316667,-113.536944,CONECTADA,1.25,"31.305833, -113.540438",1,NIVEL 1 (BAJO),,,,
2616,ESCUELAS,"CECYTE, BACAME NUEVO",ETCHOJOA,BACAME NUEVO,27.162061,-109.583504,SIN CONEXION,10.5,"27.093839, -109.656901",0,NIVEL 3 (ALTO),,,,
2618,ESCUELAS,JUAN CEBALLOS AYALA,HERMOSILLO,HERMOSILLO,29.075926,-110.989044,CONECTADA,2.18,"29.09152931, -110.9754964",0,NIVEL 2 (MEDIO),,,,
2619,ESCUELAS,CUITLAHUAC,QUIRIEGO,TEPAHUI,27.396111,-109.182222,SIN CONEXION,0.11,"27.396111, -109.181111",0,NIVEL 3 (ALTO),,,,
2627,ESCUELAS,FRANCISCO I. MADERO,QUIRIEGO,BATACOSA,27.530833,-109.403611,CONECTADA,15.07,"27.52069, -109.251259",0,NIVEL 2 (MEDIO),,,,
2622,ESCUELAS,MANUEL TOLSA,QUIRIEGO,QUIRIEGO,27.521914,-109.251951,SIN CONEXION,0.15,"27.52069, -109.251259",0,NIVEL 3 (ALTO),,,,
2623,ESCUELAS,ESCUELA SECUNDARIA TECNICA ESTATAL NUM. 13,CAJEME,ESPERANZA,27.571114,-109.913181,CONECTADA,2.8,"27.56626, -109.9411",0,NIVEL 2 (MEDIO),,,,
2624,ESCUELAS,BENITO JUAREZ,QUIRIEGO,EL FRIJOLAR,27.820833,-108.9225,SIN CONEXION,36.96,"27.76029, -109.29198",0,NIVEL 3 (ALTO),,,,
2625,ESCUELAS,LAZARO CARDENAS DEL RIO,QUIRIEGO,GOIJAQUIA,27.425159,-109.219791,SIN CONEXION,5,"27.396111, -109.181111",0,NIVEL 3 (ALTO),,,,
2626,ESCUELAS,GENERAL LAZARO CARDENAS DEL RIO,QUIRIEGO,BACUSA,27.478114,-109.244593,SIN CONEXION,4.77,"27.52065, -109.251129",0,NIVEL 3 (ALTO),,,,
2628,ESCUELAS,FERMIN TRUJILLO FUENTES,HERMOSILLO,BAHIA DE KINO,28.828626,-111.939898,CONECTADA,1.63,"28.832808, -111.955989",0,NIVEL 2 (MEDIO),,,,
2631,ESCUELAS,TELESECUNDARIA 4,QUIRIEGO,BATACOSA,27.530833,-109.403611,CONECTADA,15.07,"27.52069, -109.251259",0,NIVEL 2 (MEDIO),,,,
2635,ESCUELAS,HANS CRISTIAN ANDERSSEN,RAYON,RAYON,29.710122,-110.563583,CONECTADA,0.51,"29.707183, -110.567575",1,NIVEL 1 (BAJO),,,,
2636,ESCUELAS,IGNACIO MANUEL ALTAMIRANO,RAYON,LA PAZ (LA PAZ DE RAYON),29.735833,-110.581944,CONECTADA,2.49,"29.714677, -110.5735",1,NIVEL 1 (BAJO),,,,
2632,ESCUELAS,TELESECUNDARIA 17,QUIRIEGO,TEPAHUI,27.396111,-109.182222,CONECTADA,0.11,"27.396111, -109.181111",0,NIVEL 2 (MEDIO),,,,
2638,ESCUELAS,GENERAL IGNACIO ZARAGOZA,RAYON,RAYON,29.711107,-110.571166,CONECTADA,0.46,"29.714677, -110.5735",0,NIVEL 2 (MEDIO),,,,
2639,ESCUELAS,LA RAMADITA,ROSARIO,PAREDONES,27.856667,-109.293611,SIN CONEXION,7.12,"27.850747, -109.365744",0,NIVEL 3 (ALTO),,,,
2640,ESCUELAS,EL ROSARITO,ROSARIO,NURI,28.115561,-109.328921,SIN CONEXION,0.22,"28.11424, -109.3272",0,NIVEL 3 (ALTO),,,,
2649,ESCUELAS,PROF. RANDOLFO LAVANDERA,ROSARIO,ROSARIO,27.840589,-109.36869,CONECTADA,0.2,"27.840585, -109.370693",0,NIVEL 2 (MEDIO),,,,
2651,ESCUELAS,OSCAR ROMERO CARPENA,CAJEME,CIUDAD OBREGON,27.486108,-109.985983,CONECTADA,3.07,"27.4836, -109.955",0,NIVEL 2 (MEDIO),,,,
2659,ESCUELAS,EMILIANO ZAPATA,SAHUARIPA,NATORA (SAN JOSE DE NATORA),29.0481,-108.75963,SIN CONEXION,43.67,"28.92847, -109.18732",0,NIVEL 3 (ALTO),,,,
2660,ESCUELAS,22 DE FEBRERO,SAHUARIPA,SANTO TOMAS,28.974444,-109.1975,SIN CONEXION,5.21,"28.92847, -109.18732",0,NIVEL 3 (ALTO),,,,
2661,ESCUELAS,MIGUEL HIDALGO,SAHUARIPA,SEGUADEHUACHI,29.006447,-109.198999,SIN CONEXION,6.48,"29.056386, -109.233431",0,NIVEL 3 (ALTO),,,,
2663,ESCUELAS,ESCUADRON 201,SAHUARIPA,SAHUARIPA,29.047162,-109.231334,CONECTADA,1.04,"29.05637, -109.23347",0,NIVEL 2 (MEDIO),,,,
2664,ESCUELAS,IGNACIO ZARAGOZA,SAHUARIPA,GUISAMOPA,28.646944,-109.108333,SIN CONEXION,12.32,"28.741214, -109.041887",0,NIVEL 3 (ALTO),,,,
2665,ESCUELAS,24 DE FEBRERO,SAHUARIPA,MATARACHI,28.68768,-108.83139,SIN CONEXION,21.37,"28.741214, -109.041887",0,NIVEL 3 (ALTO),,,,
2666,ESCUELAS,SECUNDARIA TECNICA ESTATAL NUM. 17,HERMOSILLO,HERMOSILLO,29.098889,-110.954167,CONECTADA,2.22,"29.09162451, -110.9754325",0,NIVEL 2 (MEDIO),,,,
2667,ESCUELAS,MARIA MENESES O,SAHUARIPA,SAHUARIPA,29.056612,-109.232083,SIN CONEXION,0.13,"29.05642, -109.23342",0,NIVEL 3 (ALTO),,,,
2668,ESCUELAS,FERNANDO A PAREDES,SAHUARIPA,SAHUARIPA,29.055422,-109.234401,CONECTADA,0.14,"29.05637, -109.23347",0,NIVEL 2 (MEDIO),,,,
2669,ESCUELAS,TALAMANTE,SAHUARIPA,SAHUARIPA,29.055809,-109.234196,CONECTADA,0.09,"29.05637, -109.23347",0,NIVEL 2 (MEDIO),,,,
2673,ESCUELAS,MARIA LOURDES RUIZ LOPEZ,SAN FELIPE DE JESUS,SAN FELIPE DE JESUS,29.861829,-110.238282,SIN CONEXION,0.12,"29.86259, -110.239133",0,NIVEL 3 (ALTO),,,,
2674,ESCUELAS,GUADALUPE VICTORIA,SAN FELIPE DE JESUS,SAN FELIPE DE JESUS,29.859251,-110.240639,CONECTADA,0.28,"29.858456, -110.243403",0,NIVEL 2 (MEDIO),,,,
2676,ESCUELAS,JOSE MARIA TETABIATE,SAN IGNACIO RIO MUERTO,TETABIATE,27.445925,-110.321948,SIN CONEXION,0.27,"27.446833, -110.324444",0,NIVEL 3 (ALTO),,,,
2677,ESCUELAS,EL LOBITO,SAN IGNACIO RIO MUERTO,BAHIA DE LOBOS,27.348349,-110.453244,SIN CONEXION,16.78,"27.446833, -110.324444",0,NIVEL 3 (ALTO),,,,
2678,ESCUELAS,EL SOLDADITO,SAN IGNACIO RIO MUERTO,SAN IGNACIO RIO MUERTO,27.407798,-110.246991,CONECTADA,0.78,"27.409988, -110.239434",1,NIVEL 1 (BAJO),,,,
2679,ESCUELAS,GREGORIO VEGA DIEGO,SAN IGNACIO RIO MUERTO,SAN IGNACIO RIO MUERTO,27.410138,-110.246788,CONECTADA,0.73,"27.409988, -110.239434",1,NIVEL 1 (BAJO),,,,
2680,ESCUELAS,ROSENDO MONTANO ROMERO,SAN IGNACIO RIO MUERTO,SAN IGNACIO RIO MUERTO,27.419122,-110.248217,CONECTADA,1.34,"27.409988, -110.239434",1,NIVEL 1 (BAJO),,,,
2681,ESCUELAS,JUAN DE O'DONOJU,SAN IGNACIO RIO MUERTO,SINGAPUR,27.4425,-110.234167,CONECTADA,0.06,"27.443028, -110.234133",1,NIVEL 1 (BAJO),,,,
2682,ESCUELAS,MARTIRES DE SAN IGNACIO RIO MUERTO,SAN IGNACIO RIO MUERTO,SAN IGNACIO RIO MUERTO,27.414199,-110.2431,CONECTADA,0.59,"27.409988, -110.239434",1,NIVEL 1 (BAJO),,,,
2683,ESCUELAS,EL LOBITO,SAN IGNACIO RIO MUERTO,BAHIA DE LOBOS,27.348349,-110.453244,SIN CONEXION,16.78,"27.446833, -110.324444",0,NIVEL 3 (ALTO),,,,
2684,ESCUELAS,PENSADOR MEXICANO,SAN IGNACIO RIO MUERTO,EL POLVORON,27.371111,-110.218056,CONECTADA,0.72,"27.370639, -110.210761",1,NIVEL 1 (BAJO),,,,
2685,ESCUELAS,ELSA GUADALUPE CAÑEZ CORONADO,AGUA PRIETA,AGUA PRIETA,31.294121,-109.549139,CONECTADA,2,"31.30943, -109.5601",0,NIVEL 2 (MEDIO),,,,
2686,ESCUELAS,MIGUEL JAIME BUITIMEA,SAN IGNACIO RIO MUERTO,BAHIA DE LOBOS,27.354512,-110.456442,SIN CONEXION,16.59,"27.446833, -110.324444",0,NIVEL 3 (ALTO),,,,
2715,ESCUELAS,CARLOS G. CALLES,SAN LUIS RIO COLORADO,SAN LUIS RIO COLORADO,32.456569,-114.75777,CONECTADA,0.82,"32.45172232, -114.751234",0,NIVEL 2 (MEDIO),,,,
2690,ESCUELAS,ESCUADRON 201,SAN IGNACIO RIO MUERTO,EL POLVORON,27.371111,-110.218056,CONECTADA,0.72,"27.370639, -110.210761",0,NIVEL 2 (MEDIO),,,,
2691,ESCUELAS,PLAN DE AYALA,SAN IGNACIO RIO MUERTO,SINGAPUR,27.4425,-110.234167,CONECTADA,0.06,"27.443028, -110.234133",0,NIVEL 2 (MEDIO),,,,
2689,ESCUELAS,VENUSTIANO CARRANZA,SAN IGNACIO RIO MUERTO,SAN IGNACIO RIO MUERTO,27.408753,-110.247208,CONECTADA,0.78,"27.409988, -110.239434",0,NIVEL 2 (MEDIO),,,,
2692,ESCUELAS,MAXIMILIANO R LOPEZ,SAN IGNACIO RIO MUERTO,LA DEMOCRACIA,27.288333,-110.205556,CONECTADA,3.79,"27.305907, -110.172749",1,NIVEL 1 (BAJO),,,,
2693,ESCUELAS,LAZARO CARDENAS,SAN IGNACIO RIO MUERTO,BAHIA DE LOBOS,27.348607,-110.454587,CONECTADA,16.86,"27.446833, -110.324444",0,NIVEL 2 (MEDIO),,,,
2694,ESCUELAS,8 DE MAYO,SAN IGNACIO RIO MUERTO,DEMETRIO VALLEJO,27.350556,-110.283056,SIN CONEXION,7.48,"27.370639, -110.210761",0,NIVEL 3 (ALTO),,,,
2695,ESCUELAS,JOSE MARIA MORELOS,SAN IGNACIO RIO MUERTO,BACHOMOBAMPO,27.299722,-110.235833,CONECTADA,6.25,"27.243481, -110.236694",1,NIVEL 1 (BAJO),,,,
2726,ESCUELAS,ENRIQUE C. REBSAMEN,SAN LUIS RIO COLORADO,SAN LUIS RIO COLORADO,32.447036,-114.771673,SIN CONEXION,0.38,"32.445916, -114.767875",0,NIVEL 3 (ALTO),,,,
2696,ESCUELAS,PDTE ALVARO OBREGON,SAN IGNACIO RIO MUERTO,EL BATEVE,27.275833,-110.261389,CONECTADA,4.35,"27.243481, -110.236694",1,NIVEL 1 (BAJO),,,,
2698,ESCUELAS,"CECYTE, BENJAMÍN HILL",BENJAMÍN HILL,BENJAMÍN HILL,30.172671,-111.102015,SIN CONEXION,0.26,"30.17355, -111.09948",0,NIVEL 3 (ALTO),,,,
2697,ESCUELAS,12 DE OCTUBRE,SAN IGNACIO RIO MUERTO,PUEBLO NUEVO (LA CUCHILLA),27.46425,-110.184095,CONECTADA,0.94,"27.464592, -110.193606",0,NIVEL 2 (MEDIO),,,,
2701,ESCUELAS,ARTEMISA CORDOVA DE MORENO,SAN PEDRO DE LA CUEVA,SAN PEDRO DE LA CUEVA,29.288777,-109.746859,CONECTADA,0.28,"29.288686, -109.743956",0,NIVEL 2 (MEDIO),,,,
2705,ESCUELAS,TELESECUNDARIA 217,SAN IGNACIO RIO MUERTO,LA DEMOCRACIA,27.288333,-110.205556,CONECTADA,3.79,"27.305907, -110.172749",1,NIVEL 1 (BAJO),,,,
2706,ESCUELAS,TELESECUNDARIA 228,SAN IGNACIO RIO MUERTO,EL POLVORON,27.371111,-110.218056,CONECTADA,0.72,"27.370639, -110.210761",1,NIVEL 1 (BAJO),,,,
2707,ESCUELAS,TELESECUNDARIA 280,SAN IGNACIO RIO MUERTO,EL BATEVE,27.275833,-110.261389,CONECTADA,4.35,"27.243481, -110.236694",1,NIVEL 1 (BAJO),,,,
2708,ESCUELAS,TELESECUNDARIA 316,SAN IGNACIO RIO MUERTO,BACHOMOBAMPO,27.299722,-110.235833,CONECTADA,6.25,"27.243481, -110.236694",1,NIVEL 1 (BAJO),,,,
2709,ESCUELAS,TELESECUNDARIA 317,SAN IGNACIO RIO MUERTO,TETABIATE,27.445925,-110.321948,SIN CONEXION,0.27,"27.446833, -110.324444",0,NIVEL 3 (ALTO),,,,
2713,ESCUELAS,GLORIA CECILIA AYON OBREGON,SAN LUIS RIO COLORADO,EL BARROTE,32.352521,-114.922531,SIN CONEXION,9.01,"32.27571468, -114.89202642",0,NIVEL 3 (ALTO),,,,
2714,ESCUELAS,LUIS DONALDO COLOSIO MURRIETA,SAN LUIS RIO COLORADO,SAN LUIS RIO COLORADO,32.458617,-114.816014,CONECTADA,0.89,"32.46642, -114.8182",0,NIVEL 2 (MEDIO),,,,
2716,ESCUELAS,SECUNDARIA GENERAL NUM. 3,SAN LUIS RIO COLORADO,SAN LUIS RIO COLORADO,32.462549,-114.736435,CONECTADA,0.92,"32.46657778, -114.727925",0,NIVEL 2 (MEDIO),,,,
2717,ESCUELAS,SECUNDARIA GENERAL NUM. 4,SAN LUIS RIO COLORADO,SAN LUIS RIO COLORADO,32.476667,-114.7625,CONECTADA,1.58,"32.47933611, -114.7790444",0,NIVEL 2 (MEDIO),,,,
2718,ESCUELAS,ANTONIO LORENZO DE LAVOISIER,SAN LUIS RIO COLORADO,INGENIERO LUIS B. SANCHEZ,32.203809,-114.999679,CONECTADA,1.03,"32.20119, -114.98914",1,NIVEL 1 (BAJO),,,,
2719,ESCUELAS,PEQUENO MUNDO,SAN LUIS RIO COLORADO,INDEPENDENCIA,32.252222,-114.926667,CONECTADA,4.18,"32.27571468, -114.89202642",1,NIVEL 1 (BAJO),,,,
2720,ESCUELAS,24 DE FEBRERO,SAN LUIS RIO COLORADO,SAN LUIS RIO COLORADO,32.468148,-114.818851,SIN CONEXION,0.2,"32.46642, -114.8182",0,NIVEL 3 (ALTO),,,,
2721,ESCUELAS,MEXICO,SAN LUIS RIO COLORADO,SAN LUIS RIO COLORADO,32.459451,-114.804146,CONECTADA,1.53,"32.46642, -114.8182",1,NIVEL 1 (BAJO),,,,
2722,ESCUELAS,DOMINGO CARBALLO FELIX,SAN LUIS RIO COLORADO,NUEVO MICHOACAN (ESTACION RIITO),32.166111,-114.961667,SIN CONEXION,4.68,"32.20119, -114.98914",0,NIVEL 3 (ALTO),,,,
2723,ESCUELAS,PRIMERO DE JUNIO,SAN LUIS RIO COLORADO,GOLFO DE SANTA CLARA,31.686599,-114.498198,CONECTADA,0.23,"31.68750815, -114.50041433",0,NIVEL 2 (MEDIO),,,,
2724,ESCUELAS,JOSEFA ORTIZ DE DOMINGUEZ,SAN LUIS RIO COLORADO,SAN LUIS RIO COLORADO,32.464885,-114.735975,CONECTADA,0.78,"32.46657778, -114.727925",1,NIVEL 1 (BAJO),,,,
2725,ESCUELAS,ALBORADA,SAN LUIS RIO COLORADO,SAN LUIS RIO COLORADO,32.443882,-114.786171,CONECTADA,1.4,"32.455202, -114.779741",1,NIVEL 1 (BAJO),,,,
2727,ESCUELAS,18 DE MARZO,SAN LUIS RIO COLORADO,SAN LUIS RIO COLORADO,32.466814,-114.748153,CONECTADA,1.15,"32.456613, -114.746291",1,NIVEL 1 (BAJO),,,,
2728,ESCUELAS,TAMAULIPAS,SAN LUIS RIO COLORADO,SAN LUIS RIO COLORADO,32.457067,-114.7581,CONECTADA,0.88,"32.45172232, -114.751234",1,NIVEL 1 (BAJO),,,,
2729,ESCUELAS,30 DE ABRIL,SAN LUIS RIO COLORADO,SAN LUIS RIO COLORADO,32.480507,-114.786014,CONECTADA,0.61,"32.475552, -114.783231",1,NIVEL 1 (BAJO),,,,
2730,ESCUELAS,JARDIN DE NI¤OS NUEVA CREACION,SAN LUIS RIO COLORADO,LA GRULLITA,32.4122778,-114.841944,SIN CONEXION,4.38,"32.44079, -114.80972",0,NIVEL 3 (ALTO),,,,
2731,ESCUELAS,ABELARDO L. RODRIGUEZ,SAN LUIS RIO COLORADO,SAN LUIS RIO COLORADO,32.452455,-114.79643,CONECTADA,1.6,"32.455202, -114.779741",0,NIVEL 2 (MEDIO),,,,
2732,ESCUELAS,JUANA DE ARCO,SAN LUIS RIO COLORADO,SAN LUIS RIO COLORADO,32.449866,-114.770197,CONECTADA,0.49,"32.445916, -114.767875",1,NIVEL 1 (BAJO),,,,
2733,ESCUELAS,CLUB ROTARIO,SAN LUIS RIO COLORADO,SAN LUIS RIO COLORADO,32.452054,-114.753847,SIN CONEXION,0.25,"32.45172232, -114.751234",0,NIVEL 3 (ALTO),,,,
2734,ESCUELAS,SONORA,SAN LUIS RIO COLORADO,SAN LUIS RIO COLORADO,32.453565,-114.806991,SIN CONEXION,1.44,"32.44079, -114.80972",0,NIVEL 3 (ALTO),,,,
2735,ESCUELAS,CLUB ACTIVO 20-30,SAN LUIS RIO COLORADO,SAN LUIS RIO COLORADO,32.47435,-114.768487,CONECTADA,1.13,"32.47933611, -114.7790444",1,NIVEL 1 (BAJO),,,,
2736,ESCUELAS,MOISES SAENZ,SAN LUIS RIO COLORADO,SAN LUIS RIO COLORADO,32.448384,-114.803832,SIN CONEXION,1.01,"32.44079, -114.80972",0,NIVEL 3 (ALTO),,,,
2737,ESCUELAS,PABLO MONTESINOS,SAN LUIS RIO COLORADO,SAN LUIS RIO COLORADO,32.435406,-114.772863,CONECTADA,0.99,"32.427675, -114.778164",1,NIVEL 1 (BAJO),,,,
2738,ESCUELAS,VICENTE GUERRERO,SAN LUIS RIO COLORADO,SAN LUIS RIO COLORADO,32.463417,-114.77659,CONECTADA,0.96,"32.455202, -114.779741",1,NIVEL 1 (BAJO),,,,
2739,ESCUELAS,PLAN DE IGUALA,SAN LUIS RIO COLORADO,LAGUNITAS,32.320556,-114.898056,SIN CONEXION,5.02,"32.27571468, -114.89202642",0,NIVEL 3 (ALTO),,,,
2740,ESCUELAS,FERNANDO DE MAGALLANES,SAN LUIS RIO COLORADO,ISLITA,32.380278,-114.871111,CONECTADA,8.86,"32.44079, -114.80972",1,NIVEL 1 (BAJO),,,,
2741,ESCUELAS,BAJA CALIFORNIA,SAN LUIS RIO COLORADO,SAN LUIS RIO COLORADO,32.462112,-114.796714,SIN CONEXION,1.73,"32.473614, -114.784344",0,NIVEL 3 (ALTO),,,,
2743,ESCUELAS,ALBITA ZARAGOZA DE OCAÑA,SAN LUIS RIO COLORADO,SAN LUIS RIO COLORADO,32.467201,-114.787889,SIN CONEXION,0.79,"32.473614, -114.784344",0,NIVEL 3 (ALTO),,,,
2744,ESCUELAS,EL PARAISO DEL SABER,SAN LUIS RIO COLORADO,SAN LUIS RIO COLORADO,32.435859,-114.800701,SIN CONEXION,1.01,"32.44079, -114.80972",0,NIVEL 3 (ALTO),,,,
2745,ESCUELAS,CLUB DE LEONES II,SAN LUIS RIO COLORADO,SAN LUIS RIO COLORADO,32.436031,-114.748794,SIN CONEXION,1.56,"32.450023, -114.75052",0,NIVEL 3 (ALTO),,,,
2746,ESCUELAS,21 DE ABRIL,SAN LUIS RIO COLORADO,SAN LUIS RIO COLORADO,32.42997,-114.766416,CONECTADA,1.13,"32.427675, -114.778164",1,NIVEL 1 (BAJO),,,,
2747,ESCUELAS,LEONOR MEDINA Y RIVERA DEL CASTILLO,SAN LUIS RIO COLORADO,SAN LUIS RIO COLORADO,32.443041,-114.807684,SIN CONEXION,0.31,"32.44079, -114.80972",0,NIVEL 3 (ALTO),,,,
2748,ESCUELAS,AZTECA,SAN LUIS RIO COLORADO,LA GRULLITA,32.412778,-114.841944,SIN CONEXION,4.34,"32.44079, -114.80972",0,NIVEL 3 (ALTO),,,,
2749,ESCUELAS,PATRICIA ISABEL FLAMAND GONZALEZ,SAN LUIS RIO COLORADO,SAN LUIS RIO COLORADO,32.424964,-114.784223,CONECTADA,0.64,"32.427675, -114.778164",1,NIVEL 1 (BAJO),,,,
2750,ESCUELAS,LOS OLIVOS,SAN LUIS RIO COLORADO,INGENIERO LUIS B. SANCHEZ,32.206314,-115.006461,CONECTADA,1.73,"32.20119, -114.98914",1,NIVEL 1 (BAJO),,,,
2751,ESCUELAS,MANUEL CERVANTES IMAZ,SAN LUIS RIO COLORADO,SAN LUIS RIO COLORADO,32.428968,-114.745363,CONECTADA,1.18,"32.418469, -114.747258",1,NIVEL 1 (BAJO),,,,
2753,ESCUELAS,30 DE ENERO,SAN LUIS RIO COLORADO,SAN LUIS RIO COLORADO,32.476667,-114.7625,SIN CONEXION,1.58,"32.47933611, -114.7790444",0,NIVEL 3 (ALTO),,,,
2754,ESCUELAS,VIVA SOLIDARIDAD,SAN LUIS RIO COLORADO,SAN LUIS RIO COLORADO,32.405707,-114.750253,SIN CONEXION,1.45,"32.418469, -114.747258",0,NIVEL 3 (ALTO),,,,
2755,ESCUELAS,ESCUELA SECUNDARIA TECNICA NUM. 21,PUERTO PEÑASCO,PUERTO PEÑASCO,31.337652,-113.488776,CONECTADA,3.93,"31.33396389, -113.52995",1,NIVEL 1 (BAJO),,,,
2756,ESCUELAS,MARIA LILIA CEBALLOS CORRAL,HERMOSILLO,HERMOSILLO,29.006228,-110.980215,CONECTADA,4.35,"29.008651, -110.935527",1,NIVEL 1 (BAJO),,,,
2757,ESCUELAS,ESCUELA SECUNDARIA NUEVA CREACION,HERMOSILLO,HERMOSILLO,29.1366,-111.0495,SIN CONEXION,4.47,"29.151882, -111.006934",0,NIVEL 3 (ALTO),,,,
2758,ESCUELAS,HORTENSIA GARCIA LOZANO,EMPALME,CRUZ DE PIEDRA,27.950833,-110.675833,SIN CONEXION,11.41,"27.959147, -110.79165",0,NIVEL 3 (ALTO),,,,
2759,ESCUELAS,20 DE NOVIEMBRE,SAN LUIS RIO COLORADO,SAN LUIS RIO COLORADO,32.436622,-114.817947,CONECTADA,0.9,"32.44079, -114.80972",0,NIVEL 2 (MEDIO),,,,
2760,ESCUELAS,FRANCISCO SARABIA,SAN LUIS RIO COLORADO,SAN LUIS RIO COLORADO,32.451379,-114.799347,CONECTADA,1.53,"32.44079, -114.80972",0,NIVEL 2 (MEDIO),,,,
2761,ESCUELAS,IGNACIO ZARAGOZA,SAN LUIS RIO COLORADO,SAN LUIS RIO COLORADO,32.442556,-114.786885,CONECTADA,1.56,"32.455202, -114.779741",0,NIVEL 2 (MEDIO),,,,
2762,ESCUELAS,JUAN ESCUTIA,SAN LUIS RIO COLORADO,SAN LUIS RIO COLORADO,32.451902,-114.740084,CONECTADA,0.67,"32.456246, -114.745002",0,NIVEL 2 (MEDIO),,,,
2763,ESCUELAS,GUADALUPE VICTORIA,SAN LUIS RIO COLORADO,EL FRONTERIZO,32.276001,-114.895702,SIN CONEXION,0.35,"32.27571468, -114.89202642",0,NIVEL 3 (ALTO),,,,
2764,ESCUELAS,CLUB DE LEONES 1,SAN LUIS RIO COLORADO,SAN LUIS RIO COLORADO,32.46191,-114.780091,CONECTADA,0.75,"32.455202, -114.779741",1,NIVEL 1 (BAJO),,,,
2765,ESCUELAS,PROFA. EVA S DE LOPEZ MATEOS,SAN LUIS RIO COLORADO,SAN LUIS RIO COLORADO,32.465176,-114.786469,CONECTADA,0.96,"32.473614, -114.784344",0,NIVEL 2 (MEDIO),,,,
2766,ESCUELAS,LIC. LUIS ENCINAS J,SAN LUIS RIO COLORADO,SAN LUIS RIO COLORADO,32.473859,-114.757432,CONECTADA,2.12,"32.47933611, -114.7790444",1,NIVEL 1 (BAJO),,,,
2767,ESCUELAS,CUAUHTEMOC,SAN LUIS RIO COLORADO,SAN LUIS RIO COLORADO,32.480514,-114.785899,SIN CONEXION,0.61,"32.475552, -114.783231",0,NIVEL 3 (ALTO),,,,
2768,ESCUELAS,EMILIANO ZAPATA,SAN LUIS RIO COLORADO,SAN LUIS RIO COLORADO,32.455243,-114.769505,CONECTADA,0.96,"32.455202, -114.779741",0,NIVEL 2 (MEDIO),,,,
2769,ESCUELAS,LIC. ADOLFO LOPEZ MATEOS,SAN LUIS RIO COLORADO,SAN LUIS RIO COLORADO,32.461257,-114.806491,CONECTADA,1.24,"32.46642, -114.8182",0,NIVEL 2 (MEDIO),,,,
2770,ESCUELAS,JESUS GARCIA,SAN LUIS RIO COLORADO,SAN LUIS RIO COLORADO,32.46334,-114.822513,SIN CONEXION,0.53,"32.46642, -114.8182",0,NIVEL 3 (ALTO),,,,
2771,ESCUELAS,NARCISO MENDOZA,SAN LUIS RIO COLORADO,LAGUNITAS,32.320556,-114.898056,SIN CONEXION,5.02,"32.27571468, -114.89202642",0,NIVEL 3 (ALTO),,,,
2772,ESCUELAS,LEON GARCIA,SAN LUIS RIO COLORADO,POZAS DE ARVIZU (LA RESERVA),32.377778,-114.904167,CONECTADA,11.3,"32.44079, -114.80972",1,NIVEL 1 (BAJO),,,,
2773,ESCUELAS,6 DE ABRIL,SAN LUIS RIO COLORADO,NUEVO LEON,32.294444,-115.004167,CONECTADA,10.47,"32.20119, -114.98914",1,NIVEL 1 (BAJO),,,,
2775,ESCUELAS,DR. JAIME TORRES BODET,SAN LUIS RIO COLORADO,SAN LUIS RIO COLORADO,32.452385,-114.807336,CONECTADA,1.31,"32.44079, -114.80972",0,NIVEL 2 (MEDIO),,,,
2776,ESCUELAS,TOPAHUE,SAN LUIS RIO COLORADO,LA GRULLITA,32.41941,-114.79401,CONECTADA,1.75,"32.427675, -114.778164",0,NIVEL 2 (MEDIO),,,,
2777,ESCUELAS,MIGUEL HIDALGO Y COSTILLA,SAN LUIS RIO COLORADO,GOLFO DE SANTA CLARA,31.686817,-114.49902,CONECTADA,0.15,"31.68750815, -114.50041433",0,NIVEL 2 (MEDIO),,,,
2778,ESCUELAS,BENITO JUAREZ,SAN LUIS RIO COLORADO,SAN LUIS RIO COLORADO,32.467301,-114.72651,CONECTADA,0.16,"32.46657778, -114.727925",0,NIVEL 2 (MEDIO),,,,
2779,ESCUELAS,PROF. GRACIANO SANCHEZ ROMO,SAN LUIS RIO COLORADO,SAN LUIS RIO COLORADO,32.448544,-114.768359,CONECTADA,0.3,"32.445916, -114.767875",0,NIVEL 2 (MEDIO),,,,
2780,ESCUELAS,LAZARO CARDENAS DEL RIO,SAN LUIS RIO COLORADO,MESA RICA,32.131944,-114.923611,SIN CONEXION,9.87,"32.20119, -114.98914",0,NIVEL 3 (ALTO),,,,
2781,ESCUELAS,GENERAL LAZARO CARDENAS,SAN LUIS RIO COLORADO,SAN LUIS RIO COLORADO,32.465075,-114.743988,CONECTADA,0.97,"32.456613, -114.746291",0,NIVEL 2 (MEDIO),,,,
2782,ESCUELAS,HIMNO NACIONAL,SAN LUIS RIO COLORADO,SAN LUIS RIO COLORADO,32.452236,-114.753613,CONECTADA,0.23,"32.45172232, -114.751234",0,NIVEL 2 (MEDIO),,,,
2783,ESCUELAS,JOSE VASCONCELOS,SAN LUIS RIO COLORADO,SAN LUIS RIO COLORADO,32.43077,-114.764982,CONECTADA,1.28,"32.427675, -114.778164",0,NIVEL 2 (MEDIO),,,,
2785,ESCUELAS,LUIS JASHIMOTO ENRIQUEZ,SAN LUIS RIO COLORADO,RIO NORTE,32.266994,-114.951228,CONECTADA,5.65,"32.27571468, -114.89202642",1,NIVEL 1 (BAJO),,,,
2786,ESCUELAS,AURELIO RENTERIA FLORES,SAN LUIS RIO COLORADO,SAN LUIS RIO COLORADO,32.430049,-114.742855,CONECTADA,1.35,"32.418469, -114.747258",0,NIVEL 2 (MEDIO),,,,
2835,ESCUELAS,TOHUI,SAN PEDRO DE LA CUEVA,SAN PEDRO DE LA CUEVA,29.287421,-109.737473,SIN CONEXION,0.64,"29.288686, -109.743956",0,NIVEL 3 (ALTO),,,,
2787,ESCUELAS,DANIEL OLMEDO CORNEJO,SAN LUIS RIO COLORADO,SAN LUIS RIO COLORADO,32.429236,-114.746552,CONECTADA,1.2,"32.418469, -114.747258",1,NIVEL 1 (BAJO),,,,
2789,ESCUELAS,LORENZO CHAN BE,SAN LUIS RIO COLORADO,SAN LUIS RIO COLORADO,32.45348,-114.72276,CONECTADA,1.02,"32.44666667, -114.73",0,NIVEL 2 (MEDIO),,,,
2790,ESCUELAS,RAUL RIVERA COTA,SANTA CRUZ,SANTA CRUZ,31.237559,-110.596229,CONECTADA,0.05,"31.237444, -110.595678",0,NIVEL 2 (MEDIO),,,,
2791,ESCUELAS,OLGA HAYDEE FLORES VELASQUEZ,MAGDALENA,SAN IGNACIO,30.695,-110.921944,CONECTADA,2.79,"30.67032222, -110.9166611",1,NIVEL 1 (BAJO),,,,
2792,ESCUELAS,PROF. ALBERTO GUTIERREZ,HERMOSILLO,MESA DEL SERI,29.11,-110.836111,CONECTADA,10.74,"29.196339, -110.7865361",0,NIVEL 2 (MEDIO),,,,
2793,ESCUELAS,MARIA TERESA HINOJOSA DE OCHOA,HERMOSILLO,LA VICTORIA,29.122222,-110.889167,CONECTADA,7.97,"29.06939286, -110.944628",0,NIVEL 2 (MEDIO),,,,
2788,ESCUELAS,VICENTE GUERRERO,SANTA ANA,SANTA MARTHA,30.579911,-111.107778,CONECTADA,4.16,"30.544389, -111.121275",0,NIVEL 2 (MEDIO),,,,
2795,ESCUELAS,JOSE PABLO MACIAS CASTRO,HUATABAMPO,AGIABAMPO UNO,26.366389,-109.145556,SIN CONEXION,13.28,"26.427719, -109.031198",0,NIVEL 3 (ALTO),,,,
2796,ESCUELAS,MARIA DEL SOCORRO REYES PARRA,BENITO JUAREZ,PAREDONCITO,27.056944,-109.912778,SIN CONEXION,2.47,"27.079185, -109.913514",0,NIVEL 3 (ALTO),,,,
2797,ESCUELAS,JOSE OLIVERIO RODRIGUEZ MURRIETA,EMPALME,SAN FERNANDO DE GUAYMAS,27.97,-110.710833,CONECTADA,8.03,"27.959147, -110.79165",1,NIVEL 1 (BAJO),,,,
2798,ESCUELAS,MARIA ACEDO DE MADRID,SAN LUIS RIO COLORADO,SAN LUIS RIO COLORADO,32.474114,-114.774786,CONECTADA,0.7,"32.47933611, -114.7790444",1,NIVEL 1 (BAJO),,,,
2799,ESCUELAS,PROF. MIGUEL CAZAREZ DAMIAN,SAN LUIS RIO COLORADO,SAN LUIS RIO COLORADO,32.468401,-114.806846,CONECTADA,1.09,"32.46642, -114.8182",0,NIVEL 2 (MEDIO),,,,
2800,ESCUELAS,PROFA. ESTHER QUIJADA DOMINGUEZ,SAN LUIS RIO COLORADO,SAN LUIS RIO COLORADO,32.468103,-114.7726,CONECTADA,1.26,"32.473614, -114.784344",0,NIVEL 2 (MEDIO),,,,
2801,ESCUELAS,JOSEFA ORTIZ DE DOMINGUEZ,SAN LUIS RIO COLORADO,SAN LUIS RIO COLORADO,32.465097,-114.766293,CONECTADA,1.67,"32.455202, -114.779741",0,NIVEL 2 (MEDIO),,,,
2802,ESCUELAS,LUIS G CANO,SAN LUIS RIO COLORADO,SAN LUIS RIO COLORADO,32.470087,-114.774045,CONECTADA,1.04,"32.473614, -114.784344",0,NIVEL 2 (MEDIO),,,,
2803,ESCUELAS,ABELARDO L. RODRIGUEZ,SAN LUIS RIO COLORADO,SAN LUIS RIO COLORADO,32.478926,-114.781567,CONECTADA,0.24,"32.47933611, -114.7790444",0,NIVEL 2 (MEDIO),,,,
2804,ESCUELAS,PROF. FELIX SORIA,SAN LUIS RIO COLORADO,SAN LUIS RIO COLORADO,32.476876,-114.772498,CONECTADA,0.67,"32.47933611, -114.7790444",1,NIVEL 1 (BAJO),,,,
2805,ESCUELAS,JOSEFA ORTIZ DE DOMINGUEZ,SAN LUIS RIO COLORADO,LA GRULLITA,32.412778,-114.841944,SIN CONEXION,4.34,"32.44079, -114.80972",0,NIVEL 3 (ALTO),,,,
2836,ESCUELAS,NIÑOS HEROES,SAN PEDRO DE LA CUEVA,SAN JOSE DE BATUC (BATUQUITO),29.213333,-109.753611,SIN CONEXION,8.43,"29.288686, -109.743956",0,NIVEL 3 (ALTO),,,,
2806,ESCUELAS,MIGUEL HIDALGO,SAN LUIS RIO COLORADO,INDEPENDENCIA,32.252222,-114.926667,CONECTADA,4.18,"32.27571468, -114.89202642",0,NIVEL 2 (MEDIO),,,,
2807,ESCUELAS,LAZARO CARDENAS,SAN LUIS RIO COLORADO,ISLITA,32.380278,-114.871111,CONECTADA,8.86,"32.44079, -114.80972",1,NIVEL 1 (BAJO),,,,
2808,ESCUELAS,HERIBERTO R SILVA,SAN LUIS RIO COLORADO,INGENIERO LUIS B. SANCHEZ,32.200966,-114.998327,CONECTADA,0.86,"32.20119, -114.98914",0,NIVEL 2 (MEDIO),,,,
2809,ESCUELAS,BENITO JUAREZ,SAN LUIS RIO COLORADO,MONUMENTOS,32.45,-114.873611,CONECTADA,5.51,"32.46642, -114.8182",1,NIVEL 1 (BAJO),,,,
2810,ESCUELAS,SOLIDARIDAD,SAN LUIS RIO COLORADO,SAN LUIS RIO COLORADO,32.462808,-114.727412,CONECTADA,0.42,"32.46657778, -114.727925",0,NIVEL 2 (MEDIO),,,,
2811,ESCUELAS,PEDRO BRAU DANIEL,SAN LUIS RIO COLORADO,EL BARROTE,32.352521,-114.922531,CONECTADA,9.01,"32.27571468, -114.89202642",1,NIVEL 1 (BAJO),,,,
2812,ESCUELAS,FRANCISCO CELAYA VINDIOLA,SAN LUIS RIO COLORADO,NUEVO MICHOACAN (ESTACION RIITO),32.166111,-114.961667,SIN CONEXION,4.68,"32.20119, -114.98914",0,NIVEL 3 (ALTO),,,,
2813,ESCUELAS,GENERAL VICENTE GUERRERO,SAN LUIS RIO COLORADO,SAN LUIS RIO COLORADO,32.467388,-114.755114,CONECTADA,1.46,"32.456613, -114.746291",0,NIVEL 2 (MEDIO),,,,
2814,ESCUELAS,MA. MERCEDES ANDRADE,SAN LUIS RIO COLORADO,SAN LUIS RIO COLORADO,32.459539,-114.78689,CONECTADA,0.83,"32.455202, -114.779741",0,NIVEL 2 (MEDIO),,,,
2837,ESCUELAS,VICENTE GUERRERO,SAN PEDRO DE LA CUEVA,NUEVO TEPUPA,29.176111,-109.7525,SIN CONEXION,12.55,"29.288686, -109.743956",0,NIVEL 3 (ALTO),,,,
2815,ESCUELAS,PROFA. ROSAURA RIVERA DE LOPEZ,SAN LUIS RIO COLORADO,SAN LUIS RIO COLORADO,32.444127,-114.737855,CONECTADA,0.79,"32.44666667, -114.73",0,NIVEL 2 (MEDIO),,,,
2817,ESCUELAS,PROF. ROSARIO GARCIA GRIJALVA,SAN LUIS RIO COLORADO,SAN LUIS RIO COLORADO,32.454018,-114.786853,SIN CONEXION,0.68,"32.455202, -114.779741",0,NIVEL 3 (ALTO),,,,
2819,ESCUELAS,SIGIFREDO VALENZUELA PORTILLO,CAJEME,LOMA DE GUAMUCHIL,27.609722,-109.986667,CONECTADA,6.6,"27.56626, -109.9411",0,NIVEL 2 (MEDIO),,,,
2822,ESCUELAS,FRANCISCA MERCEDES MADRID DURAZO,SAN MIGUEL DE HORCASITAS,PESQUEIRA,29.37756,-110.902019,SIN CONEXION,12.3,"29.27303, -110.94341",0,NIVEL 3 (ALTO),,,,
2823,ESCUELAS,LIBERTADOR DE LAS AMERICAS,SAN MIGUEL DE HORCASITAS,SAN MIGUEL DE HORCASITAS,29.487937,-110.725345,SIN CONEXION,0.08,"29.487305, -110.725787",0,NIVEL 3 (ALTO),,,,
2824,ESCUELAS,ALEXANDER FLEMING,SAN MIGUEL DE HORCASITAS,PESQUEIRA,29.377889,-110.899991,SIN CONEXION,12.4,"29.27303, -110.94341",0,NIVEL 3 (ALTO),,,,
2832,ESCUELAS,TELESECUNDARIA 60,SAN MIGUEL DE HORCASITAS,SAN MIGUEL DE HORCASITAS,29.484385,-110.726202,CONECTADA,0.33,"29.487305, -110.725787",0,NIVEL 2 (MEDIO),,,,
2826,ESCUELAS,GENERAL FRANCISCO CONTRERAS BALLESTEROS,SAN MIGUEL DE HORCASITAS,EL TORREON,29.378611,-110.813889,SIN CONEXION,7.49,"29.345094, -110.746816",0,NIVEL 3 (ALTO),,,,
2827,ESCUELAS,MARTIRES DE CANANEA,SAN MIGUEL DE HORCASITAS,LOS ANGELES (LA FABRICA DE LOS ANGELES),29.445556,-110.755556,SIN CONEXION,5.46,"29.487305, -110.725787",0,NIVEL 3 (ALTO),,,,
2829,ESCUELAS,LIC. BENITO JUAREZ GARCIA,SAN MIGUEL DE HORCASITAS,SAN MIGUEL DE HORCASITAS,29.488211,-110.725881,SIN CONEXION,0.1,"29.487305, -110.725787",0,NIVEL 3 (ALTO),,,,
2830,ESCUELAS,PRIMERO DE MAYO,SAN MIGUEL DE HORCASITAS,PESQUEIRA,29.378486,-110.896151,CONECTADA,12.59,"29.27303, -110.94341",0,NIVEL 2 (MEDIO),,,,
2831,ESCUELAS,BENEMERITO DE LAS AMERICAS,SAN MIGUEL DE HORCASITAS,PESQUEIRA,29.377638,-110.900389,CONECTADA,12.36,"29.27303, -110.94341",0,NIVEL 2 (MEDIO),,,,
2833,ESCUELAS,TELESECUNDARIA 61,SAN MIGUEL DE HORCASITAS,PESQUEIRA,29.379594,-110.903487,CONECTADA,12.47,"29.27303, -110.94341",0,NIVEL 2 (MEDIO),,,,
2838,ESCUELAS,FELIX ROMERO,SAN PEDRO DE LA CUEVA,SAN PEDRO DE LA CUEVA,29.287901,-109.739583,CONECTADA,0.43,"29.288686, -109.743956",0,NIVEL 2 (MEDIO),,,,
2840,ESCUELAS,PROF. ALFONSO MARIN RETIFF,SANTA ANA,SANTA ANA,30.544573,-111.123455,CONECTADA,0.21,"30.544389, -111.121275",0,NIVEL 2 (MEDIO),,,,
2841,ESCUELAS,21 DE MARZO,SANTA ANA,SANTA ANA,30.542558,-111.124663,SIN CONEXION,0.3,"30.54169, -111.12766",0,NIVEL 3 (ALTO),,,,
2842,ESCUELAS,PATRIA,SANTA ANA,SANTA ANA,30.542965,-111.113328,SIN CONEXION,0.09,"30.54224722, -111.1137528",0,NIVEL 3 (ALTO),,,,
2843,ESCUELAS,REAL DE MINAS,SANTA ANA,SANTA ANA,30.539065,-111.118779,SIN CONEXION,0.6,"30.54224722, -111.1137528",0,NIVEL 3 (ALTO),,,,
2844,ESCUELAS,JAIME NUNO,SANTA ANA,ESTACION LLANO,30.361667,-111.104444,SIN CONEXION,13.74,"30.45145, -111.20288",0,NIVEL 3 (ALTO),,,,
2845,ESCUELAS,YOLANDA SILVA GALLEGO,SANTA ANA,EL CLARO,30.451389,-111.203056,SIN CONEXION,0.02,"30.45145, -111.20288",0,NIVEL 3 (ALTO),,,,
2846,ESCUELAS,ALFONSO MARIN RETIFF,SANTA ANA,SANTA RITA,30.438056,-111.223333,CONECTADA,2.46,"30.45145, -111.20288",0,NIVEL 2 (MEDIO),,,,
2847,ESCUELAS,AIDA JOSEFINA NIEBLA GOMEZ,SANTA ANA,SANTA ANA VIEJO,30.546944,-111.138333,CONECTADA,1.18,"30.54169, -111.12766",0,NIVEL 2 (MEDIO),,,,
2839,ESCUELAS,MARTIN ADOLFO CALLES VILLEGAS,GUAYMAS,GUASIMAS (DE BELEM),27.885833,-110.581667,CONECTADA,20.65,"28.069167, -110.548444",0,NIVEL 2 (MEDIO),,,,
2850,ESCUELAS,13 DE JULIO,SANTA ANA,EL CLARO,30.451389,-111.203056,SIN CONEXION,0.02,"30.45145, -111.20288",0,NIVEL 3 (ALTO),,,,
2851,ESCUELAS,VICENTE GUERRERO,SANTA ANA,SANTA RITA,30.438056,-111.223333,CONECTADA,2.46,"30.45145, -111.20288",0,NIVEL 2 (MEDIO),,,,
2852,ESCUELAS,NIÑOS HEROES,SANTA ANA,SANTA ANA,30.538983,-111.116082,CONECTADA,0.43,"30.54224722, -111.1137528",0,NIVEL 2 (MEDIO),,,,
2853,ESCUELAS,FRANCISCO GONZALEZ BOCANEGRA,SANTA ANA,SANTA ANA,30.540088,-111.108524,CONECTADA,0.56,"30.54224722, -111.1137528",0,NIVEL 2 (MEDIO),,,,
2854,ESCUELAS,CARLOS ENCINAS CORRALES,SANTA ANA,SANTA ANA,30.538983,-111.116082,SIN CONEXION,0.43,"30.54224722, -111.1137528",0,NIVEL 3 (ALTO),,,,
2855,ESCUELAS,CONCEPCION AGUIRRE GALVEZ,SANTA ANA,SANTA ANA,30.531511,-111.123385,SIN CONEXION,1.2,"30.54169, -111.12766",0,NIVEL 3 (ALTO),,,,
2856,ESCUELAS,GENERAL SALVADOR ALVARADO,SANTA ANA,SANTA ANA,30.544513,-111.121318,CONECTADA,0.01,"30.544389, -111.121275",0,NIVEL 2 (MEDIO),,,,
2857,ESCUELAS,DIEGO A MORENO,SANTA ANA,SANTA ANA,30.544321,-111.121349,CONECTADA,0.01,"30.544389, -111.121275",0,NIVEL 2 (MEDIO),,,,
2858,ESCUELAS,HERMANAS VALENCIA,SANTA ANA,SANTA ANA,30.541099,-111.125632,CONECTADA,0.21,"30.54169, -111.12766",0,NIVEL 2 (MEDIO),,,,
2860,ESCUELAS,PROFR. COSME ROSAS VALENZUELA,SANTA ANA,LA POLVADERA,30.5425,-111.121389,CONECTADA,0.2,"30.544323, -111.121223",0,NIVEL 2 (MEDIO),,,,
2861,ESCUELAS,GABRIELA MARTINEZ VILLANUEVA,EMPALME,LA PALMA,28.050278,-110.701111,CONECTADA,5.33,"28.075694, -110.747167",1,NIVEL 1 (BAJO),,,,
2863,ESCUELAS,CAROLINA ZEPEDA MONTOYA,SANTA CRUZ,MIGUEL HIDALGO (SAN LAZARO),31.145556,-110.641389,SIN CONEXION,11.1,"31.237444, -110.595678",0,NIVEL 3 (ALTO),,,,
2864,ESCUELAS,JOSE ANGEL HURTADO ACUÑA,HERMOSILLO,SAN PEDRO O EL SAUCITO (SAN PEDRO EL SAUCITO),29.174393,-110.881263,CONECTADA,9.51,"29.196339, -110.7865361",0,NIVEL 2 (MEDIO),,,,
2865,ESCUELAS,MIGUEL HIDALGO,SANTA CRUZ,MIGUEL HIDALGO (SAN LAZARO),31.145556,-110.641389,SIN CONEXION,11.1,"31.237444, -110.595678",0,NIVEL 3 (ALTO),,,,
2866,ESCUELAS,LUIS MORENO BUSTAMANTE,SAN LUIS RIO COLORADO,GOLFO DE SANTA CLARA,31.688063,-114.498449,CONECTADA,0.2,"31.68750815, -114.50041433",0,NIVEL 2 (MEDIO),,,,
2867,ESCUELAS,MARIA JESUS NORIEGA TORRES,HERMOSILLO,MIGUEL ALEMAN (LA DOCE),28.846,-111.5044,CONECTADA,1.46,"28.84294167, -111.4898444",0,NIVEL 2 (MEDIO),,,,
2868,ESCUELAS,FRANCISCA RUIZ CORDOVA,SANTA CRUZ,SANTA CRUZ,31.230722,-110.596385,SIN CONEXION,0.75,"31.237444, -110.595678",0,NIVEL 3 (ALTO),,,,
2869,ESCUELAS,IGNACIO ZARAGOZA,SANTA CRUZ,SANTA CRUZ,31.228846,-110.595812,CONECTADA,0.96,"31.237444, -110.595678",0,NIVEL 2 (MEDIO),,,,
2870,ESCUELAS,MARIA DEL SOCORRO MORENO FELIX,HERMOSILLO,ALEJANDRO CARRILLO MARCOR,28.913889,-111.334167,SIN CONEXION,8.1,"28.85721389, -111.3863694",0,NIVEL 3 (ALTO),,,,
2872,ESCUELAS,SASABE,SARIC,SASABE,31.471944,-111.544167,SIN CONEXION,0.06,"31.47169, -111.54471",0,NIVEL 3 (ALTO),,,,
2873,ESCUELAS,PROF. MANUEL ACOSTA,SARIC,LOS CHIRRIONES,30.996111,-111.405278,SIN CONEXION,12.19,"31.103939, -111.382436",0,NIVEL 3 (ALTO),,,,
2874,ESCUELAS,JUAN ESCUTIA,SARIC,SASABE,31.471944,-111.544167,SIN CONEXION,0.06,"31.47169, -111.54471",0,NIVEL 3 (ALTO),,,,
2875,ESCUELAS,ADELA OCHOA VELAZCO,SARIC,SARIC,31.103597,-111.379487,SIN CONEXION,0.28,"31.103939, -111.382436",0,NIVEL 3 (ALTO),,,,
2876,ESCUELAS,JARDIN DE NIÑOS NUEVA CREACION,SARIC,LOS CHIRRIONES,30.996111,-111.405278,SIN CONEXION,12.19,"31.103939, -111.382436",0,NIVEL 3 (ALTO),,,,
2877,ESCUELAS,FRANCISCO I. MADERO,SARIC,SARIC,31.103112,-111.379234,CONECTADA,0.32,"31.103939, -111.382436",1,NIVEL 1 (BAJO),,,,
2890,ESCUELAS,TELESECUNDARIA 205,SOYOPA,SAN ANTONIO DE LA HUERTA,28.630556,-109.611111,SIN CONEXION,0.07,"28.62997, -109.61075",0,NIVEL 3 (ALTO),,,,
2891,ESCUELAS,IL-LIUSSI,SUAQUI GRANDE,SUAQUI GRANDE,28.391208,-109.887139,SIN CONEXION,0.61,"28.394783, -109.891928",0,NIVEL 3 (ALTO),,,,
2892,ESCUELAS,BENITO JUAREZ,SUAQUI GRANDE,SUAQUI GRANDE,28.393969,-109.8886,CONECTADA,0.34,"28.394783, -109.891928",0,NIVEL 2 (MEDIO),,,,
2893,ESCUELAS,TELESECUNDARIA 52,SUAQUI GRANDE,SUAQUI GRANDE,28.391092,-109.887921,CONECTADA,0.57,"28.394783, -109.891928",0,NIVEL 2 (MEDIO),,,,
2894,ESCUELAS,JUAN DE DIOS PEZA,TEPACHE,TEPACHE,29.532731,-109.52709,SIN CONEXION,0.46,"29.529121, -109.5294",0,NIVEL 3 (ALTO),,,,
2895,ESCUELAS,AMADO NERVO,TEPACHE,TEPACHE,29.536678,-109.526104,CONECTADA,0.9,"29.529121, -109.5294",0,NIVEL 2 (MEDIO),,,,
2896,ESCUELAS,TELESECUNDARIA 333,TEPACHE,TEPACHE,29.532801,-109.526968,CONECTADA,0.47,"29.529121, -109.5294",0,NIVEL 2 (MEDIO),,,,
2897,ESCUELAS,PASCUAL ORTIZ RUBIO,TRINCHERAS,TRINCHERAS,30.398564,-111.531456,SIN CONEXION,0.24,"30.39929, -111.5291",0,NIVEL 3 (ALTO),,,,
2898,ESCUELAS,BENITO JUAREZ,TRINCHERAS,EL OCUCA,30.586111,-111.433333,SIN CONEXION,1.94,"30.573705, -111.447576",0,NIVEL 3 (ALTO),,,,
2899,ESCUELAS,MIGUEL HIDALGO,TRINCHERAS,TRINCHERAS,30.398943,-111.530639,CONECTADA,0.15,"30.39929, -111.5291",0,NIVEL 2 (MEDIO),,,,
2900,ESCUELAS,TELESECUNDARIA 191,TRINCHERAS,TRINCHERAS,30.400323,-111.5308,CONECTADA,0.2,"30.39929, -111.5291",0,NIVEL 2 (MEDIO),,,,
2903,ESCUELAS,LORENA GUADALUPE VARELA TREJO,MAGDALENA,MAGDALENA DE KINO,30.630809,-110.983932,CONECTADA,0.55,"30.632581, -110.978589",0,NIVEL 2 (MEDIO),,,,
2904,ESCUELAS,JOSE MARIA PINO SUAREZ,TUBUTAMA,SAN MANUEL (SAN MANUEL OCUCA),30.622222,-111.419722,SIN CONEXION,6.02,"30.573705, -111.447576",0,NIVEL 3 (ALTO),,,,
2905,ESCUELAS,JUSTO SIERRA,TUBUTAMA,LA SANGRE (LA SANGRE NUEVA),30.6425,-111.420278,SIN CONEXION,8.08,"30.573705, -111.447576",0,NIVEL 3 (ALTO),,,,
2906,ESCUELAS,EMILIO CARRANZA,TUBUTAMA,LA REFORMA,30.92,-111.434167,SIN CONEXION,15.75,"30.847936, -111.576303",0,NIVEL 3 (ALTO),,,,
2907,ESCUELAS,CUAUHTEMOC,TUBUTAMA,TUBUTAMA,30.883678,-111.464565,CONECTADA,11.38,"30.847936, -111.576303",1,NIVEL 1 (BAJO),,,,
2908,ESCUELAS,JUAN FRANCISCO RUIZ SOTO,HERMOSILLO,MOLINO DE CAMOU (SAN ISIDRO),29.200556,-110.765833,CONECTADA,2.06,"29.196339, -110.7865361",0,NIVEL 2 (MEDIO),,,,
2911,ESCUELAS,NETZAHUALCOYOTL,URES,GUADALUPE (GUADALUPE DE URES),29.383611,-110.447778,SIN CONEXION,7.38,"29.42406, -110.38735",0,NIVEL 3 (ALTO),,,,
2912,ESCUELAS,FEDERICO GARCIA LORCA,URES,SAN PEDRO DE URES (SAN PEDRO),29.431389,-110.366944,SIN CONEXION,1.07,"29.429167, -110.377742",0,NIVEL 3 (ALTO),,,,
2913,ESCUELAS,GUADALUPE LOPEZ RODRIGUEZ,URES,HEROICA CIUDAD DE URES,29.425111,-110.380889,CONECTADA,0.54,"29.429167, -110.377742",1,NIVEL 1 (BAJO),,,,
2914,ESCUELAS,EL CAMPESINO,URES,HEROICA CIUDAD DE URES,29.42468,-110.387704,CONECTADA,0.08,"29.42406, -110.38735",0,NIVEL 2 (MEDIO),,,,
2915,ESCUELAS,EMILIANO ZAPATA,URES,GUADALUPE (GUADALUPE DE URES),29.383611,-110.447778,CONECTADA,7.38,"29.42406, -110.38735",0,NIVEL 2 (MEDIO),,,,
2917,ESCUELAS,PROGRESO,URES,RANCHO VIEJO,29.127222,-110.313611,SIN CONEXION,13.9,"29.093878, -110.175761",0,NIVEL 3 (ALTO),,,,
2918,ESCUELAS,21 AGOSTO DE 1944,URES,SAN PEDRO DE URES (SAN PEDRO),29.431389,-110.366944,CONECTADA,1.07,"29.429167, -110.377742",0,NIVEL 2 (MEDIO),,,,
2919,ESCUELAS,BENITO JUAREZ,URES,SANTIAGO DE URES (SANTIAGO),29.439167,-110.411667,SIN CONEXION,2.44,"29.42809, -110.38989",0,NIVEL 3 (ALTO),,,,
2920,ESCUELAS,FRANCISCO I. MADERO,URES,EL SAUZ (SAUZ DE URES),29.395866,-110.444155,CONECTADA,6.33,"29.42406, -110.38735",0,NIVEL 2 (MEDIO),,,,
2922,ESCUELAS,EMILIO CARRANZA,URES,SAN RAFAEL,29.3725,-110.463333,CONECTADA,9.33,"29.42406, -110.38735",0,NIVEL 2 (MEDIO),,,,
2923,ESCUELAS,GUADALUPE SOTO SANCHEZ,GUAYMAS,SANTA CLARA,28.009722,-110.924167,CONECTADA,7.13,"27.94620556, -110.9342083",0,NIVEL 2 (MEDIO),,,,
2924,ESCUELAS,CATALINA L DE SALCIDO,URES,HEROICA CIUDAD DE URES,29.428589,-110.391227,CONECTADA,0.14,"29.42809, -110.38989",1,NIVEL 1 (BAJO),,,,
2925,ESCUELAS,CONSUELO ALICIA GANDARA MORALES,URES,PUEBLO DE ALAMOS,29.206111,-110.138333,SIN CONEXION,0.51,"29.209897, -110.141306",0,NIVEL 3 (ALTO),,,,
2926,ESCUELAS,CENTRO DE ATENCION MULTIPLE ESTATAL,URES,HEROICA CIUDAD DE URES,29.427654,-110.392582,SIN CONEXION,0.27,"29.42809, -110.38989",0,NIVEL 3 (ALTO),,,,
2927,ESCUELAS,PROF. ENRIQUE QUIJADA,URES,HEROICA CIUDAD DE URES,29.425653,-110.395469,CONECTADA,0.6,"29.42809, -110.38989",0,NIVEL 2 (MEDIO),,,,
2928,ESCUELAS,ALVARO OBREGON,URES,PUEBLO DE ALAMOS,29.206111,-110.138333,SIN CONEXION,0.51,"29.209897, -110.141306",0,NIVEL 3 (ALTO),,,,
2931,ESCUELAS,TELESECUNDARIA 354,URES,PUEBLO DE ALAMOS,29.206111,-110.138333,CONECTADA,0.51,"29.209897, -110.141306",0,NIVEL 2 (MEDIO),,,,
2932,ESCUELAS,JESUS GARCIA,VILLA HIDALGO,SAN JUAN DEL RIO,30.299794,-109.352507,SIN CONEXION,15.08,"30.1663611, -109.32425",0,NIVEL 3 (ALTO),,,,
2933,ESCUELAS,MARIA DE JESUS ALVARADO COMPEAN,GUAYMAS,SAN CARLOS (SAN CARLOS NUEVO GUAYMAS),27.947823,-111.050765,CONECTADA,0.23,"27.94951389, -111.0521917",0,NIVEL 2 (MEDIO),,,,
2934,ESCUELAS,VICENTE SUAREZ,VILLA HIDALGO,VILLA HIDALGO,30.160994,-109.321932,SIN CONEXION,0.61,"30.166433, -109.322178",0,NIVEL 3 (ALTO),,,,
2935,ESCUELAS,PROF. RAFAEL D FIERROS,VILLA HIDALGO,VILLA HIDALGO,30.162631,-109.319306,CONECTADA,0.5,"30.166433, -109.322178",0,NIVEL 2 (MEDIO),,,,
2937,ESCUELAS,RISAS ANGELICALES,VILLA PESQUEIRA,VILLA PESQUEIRA (MATAPE),29.116012,-109.9698,SIN CONEXION,0.26,"29.118272, -109.969133",0,NIVEL 3 (ALTO),,,,
2938,ESCUELAS,18 DE JULIO,VILLA PESQUEIRA,ADIVINO,28.976944,-110.040278,SIN CONEXION,0.21,"28.977411, -110.038236",0,NIVEL 3 (ALTO),,,,
2939,ESCUELAS,BENITO JUAREZ,VILLA PESQUEIRA,VILLA PESQUEIRA (MATAPE),29.116132,-109.966872,CONECTADA,0.32,"29.118272, -109.969133",0,NIVEL 2 (MEDIO),,,,
2941,ESCUELAS,TELESECUNDARIA 241,VILLA PESQUEIRA,VILLA PESQUEIRA (MATAPE),29.116912,-109.971599,SIN CONEXION,0.28,"29.118272, -109.969133",0,NIVEL 3 (ALTO),,,,
2944,ESCUELAS,EL MANANTIAL,YECORA,EL KIPUR,28.405278,-108.595833,SIN CONEXION,32.47,"28.37264, -108.925702",0,NIVEL 3 (ALTO),,,,
2945,ESCUELAS,LII PAT,YECORA,PIMAS (JUAN DIEGO DE LOS PIMAS),28.365274,-108.916573,SIN CONEXION,1.21,"28.37264, -108.925702",0,NIVEL 3 (ALTO),,,,
2946,ESCUELAS,JUANA DE IBARBOUROU,YECORA,YECORA,28.367527,-108.930564,SIN CONEXION,0.71,"28.373942, -108.930475",0,NIVEL 3 (ALTO),,,,
2949,ESCUELAS,FRANCISCO I. MADERO,YECORA,MESA DEL CAMPANERO (MESA DE LOS FRAIJO),28.330556,-109.009444,SIN CONEXION,5.54,"28.375794, -109.033189",0,NIVEL 3 (ALTO),,,,
2950,ESCUELAS,5 DE FEBRERO,YECORA,SANTA ROSA (SANTA ROSA DE LIMA),28.473056,-109.106111,SIN CONEXION,12.95,"28.375794, -109.033189",0,NIVEL 3 (ALTO),,,,
2951,ESCUELAS,IGNACIO ZARAGOZA,YECORA,YECORA,28.373694,-108.923404,CONECTADA,0.25,"28.37264, -108.925702",0,NIVEL 2 (MEDIO),,,,
2952,ESCUELAS,BENITO JUAREZ,YECORA,GUADALUPE DE TAYOPA,28.343715,-109.173481,SIN CONEXION,14.18,"28.375794, -109.033189",0,NIVEL 3 (ALTO),,,,
2956,ESCUELAS,VENUSTIANO CARRANZA,YECORA,LA CONCEPCION,28.320833,-109.202778,SIN CONEXION,17.69,"28.375794, -109.033189",0,NIVEL 3 (ALTO),,,,
2970,ESCUELAS,"CECYTE, HERMOSILLO V ""PUEBLITOS""",HERMOSILLO,HERMOSILLO,29.165788,-111.0112,SIN CONEXION,1.6,"29.151882, -111.006934",0,NIVEL 3 (ALTO),,,,
2974,ESCUELAS,PLANTEL SONOYTA,GENERAL PLUTARCO ELIAS CALLES,SONOYTA,31.867306,-112.856144,CONECTADA,0.71,"31.864325, -112.8494722",0,NIVEL 2 (MEDIO),,,,
2986,ESCUELAS,SUPERIOR ESTATAL DE SONORA-UNIDAD ACADEMICA HERMOSILLO,HERMOSILLO,HERMOSILLO,29.10821,-110.996,SIN CONEXION,0.26,"29.10935986, -110.9936158",0,NIVEL 3 (ALTO),,,,
3035,ESCUELAS,"CECYTE, HERMOSILLO II ""ALTO VALLE""",HERMOSILLO,HERMOSILLO,29.143562,-110.965094,SIN CONEXION,2.06,"29.14361389, -110.9862722",0,NIVEL 3 (ALTO),,,,
3028,ESCUELAS,"CECYTE, PLUTARCO ELIAS CALLES",CABORCA,PLUTARCO ELÍAS CALLES (LA Y GRIEGA),30.809288,-112.721612,SIN CONEXION,0.93,"30.805425, -112.7130333",0,NIVEL 3 (ALTO),,,,
3029,ESCUELAS,"CECYTE, ESPERANZA",CAJEME,ESPERANZA,27.585213,-109.91917,SIN CONEXION,3.02,"27.56626, -109.9411",0,NIVEL 3 (ALTO),,,,
3030,ESCUELAS,"CECYTE, NOGALES",NOGALES,HEROICA NOGALES,31.289713,-110.932822,SIN CONEXION,1.06,"31.298194, -110.927778",0,NIVEL 3 (ALTO),,,,
3031,ESCUELAS,"CECYTE, CAJEME",CAJEME,CD. OBREGON,27.530633,-109.922028,SIN CONEXION,0.96,"27.52598056, -109.9302889",0,NIVEL 3 (ALTO),,,,
3032,ESCUELAS,"CECYTE, NOGALES II",NOGALES,HEROICA NOGALES,31.279279,-110.958276,SIN CONEXION,0.63,"31.274739, -110.96225",0,NIVEL 3 (ALTO),,,,
3033,ESCUELAS,"CECYTE, SAN LUIS RÍO COLORADO",SAN LUIS RÍO COLORADO,SAN LUIS RÍO COLORADO,32.436161,-114.713684,SIN CONEXION,0.2,"32.435785, -114.715726",0,NIVEL 3 (ALTO),,,,
3034,ESCUELAS,"CECYTE, HERMOSILLO ""LA MANGA""",HERMOSILLO,HERMOSILLO,29.088347,-111.052203,SIN CONEXION,2.39,"29.09499722, -111.0287889",0,NIVEL 3 (ALTO),,,,
3036,ESCUELAS,"CECYTE, HERMOSILLO III ""MARIACHI""",HERMOSILLO,HERMOSILLO,29.081836,-110.942144,SIN CONEXION,1.4,"29.06939286, -110.944628",0,NIVEL 3 (ALTO),,,,
3037,ESCUELAS,"CECYTE, HERMOSILLO IV ""JUSTO SIERRA""",HERMOSILLO,HERMOSILLO,29.135406,-111.013989,SIN CONEXION,1.96,"29.151882, -111.006934",0,NIVEL 3 (ALTO),,,,
3044,ESCUELAS,PLANTEL EXTENSION CANANEA,CANANEA,CANANEA,30.9894834,-110.2682309,SIN CONEXION,0.21,"30.98961, -110.26602",0,NIVEL 3 (ALTO),,,,
3053,ESCUELAS,SUPERIOR TECNOLOGICA DE HERMOSILLO EXTENSION URES,HEROICA CIUDAD DE URES,HEROICA CIUDAD DE URES,29.424131,-110.369072,SIN CONEXION,1.01,"29.429167, -110.377742",0,NIVEL 3 (ALTO),,,,
3055,ESCUELAS,UNIVERSIDAD TECNOLOGICA DE ETCHOJOA,ETCHOJOA,BASCONCOBE,26.94040895,-109.665657,CONECTADA,4.35,"26.97865556, -109.6562833",0,NIVEL 2 (MEDIO),,,,
3063,ESCUELAS,SUPERIOR TECNOLOGICA DE SAN LUIS RIO COLORADO,SAN LUIS RIO COLORADO,SAN LUIS RIO COLORADO,32.437489,-114.716152,CONECTADA,0.19,"32.435785, -114.715726",0,NIVEL 2 (MEDIO),,,,
3065,ESCUELAS,SUPERIOR ESTATAL DE SONORA-RECTORIA,HERMOSILLO,HERMOSILLO,29.07153695,-110.9552038,SIN CONEXION,0.2,"29.07067222, -110.9533944",0,NIVEL 3 (ALTO),,,,
3066,ESCUELAS,SUPERIOR ESTATAL DE SONORA-RECTORIA,HERMOSILLO,HERMOSILLO,29.07153695,-110.9552038,SIN CONEXION,0.2,"29.07067222, -110.9533944",0,NIVEL 3 (ALTO),,,,
3072,ESCUELAS,SUPERIOR ESTATAL DE SONORA-UNIDAD ACADEMICA HERMOSILLO/EXTENSION POBLADO MIGUEL ALEMAN,HERMOSILLO,MIGUEL ALEMAN (LA DOCE),28.841129,-111.4684,SIN CONEXION,2.02,"28.84228, -111.48905",0,NIVEL 3 (ALTO),,,,
704,ESCUELAS,PROF. JOSE L GUERRA A,CAJEME,CIUDAD OBREGON,27.486379,-109.954779,CONECTADA,0.31,"27.4836, -109.955",0,NIVEL 2 (MEDIO),,,,
706,ESCUELAS,SALVADOR GONZALEZ PARTIDA,CAJEME,CIUDAD OBREGON,27.501509,-109.955927,CONECTADA,1.99,"27.4836, -109.955",0,NIVEL 2 (MEDIO),,,,
742,ESCUELAS,JUAN MALDONADO TETABIATE,CAJEME,CIUDAD OBREGON,27.514284,-109.914828,CONECTADA,2,"27.52598056, -109.9302889",0,NIVEL 2 (MEDIO),,,,
760,ESCUELAS,MARGARITA PAZ PAREDES,CAJEME,CIUDAD OBREGON,27.517769,-109.921946,CONECTADA,1.23,"27.52598056, -109.9302889",0,NIVEL 2 (MEDIO),,,,
802,ESCUELAS,CENTRO DE ATENCION MULTIPLE NUM. 62,HERMOSILLO,MIGUEL ALEMAN (LA DOCE),28.842542,-111.50792,CONECTADA,1.76,"28.84294167, -111.4898444",0,NIVEL 2 (MEDIO),,,,
809,ESCUELAS,LIC. ALBERTO FLORES URBINA,CAJEME,COCORIT,27.580927,-109.955578,CONECTADA,2.17,"27.56626, -109.9411",0,NIVEL 2 (MEDIO),,,,
831,ESCUELAS,GENERAL FRUCTUOSO MENDEZ,CAJEME,ESPERANZA,27.587531,-109.928859,CONECTADA,2.66,"27.56626, -109.9411",0,NIVEL 2 (MEDIO),,,,
839,ESCUELAS,IGNACIO RAMIREZ,CAJEME,CIUDAD OBREGON,27.46682,-109.926564,CONECTADA,0.3,"27.46464167, -109.9284222",0,NIVEL 2 (MEDIO),,,,
844,ESCUELAS,MELCHOR OCAMPO,CAJEME,CIUDAD OBREGON,27.467512,-109.946257,CONECTADA,1.79,"27.46464167, -109.9284222",0,NIVEL 2 (MEDIO),,,,
854,ESCUELAS,JAIME NUNO,CAJEME,CIUDAD OBREGON,27.460931,-109.941768,CONECTADA,1.38,"27.46464167, -109.9284222",0,NIVEL 2 (MEDIO),,,,
872,ESCUELAS,HEROE DE NACOZARI,CAJEME,CIUDAD OBREGON,27.484416,-109.924963,CONECTADA,0.85,"27.4776144, -109.9289854",0,NIVEL 2 (MEDIO),,,,
875,ESCUELAS,CLUB 20 30,CAJEME,CIUDAD OBREGON,27.470167,-109.938659,CONECTADA,1.18,"27.46464167, -109.9284222",0,NIVEL 2 (MEDIO),,,,
882,ESCUELAS,ALVARO OBREGON,CAJEME,MARTE R. GOMEZ (TOBARITO),27.370419,-109.895123,CONECTADA,0.73,"27.36791944, -109.8883278",0,NIVEL 2 (MEDIO),,,,
884,ESCUELAS,OBREGON NUM. 50,CAJEME,CIUDAD OBREGON,27.507022,-109.950054,CONECTADA,2.08,"27.49709444, -109.9322056",0,NIVEL 2 (MEDIO),,,,
887,ESCUELAS,MEXICO,CAJEME,CIUDAD OBREGON,27.463342,-109.938402,CONECTADA,1,"27.46464167, -109.9284222",0,NIVEL 2 (MEDIO),,,,
888,ESCUELAS,ESCUADRON 201,CAJEME,CIUDAD OBREGON,27.448623,-109.949903,CONECTADA,2.54,"27.44298964, -109.9249233",0,NIVEL 2 (MEDIO),,,,
889,ESCUELAS,PRIMERO DE MAYO,CAJEME,CIUDAD OBREGON,27.461914,-109.926019,CONECTADA,0.38,"27.46464167, -109.9284222",0,NIVEL 2 (MEDIO),,,,
891,ESCUELAS,FRAY FRANCISCO EUSEBIO KINO,CAJEME,CIUDAD OBREGON,27.444899,-109.938101,CONECTADA,1.32,"27.44298964, -109.9249233",0,NIVEL 2 (MEDIO),,,,
895,ESCUELAS,GREGORIO TORRES QUINTERO,CAJEME,CIUDAD OBREGON,27.485419,-109.96786,CONECTADA,1.28,"27.4836, -109.955",0,NIVEL 2 (MEDIO),,,,
898,ESCUELAS,JOSE VASCONCELOS,CAJEME,ESPERANZA,27.565777,-109.939711,CONECTADA,0.15,"27.56626, -109.9411",0,NIVEL 2 (MEDIO),,,,
904,ESCUELAS,FELIPE ANGELES,CAJEME,ESPERANZA,27.563275,-109.944708,CONECTADA,0.49,"27.56626, -109.9411",0,NIVEL 2 (MEDIO),,,,
920,ESCUELAS,NUEVA CREACION PREESCOLAR NIÑOS MIGRANTES,HERMOSILLO,SAN LUIS,28.813056,-111.308056,CONECTADA,8.87,"28.854599, -111.385835",1,NIVEL 1 (BAJO),,,,
924,ESCUELAS,JUAN ENRIQUE PESTALOZZI,CAJEME,ESPERANZA,27.581765,-109.929372,CONECTADA,2.08,"27.56626, -109.9411",0,NIVEL 2 (MEDIO),,,,
3,ESCUELAS,AMADO NERVO,ACONCHI,SAN PABLO (SAN PABLO DE ACONCHI),29.77234,-110.1994,CONECTADA,6.31,"29.8262, -110.21989",0,NIVEL 2 (MEDIO),,,,
5,ESCUELAS,RAFAEL MORALES NIEBLAS,HUATABAMPO,LAS BOCAS,26.581389,-109.328056,CONECTADA,1.69,"26.59506, -109.33547",1,NIVEL 1 (BAJO),,,,
31,ESCUELAS,NIÑOS HEROES,AGUA PRIETA,AGUA PRIETA,31.321008,-109.533414,CONECTADA,0.86,"31.31360556, -109.5359722",0,NIVEL 2 (MEDIO),,,,
37,ESCUELAS,JOSE VASCONCELOS,AGUA PRIETA,FUNDACION BRAZOS DE AMOR,31.317778,-109.600833,CONECTADA,3.98,"31.30943, -109.5601",0,NIVEL 2 (MEDIO),,,,
49,ESCUELAS,GENERAL VICENTE GUERRERO,AGUA PRIETA,AGUA PRIETA,31.331877,-109.549864,CONECTADA,0.6,"31.327, -109.54715",0,NIVEL 2 (MEDIO),,,,
56,ESCUELAS,TELESECUNDARIA 258,AGUA PRIETA,COLONIA MORELOS,30.826944,-109.223611,CONECTADA,33.75,"30.894625, -109.568311",0,NIVEL 2 (MEDIO),,,,
63,ESCUELAS,LA MINITA,ALAMOS,MINAS NUEVAS,27.061397,-109.009052,CONECTADA,6.81,"27.03949722, -108.9448583",1,NIVEL 1 (BAJO),,,,
68,ESCUELAS,LA ARDILLITA,ALAMOS,YOCOJIGUA,26.793333,-109.022778,CONECTADA,0.31,"26.793755, -109.019689",1,NIVEL 1 (BAJO),,,,
74,ESCUELAS,LA ABEJITA,ALAMOS,TAPIZUELAS,26.667543,-108.864988,CONECTADA,0.45,"26.66351, -108.864288",1,NIVEL 1 (BAJO),,,,
81,ESCUELAS,EL PATITO,ALAMOS,BASIROA,26.7125,-108.901667,CONECTADA,6.59,"26.66351, -108.864288",1,NIVEL 1 (BAJO),,,,
82,ESCUELAS,SOLECITO,ALAMOS,OSOBAMPO,27.15231,-109.136121,CONECTADA,8.1,"27.215093, -109.094535",1,NIVEL 1 (BAJO),,,,
83,ESCUELAS,JARDIN DE NIÑOS NUEVA CREACION,ALAMOS,LA HIGUERA,27.110278,-108.957222,CONECTADA,7.97,"27.03949722, -108.9448583",1,NIVEL 1 (BAJO),,,,
85,ESCUELAS,FERNANDO MONTES DE OCA,ALAMOS,ALAMOS,27.029411,-108.942413,CONECTADA,0.96,"27.021836, -108.937803",1,NIVEL 1 (BAJO),,,,
89,ESCUELAS,SANTIAGO VILLAREAL VALENZUELA,ALAMOS,ALAMOS,27.023361,-108.932164,CONECTADA,0.58,"27.021836, -108.937803",1,NIVEL 1 (BAJO),,,,
210,ESCUELAS,ARIVETZI,ARIVECHI,ARIVECHI,28.926861,-109.186339,CONECTADA,0.2,"28.92847, -109.18732",1,NIVEL 1 (BAJO),,,,
91,ESCUELAS,24 DE FEBRERO,ALAMOS,BAVICORA,27.674167,-108.790556,CONECTADA,45.71,"27.545293, -109.231119",0,NIVEL 2 (MEDIO),,,,
96,ESCUELAS,ESCUELA PRIMARIA NUEVA CREACION,ALAMOS,LAS MINITAS,27.312357,-109.178878,CONECTADA,9.32,"27.396111, -109.181111",1,NIVEL 1 (BAJO),,,,
99,ESCUELAS,ESCUELA PRIMARIA NUEVA CREACION,ALAMOS,ANAHUAC,26.440833,-109.02,CONECTADA,0.23,"26.442783, -109.02074",1,NIVEL 1 (BAJO),,,,
104,ESCUELAS,ESCUELA PRIMARIA NUEVA CREACION,ALAMOS,SAN VICENTE,26.773611,-108.915833,CONECTADA,10.55,"26.793755, -109.019689",1,NIVEL 1 (BAJO),,,,
112,ESCUELAS,ADOLFO LOPEZ MATEOS,ALAMOS,EL TEZAL,27.048611,-108.967778,CONECTADA,2.49,"27.03949722, -108.9448583",1,NIVEL 1 (BAJO),,,,
117,ESCUELAS,LEONA VICARIO,ALAMOS,LA ADUANA,27.0375,-109.010556,CONECTADA,6.51,"27.03949722, -108.9448583",1,NIVEL 1 (BAJO),,,,
118,ESCUELAS,TIERRA Y LIBERTAD,ALAMOS,SABINITO SUR,26.993056,-108.810278,CONECTADA,11.6,"27.051389, -108.907306",1,NIVEL 1 (BAJO),,,,
120,ESCUELAS,HEROES DE CHAPULTEPEC,ALAMOS,CASANATE,26.609722,-108.775556,CONECTADA,10.66,"26.66351, -108.864288",1,NIVEL 1 (BAJO),,,,
121,ESCUELAS,RAFAEL RAMIREZ,ALAMOS,LOS CITAHUIS,26.458599,-109.033368,CONECTADA,0.28,"26.460269, -109.035411",1,NIVEL 1 (BAJO),,,,
125,ESCUELAS,GENERAL FRANCISCO VILLA,ALAMOS,OSOBAMPO,27.15231,-109.136121,CONECTADA,8.1,"27.215093, -109.094535",1,NIVEL 1 (BAJO),,,,
127,ESCUELAS,NICOLAS BRAVO,ALAMOS,TECHOBAMPO,27.301667,-108.885,CONECTADA,10.14,"27.21055, -108.89006",1,NIVEL 1 (BAJO),,,,
128,ESCUELAS,HERMANOS SERDAN,ALAMOS,YOCOJIGUA,26.793333,-109.022778,CONECTADA,0.31,"26.793755, -109.019689",1,NIVEL 1 (BAJO),,,,
129,ESCUELAS,PROF. ROBERTO F ALMADA,ALAMOS,TAPIZUELAS,26.667543,-108.864988,CONECTADA,0.45,"26.66351, -108.864288",1,NIVEL 1 (BAJO),,,,
130,ESCUELAS,JUSTO SIERRA,ALAMOS,LOS TANQUES,27.210556,-108.895,CONECTADA,0.49,"27.21055, -108.89006",1,NIVEL 1 (BAJO),,,,
131,ESCUELAS,CUAUHTEMOC,ALAMOS,SAN BERNARDO,27.400833,-108.845833,CONECTADA,21.61,"27.21055, -108.89006",1,NIVEL 1 (BAJO),,,,
132,ESCUELAS,NIÑOS HEROES,ALAMOS,EL TABELO (SAN JOSE DEL TABELO),27.163333,-108.955278,CONECTADA,8.32,"27.21055, -108.89006",1,NIVEL 1 (BAJO),,,,
134,ESCUELAS,FRANCISCO ZARCO,ALAMOS,EL VERANITO,26.982494,-109.223054,CONECTADA,12.96,"27.082968, -109.289424",1,NIVEL 1 (BAJO),,,,
135,ESCUELAS,RAFAEL RAMIREZ,ALAMOS,LA VINATA,27.2525,-108.890833,CONECTADA,4.67,"27.21055, -108.89006",1,NIVEL 1 (BAJO),,,,
138,ESCUELAS,FRANCISCO SARABIA,ALAMOS,NUEVO PIEDRAS VERDES,27.113701,-108.993502,CONECTADA,9.55,"27.03949722, -108.9448583",1,NIVEL 1 (BAJO),,,,
140,ESCUELAS,ALFONSO CRUZ DELGADO,ALAMOS,MUNIHUASA,27.144722,-108.801389,CONECTADA,11.42,"27.21055, -108.89006",1,NIVEL 1 (BAJO),,,,
141,ESCUELAS,MARIANO MATAMOROS,ALAMOS,EL MEZQUITAL,26.758611,-108.611944,CONECTADA,27.2,"26.66351, -108.864288",1,NIVEL 1 (BAJO),,,,
144,ESCUELAS,IGNACIO MANUEL ALTAMIRANO,ALAMOS,EL MOCUZARIT (CONICARIT),27.215,-109.096667,CONECTADA,0.21,"27.215093, -109.094535",1,NIVEL 1 (BAJO),,,,
145,ESCUELAS,EMILIANO ZAPATA,ALAMOS,EL FRIJOL,27.245556,-108.829444,CONECTADA,7.15,"27.21055, -108.89006",1,NIVEL 1 (BAJO),,,,
147,ESCUELAS,FRANCISCO I. MADERO,ALAMOS,LA HIGUERA,27.110278,-108.957222,CONECTADA,7.97,"27.03949722, -108.9448583",1,NIVEL 1 (BAJO),,,,
152,ESCUELAS,VICENTE GUERRERO,ALAMOS,MINAS NUEVAS,27.061397,-109.009052,CONECTADA,6.81,"27.03949722, -108.9448583",1,NIVEL 1 (BAJO),,,,
160,ESCUELAS,ALFONSO ORTIZ TIRADO,ALAMOS,ALAMOS,27.037656,-108.93792,CONECTADA,0.72,"27.03949722, -108.9448583",1,NIVEL 1 (BAJO),,,,
164,ESCUELAS,TELESECUNDARIA 5,ALAMOS,LOS TANQUES,27.210556,-108.895,CONECTADA,0.49,"27.21055, -108.89006",0,NIVEL 2 (MEDIO),,,,
165,ESCUELAS,TELESECUNDARIA 6,ALAMOS,BASIROA,26.7125,-108.901667,CONECTADA,6.59,"26.66351, -108.864288",1,NIVEL 1 (BAJO),,,,
166,ESCUELAS,TELESECUNDARIA 8,ALAMOS,LOS CAMOTES (SAN JOSE DEL PALMAR),27.274722,-108.836667,CONECTADA,8.88,"27.21055, -108.89006",1,NIVEL 1 (BAJO),,,,
167,ESCUELAS,TELESECUNDARIA 12,ALAMOS,EL ZAPOTE,26.780278,-108.686944,CONECTADA,21.88,"26.66351, -108.864288",0,NIVEL 2 (MEDIO),,,,
168,ESCUELAS,TELESECUNDARIA 22,ALAMOS,CERRO COLORADO (EL COLORADO),26.766667,-108.823333,CONECTADA,12.17,"26.66351, -108.864288",0,NIVEL 2 (MEDIO),,,,
169,ESCUELAS,TELESECUNDARIA 23,ALAMOS,EL TABELO (SAN JOSE DEL TABELO),27.163333,-108.955278,CONECTADA,8.32,"27.21055, -108.89006",0,NIVEL 2 (MEDIO),,,,
170,ESCUELAS,TELESECUNDARIA 24,ALAMOS,LA QUINTERA,26.751667,-108.722222,CONECTADA,17.18,"26.66351, -108.864288",0,NIVEL 2 (MEDIO),,,,
171,ESCUELAS,TELESECUNDARIA 26,ALAMOS,EL MOCUZARIT (CONICARIT),27.215,-109.096667,CONECTADA,0.21,"27.215093, -109.094535",0,NIVEL 2 (MEDIO),,,,
172,ESCUELAS,TELESECUNDARIA 29,ALAMOS,EL GUAMUCHIL,26.789444,-108.597778,CONECTADA,29.94,"26.66351, -108.864288",0,NIVEL 2 (MEDIO),,,,
173,ESCUELAS,TELESECUNDARIA 31,ALAMOS,LA ADUANA,27.0375,-109.010556,CONECTADA,6.51,"27.03949722, -108.9448583",0,NIVEL 2 (MEDIO),,,,
3540,ESCUELAS,PAREDONCITO,BENITO JUAREZ,PAREDONCITO,27.056612,-109.9128766,SIN CONEXION,2.51,"27.079185, -109.913514",0,NIVEL 3 (ALTO),,,,
3541,ESCUELAS,ESTACION CORRAL,CAJEME,ESTACION CORRAL,27.629908,-109.9668624,SIN CONEXION,7.52,"27.56626, -109.9411",0,NIVEL 3 (ALTO),,,,
3553,ESCUELAS,FUNDICION,NAVOJOA,FUNDICION,27.330169,-109.7379002,SIN CONEXION,0.06,"27.33064, -109.73827",0,NIVEL 3 (ALTO),,,,
3538,ESCUELAS,SAN BERNARDO,ALAMOS,SAN BERNARDO,27.393751,-108.8433822,SIN CONEXION,20.89,"27.21055, -108.89006",0,NIVEL 3 (ALTO),,,,
3539,ESCUELAS,BACOACHI,BACOACHI,BACOACHI,30.632413,-109.9685917,SIN CONEXION,0.01,"30.632433, -109.968483",0,NIVEL 3 (ALTO),,,,
936,ESCUELAS,NUEVA CREACION PREESCOLAR NIÑOS MIGRANTES,QUIRIEGO,EL TANQUE,27.2725,-109.3026,CONECTADA,18.25,"27.396111, -109.181111",1,NIVEL 1 (BAJO),,,,
3528,ESCUELAS,TRINCHERAS,TRINCHERAS,TRINCHERAS,30.39887,-111.5334302,SIN CONEXION,0.42,"30.39929, -111.5291",0,NIVEL 3 (ALTO),,,,
3529,ESCUELAS,SANTA CRUZ,SANTA CRUZ,SANTA CRUZ,31.233611,-110.5952778,SIN CONEXION,0.43,"31.237444, -110.595678",0,NIVEL 3 (ALTO),,,,
3530,ESCUELAS,ROSALES,NAVOJOA,ROSALES,27.133951,-109.4374461,SIN CONEXION,3.27,"27.127718, -109.469734",0,NIVEL 3 (ALTO),,,,
3531,ESCUELAS,MOCUZARIT,ALAMOS,EL MOCUZARIT (CONICARIT),27.215793,-109.0980669,SIN CONEXION,0.36,"27.215093, -109.094535",0,NIVEL 3 (ALTO),,,,
3532,ESCUELAS,EL CAJON DEL SABINO,ALAMOS,EL CAJON DEL SABINO (EL CAJON),26.851705,-108.708728,SIN CONEXION,26.01,"26.66351, -108.864288",0,NIVEL 3 (ALTO),,,,
3533,ESCUELAS,MAYCOBA,YECORA,MAYCOBA,28.389227,-108.6541529,SIN CONEXION,26.63,"28.37264, -108.925702",0,NIVEL 3 (ALTO),,,,
3534,ESCUELAS,ONAVAS,ONAVAS,ONAVAS,28.46208,-109.5296878,SIN CONEXION,0.23,"28.460069, -109.528962",0,NIVEL 3 (ALTO),,,,
3535,ESCUELAS,GUÁSIMAS,GUAYMAS,GUASIMAS (DE BELEM),27.891562,-110.5762167,SIN CONEXION,19.94,"28.069167, -110.548444",0,NIVEL 3 (ALTO),,,,
3536,ESCUELAS,SAN JOSÉ,GUAYMAS,SAN JOSE,27.986685,-110.8873973,SIN CONEXION,5.25,"27.942091, -110.904878",0,NIVEL 3 (ALTO),,,,
3537,ESCUELAS,MESA COLORADA,ALAMOS,MESA COLORADA,27.571631,-108.8625736,SIN CONEXION,36.45,"27.545293, -109.231119",0,NIVEL 3 (ALTO),,,,
3542,ESCUELAS,FRANCISCO VILLA,CAJEME,FRANCISCO VILLA,27.371871,-109.8122404,SIN CONEXION,3.68,"27.401244, -109.829454",0,NIVEL 3 (ALTO),,,,
3543,ESCUELAS,LOS HORNOS,CAJEME,LOS HORNOS,27.716985,-109.900945,SIN CONEXION,17.22,"27.56626, -109.9411",0,NIVEL 3 (ALTO),,,,
3544,ESCUELAS,MESA DEL SERI,HERMOSILLO,MESA DEL SERI,29.1083,-110.8364309,SIN CONEXION,10.92,"29.196339, -110.7865361",0,NIVEL 3 (ALTO),,,,
3545,ESCUELAS,PLAN DE AYALA,HERMOSILLO,PLAN DE AYALA,28.571562,-111.5554014,SIN CONEXION,21.55,"28.75333, -111.632058",0,NIVEL 3 (ALTO),,,,
3546,ESCUELAS,NÁCORI CHICO,NACORI CHICO,NACORI CHICO,29.683856,-108.9807711,SIN CONEXION,0.38,"29.68636, -108.97802",0,NIVEL 3 (ALTO),,,,
3547,ESCUELAS,EJIDO LAGUNITAS,SAN LUIS RIO COLORADO,LAGUNITAS,32.320874,-114.890009,SIN CONEXION,5.03,"32.27571468, -114.89202642",0,NIVEL 3 (ALTO),,,,
3548,ESCUELAS,HUMBERTO GUTIERREZ,HERMOSILLO,HERMOSILLO,29.136549,-111.049498,SIN CONEXION,4.47,"29.151882, -111.006934",0,NIVEL 3 (ALTO),,,,
3549,ESCUELAS,LA VICTORIA,HERMOSILLO,LA VICTORIA,29.124501,-110.8912413,SIN CONEXION,8.03,"29.06939286, -110.944628",0,NIVEL 3 (ALTO),,,,
3550,ESCUELAS,MOLINO DE CAMOU,HERMOSILLO,MOLINO DE CAMOU (SAN ISIDRO),29.20182,-110.7670785,SIN CONEXION,1.98,"29.196339, -110.7865361",0,NIVEL 3 (ALTO),,,,
3551,ESCUELAS,CHOYUDO,HERMOSILLO,EL CHOYUDO (LOS JAPONESES),28.317358,-111.453193,SIN CONEXION,0.04,"28.317394, -111.4527777",0,NIVEL 3 (ALTO),,,,
3552,ESCUELAS,PUNTA CHUECA,HERMOSILLO,PUNTA CHUECA,29.015625,-112.1611465,SIN CONEXION,0.11,"29.01624, -112.16025",0,NIVEL 3 (ALTO),,,,
3554,ESCUELAS,LAS BOCAS,HUATABAMPO,LAS BOCAS,26.59399,-109.3311283,SIN CONEXION,0.45,"26.59506, -109.33547",0,NIVEL 3 (ALTO),,,,
3555,ESCUELAS,AGIABAMPO 2,HUATABAMPO,AGIABAMPO NO. DOS (EL CAMPITO),26.324406,-109.0972088,SIN CONEXION,13.24,"26.427719, -109.031198",0,NIVEL 3 (ALTO),,,,
3556,ESCUELAS,EL CHINO,ALAMOS,EL CHINO (SAN ANTONIO DE LOS CHINOS),26.570416,-108.9752626,SIN CONEXION,0.12,"26.57152, -108.97534",0,NIVEL 3 (ALTO),,,,
3557,ESCUELAS,CUAUHTÉMOC,NACO,CUAUHTEMOC,31.164585,-109.9718995,SIN CONEXION,0.12,"31.16462, -109.9732",0,NIVEL 3 (ALTO),,,,
3558,ESCUELAS,FRONTERAS,FRONTERAS,FRONTERAS,30.898327,-109.560319,SIN CONEXION,11563.38,"32.46642, -114.8182",0,NIVEL 3 (ALTO),,,,
3559,ESCUELAS,DESEMBOQUE,PITIQUITO,DESEMBOQUE DE LOS SERIS (EL DESEMBOQUE),29.505053,-112.397247,SIN CONEXION,0.17,"29.50634, -112.39627",0,NIVEL 3 (ALTO),,,,
3560,ESCUELAS,SASABE,SARIC,SASABE,31.473473,-111.5440869,SIN CONEXION,0.21,"31.47169, -111.54471",0,NIVEL 3 (ALTO),,,,
3561,ESCUELAS,"EJIDO CUAUHTÉMOC, CAMPO 5",CAJEME,CAMPO CINCO (BLOQUE 501),27.434057,-110.01975,SIN CONEXION,8.44,"27.4836, -109.955",0,NIVEL 3 (ALTO),,,,
3562,ESCUELAS,RANCHO VIEJO,URES,RANCHO VIEJO,29.126252,-110.3125561,SIN CONEXION,13.77,"29.093878, -110.175761",0,NIVEL 3 (ALTO),,,,
174,ESCUELAS,TELESECUNDARIA 32,ALAMOS,EL MAQUIPO,26.724167,-108.716389,CONECTADA,16.17,"26.66351, -108.864288",0,NIVEL 2 (MEDIO),,,,
938,ESCUELAS,ENRIQUE C. REBSAMEN,CAJEME,CIUDAD OBREGON,27.496229,-109.922821,CONECTADA,0.93,"27.49709444, -109.9322056",0,NIVEL 2 (MEDIO),,,,
2376,ESCUELAS,MARIANO ESCOBEDO,NAVOJOA,NAVOJOA,27.055243,-109.457435,CONECTADA,0.71,"27.048847222, -109.457025",0,NIVEL 2 (MEDIO),,,,
2548,ESCUELAS,FRANCISCO I. MADERO,NOGALES,HEROICA NOGALES,31.329551,-110.947961,CONECTADA,0.73,"31.32449, -110.9528",0,NIVEL 2 (MEDIO),,,,
939,ESCUELAS,CARMEN SANCHEZ CORRAL,CAJEME,CIUDAD OBREGON,27.501011,-109.958932,CONECTADA,1.97,"27.4836, -109.955",0,NIVEL 2 (MEDIO),,,,
175,ESCUELAS,TELESECUNDARIA 45,ALAMOS,TAPIZUELAS,26.667543,-108.864988,CONECTADA,0.45,"26.66351, -108.864288",0,NIVEL 2 (MEDIO),,,,
176,ESCUELAS,TELESECUNDARIA 114,ALAMOS,GEROCOA CHICO (GEROCOA),26.801191,-108.895447,CONECTADA,12.36,"26.793755, -109.019689",0,NIVEL 2 (MEDIO),,,,
177,ESCUELAS,TELESECUNDARIA 131,ALAMOS,EL CHINO (SAN ANTONIO DE LOS CHINOS),26.57,-108.975556,CONECTADA,0.17,"26.57152, -108.97534",0,NIVEL 2 (MEDIO),,,,
178,ESCUELAS,TELESECUNDARIA 155,ALAMOS,EL CHINAL,26.681389,-108.701667,CONECTADA,16.28,"26.66351, -108.864288",0,NIVEL 2 (MEDIO),,,,
179,ESCUELAS,TELESECUNDARIA 181,ALAMOS,MEXIQUILLO,27.350119,-108.927694,CONECTADA,15.96,"27.21055, -108.89006",0,NIVEL 2 (MEDIO),,,,
180,ESCUELAS,TELESECUNDARIA 192,ALAMOS,CASANATE,26.609722,-108.775556,CONECTADA,10.66,"26.66351, -108.864288",0,NIVEL 2 (MEDIO),,,,
211,ESCUELAS,BENITO JUAREZ,ARIVECHI,TARACHI,28.808333,-108.9375,CONECTADA,12.62,"28.741214, -109.041887",1,NIVEL 1 (BAJO),,,,
181,ESCUELAS,TELESECUNDARIA 236,ALAMOS,COCHIBAMPO,27.172778,-108.825278,CONECTADA,7.66,"27.21055, -108.89006",0,NIVEL 2 (MEDIO),,,,
183,ESCUELAS,TELESECUNDARIA 265,ALAMOS,TECHOBAMPO,27.301667,-108.885,CONECTADA,10.14,"27.21055, -108.89006",1,NIVEL 1 (BAJO),,,,
184,ESCUELAS,TELESECUNDARIA 276,ALAMOS,LA LABOR DE SANTA LUCIA (EL MEZQUITAL),26.908889,-108.840278,CONECTADA,15.85,"27.021836, -108.937803",1,NIVEL 1 (BAJO),,,,
186,ESCUELAS,TELESECUNDARIA 294,ALAMOS,LA HIGUERA,27.110278,-108.957222,CONECTADA,7.97,"27.03949722, -108.9448583",0,NIVEL 2 (MEDIO),,,,
940,ESCUELAS,CARLOS M CALLEJA,CAJEME,CIUDAD OBREGON,27.49467,-109.93591,CONECTADA,0.45,"27.49709444, -109.9322056",0,NIVEL 2 (MEDIO),,,,
187,ESCUELAS,TELESECUNDARIA 295,ALAMOS,MINAS NUEVAS,27.061397,-109.009052,CONECTADA,6.81,"27.03949722, -108.9448583",0,NIVEL 2 (MEDIO),,,,
188,ESCUELAS,TELESECUNDARIA 296,ALAMOS,OSOBAMPO,27.15231,-109.136121,CONECTADA,8.1,"27.215093, -109.094535",0,NIVEL 2 (MEDIO),,,,
189,ESCUELAS,TELESECUNDARIA 297,ALAMOS,NUEVO PIEDRAS VERDES,27.113701,-108.993502,CONECTADA,9.55,"27.03949722, -108.9448583",0,NIVEL 2 (MEDIO),,,,
190,ESCUELAS,TELESECUNDARIA 298,ALAMOS,YOCOJIGUA,26.793333,-109.022778,CONECTADA,0.31,"26.793755, -109.019689",0,NIVEL 2 (MEDIO),,,,
191,ESCUELAS,TELESECUNDARIA 326,ALAMOS,GUAJARAY,27.604167,-108.932222,CONECTADA,30.18,"27.545293, -109.231119",0,NIVEL 2 (MEDIO),,,,
192,ESCUELAS,TELESECUNDARIA 335,ALAMOS,EL TEZAL,27.048611,-108.967778,CONECTADA,2.49,"27.03949722, -108.9448583",1,NIVEL 1 (BAJO),,,,
193,ESCUELAS,TELESECUNDARIA 351,ALAMOS,LA CIENEGUITA,26.865278,-108.610556,CONECTADA,33.73,"26.66351, -108.864288",0,NIVEL 2 (MEDIO),,,,
208,ESCUELAS,TELESECUNDARIA 266,ALTAR,LLANO BLANCO (RANCHO SECO),30.614167,-111.897222,CONECTADA,11.66,"30.70085, -111.82861",0,NIVEL 2 (MEDIO),,,,
214,ESCUELAS,TELESECUNDARIA 257,ARIVECHI,TARACHI,28.808333,-108.9375,CONECTADA,12.62,"28.741214, -109.041887",0,NIVEL 2 (MEDIO),,,,
217,ESCUELAS,FLAVIA GALLEGO,ARIZPE,CHINAPA,30.4375,-110.033333,CONECTADA,16.96,"30.338364, -110.167683",1,NIVEL 1 (BAJO),,,,
218,ESCUELAS,GENERAL LEANDRO VALLE,ARIZPE,BACANUCHI,30.604722,-110.236389,CONECTADA,25.82,"30.632433, -109.968483",0,NIVEL 2 (MEDIO),,,,
223,ESCUELAS,TELESECUNDARIA 89,ARIZPE,CHINAPA,30.4375,-110.033333,CONECTADA,16.96,"30.338364, -110.167683",0,NIVEL 2 (MEDIO),,,,
225,ESCUELAS,TELESECUNDARIA 153,ARIZPE,SINOQUIPE,30.156667,-110.244722,CONECTADA,0.14,"30.157514, -110.245836",0,NIVEL 2 (MEDIO),,,,
228,ESCUELAS,TELESECUNDARIA 88,ATIL,ATIL,30.842552,-111.593201,CONECTADA,1.72,"30.847936, -111.576303",0,NIVEL 2 (MEDIO),,,,
941,ESCUELAS,EJERCITO NACIONAL MEXICANO,CAJEME,CIUDAD OBREGON,27.438451,-109.927068,CONECTADA,0.55,"27.44298964, -109.9249233",0,NIVEL 2 (MEDIO),,,,
489,ESCUELAS,ANIA,BACANORA,BACANORA,28.982067,-109.400072,CONECTADA,0.32,"28.981043, -109.403163",1,NIVEL 1 (BAJO),,,,
491,ESCUELAS,TELESECUNDARIA 208,BACANORA,BACANORA,28.977866,-109.399941,CONECTADA,0.07,"28.977583, -109.399342",0,NIVEL 2 (MEDIO),,,,
943,ESCUELAS,LIC. LUIS ENCINAS,CAJEME,CIUDAD OBREGON,27.50659,-109.945576,CONECTADA,1.69,"27.49709444, -109.9322056",0,NIVEL 2 (MEDIO),,,,
496,ESCUELAS,TELESECUNDARIA 86,BACOACHI,BACOACHI,30.632327,-109.963546,CONECTADA,0.47,"30.632433, -109.968483",0,NIVEL 2 (MEDIO),,,,
502,ESCUELAS,OVIDIO DECROLY,BACUM,SAN JOSE DE BACUM,27.515585,-110.142365,CONECTADA,3.29,"27.498163, -110.115354",0,NIVEL 2 (MEDIO),,,,
503,ESCUELAS,RAMON LOPEZ VELARDE,BACUM,BACUM,27.5522,-110.082414,CONECTADA,0.26,"27.54989167, -110.083075",0,NIVEL 2 (MEDIO),,,,
507,ESCUELAS,FRANCISCO JAVIER MINA,BACUM,FRANCISCO JAVIER MINA (CAMPO 60),27.460803,-110.115811,CONECTADA,0.39,"27.45816, -110.11326",0,NIVEL 2 (MEDIO),,,,
511,ESCUELAS,NARCIZO MENDOZA,BACUM,FRANCISCO JAVIER MINA (CAMPO 60),27.460293,-110.113796,CONECTADA,0.24,"27.45816, -110.11326",0,NIVEL 2 (MEDIO),,,,
512,ESCUELAS,JOSE MA MORELOS Y PAVON,BACUM,SAN JOSE DE BACUM,27.510441,-110.145984,CONECTADA,3.32,"27.498163, -110.115354",0,NIVEL 2 (MEDIO),,,,
529,ESCUELAS,BENITO JUAREZ,BACUM,BACUM,27.551246,-110.083037,CONECTADA,0.15,"27.54989167, -110.083075",0,NIVEL 2 (MEDIO),,,,
530,ESCUELAS,GENERAL ROMAN YOCUPICIO,BACUM,SAN JOSE DE BACUM,27.515353,-110.143148,CONECTADA,3.34,"27.498163, -110.115354",0,NIVEL 2 (MEDIO),,,,
531,ESCUELAS,"CENTRO DE ATENCION MULTIPLE,CENTRO DOWN",CAJEME,CIUDAD OBREGON,27.488303,-109.9105433,CONECTADA,2.17,"27.4776144, -109.9289854",0,NIVEL 2 (MEDIO),,,,
536,ESCUELAS,TELESECUNDARIA 149,BACUM,VILLA GUADALUPE,27.211111,-110.131111,CONECTADA,11.04,"27.243481, -110.236694",0,NIVEL 2 (MEDIO),,,,
543,ESCUELAS,GENERAL LAZARO CARDENAS,BAVIACORA,LA AURORA,29.579444,-110.133333,CONECTADA,15.3,"29.7141899999999, -110.16544",0,NIVEL 2 (MEDIO),,,,
546,ESCUELAS,AGUSTIN DE VILDOSOLA,BAVISPE,BAVISPE,30.479158,-108.939243,CONECTADA,0.41,"30.47735, -108.942961",1,NIVEL 1 (BAJO),,,,
547,ESCUELAS,JOSEFA ORTIZ DE DOMINGUEZ,BAVISPE,SAN MIGUELITO,30.518333,-108.967222,CONECTADA,0.32,"30.516485, -108.969837",1,NIVEL 1 (BAJO),,,,
548,ESCUELAS,BENITO JUAREZ GARCIA,BAVISPE,LA MORA,30.59,-108.95,CONECTADA,8.39,"30.516485, -108.969837",0,NIVEL 2 (MEDIO),,,,
944,ESCUELAS,CLOTILDE FLORES,CAJEME,COCORIT,27.575359,-109.960791,CONECTADA,2.19,"27.56626, -109.9411",0,NIVEL 2 (MEDIO),,,,
549,ESCUELAS,GENERAL MIGUEL S SAMANIEGO,BAVISPE,BAVISPE,30.478759,-108.940637,CONECTADA,0.27,"30.47735, -108.942961",1,NIVEL 1 (BAJO),,,,
550,ESCUELAS,TELESECUNDARIA 198,BAVISPE,BAVISPE,30.478629,-108.945304,CONECTADA,0.02,"30.478768, -108.945214",0,NIVEL 2 (MEDIO),,,,
551,ESCUELAS,TELESECUNDARIA 255,BAVISPE,SAN MIGUELITO,30.518333,-108.967222,CONECTADA,0.32,"30.516485, -108.969837",1,NIVEL 1 (BAJO),,,,
552,ESCUELAS,TELESECUNDARIA 373,BAVISPE,LA MORA,30.59,-108.95,CONECTADA,8.39,"30.516485, -108.969837",0,NIVEL 2 (MEDIO),,,,
571,ESCUELAS,JOSEFA ORTIZ DE DOMINGUEZ C JR,BENITO JUAREZ,VILLA JUAREZ,27.127626,-109.830608,CONECTADA,0.08,"27.128213, -109.830136",0,NIVEL 2 (MEDIO),,,,
622,ESCUELAS,ESCUELA PRIMARIA NUEVA CREACION,CABORCA,PLUTARCO ELIAS CALLES (LA Y GRIEGA),30.801767,-112.718288,CONECTADA,0.64,"30.8041667, -112.71222",0,NIVEL 2 (MEDIO),,,,
625,ESCUELAS,JOSE VASCONCELOS,CABORCA,SALOMON QUIHUIS,30.577778,-112.254167,CONECTADA,15.16,"30.590797, -112.41184",0,NIVEL 2 (MEDIO),,,,
631,ESCUELAS,GENERAL LAZARO CARDENAS,CABORCA,RODOLFO CAMPODONICO,30.958889,-113.011667,CONECTADA,2.42,"30.93714, -113.01164",0,NIVEL 2 (MEDIO),,,,
635,ESCUELAS,DON BENITO JUAREZ,CABORCA,SAN ISIDRO,30.7975,-112.426389,CONECTADA,10.28,"30.705106, -112.430622",0,NIVEL 2 (MEDIO),,,,
637,ESCUELAS,JESUS GARCIA,CABORCA,JESUS GARCIA,30.730556,-112.395278,CONECTADA,4.41,"30.705106, -112.430622",0,NIVEL 2 (MEDIO),,,,
639,ESCUELAS,EMILIANO ZAPATA,CABORCA,ADOLFO ORIBE DE ALVA,30.935833,-113.006944,CONECTADA,0.47,"30.93714, -113.01164",0,NIVEL 2 (MEDIO),,,,
946,ESCUELAS,RUFFO E VITELA,CAJEME,ESPERANZA,27.581168,-109.931319,CONECTADA,1.92,"27.56626, -109.9411",0,NIVEL 2 (MEDIO),,,,
641,ESCUELAS,CUAUHTEMOC,CABORCA,SAN PEDRO,31.033611,-112.393056,CONECTADA,36.7,"30.705106, -112.430622",0,NIVEL 2 (MEDIO),,,,
642,ESCUELAS,ALVARO OBREGON,CABORCA,ALVARO OBREGON,30.791389,-112.993333,CONECTADA,7.03,"30.7359175, -112.958025",0,NIVEL 2 (MEDIO),,,,
650,ESCUELAS,RUBEN C NAVARRO,CABORCA,PUERTO LOBOS,30.271514,-112.846678,CONECTADA,52.73,"30.7359175, -112.958025",0,NIVEL 2 (MEDIO),,,,
652,ESCUELAS,EMILIANO ZAPATA,CABORCA,ALFONSO GARZON SANTIVAÑES (ZACATECAS),30.4825,-112.276667,CONECTADA,17.68,"30.590797, -112.41184",0,NIVEL 2 (MEDIO),,,,
653,ESCUELAS,LAZARO CARDENAS DEL RIO,CABORCA,EL PIRUL,30.8425,-112.706944,CONECTADA,4.16,"30.805425, -112.7130333",0,NIVEL 2 (MEDIO),,,,
950,ESCUELAS,PROF. HUMBERTO OCHOA MARTINEZ,CAJEME,CIUDAD OBREGON,27.45816,-109.923521,CONECTADA,0.87,"27.46464167, -109.9284222",0,NIVEL 2 (MEDIO),,,,
654,ESCUELAS,NIÑOS HEROES,CABORCA,CERRO BLANCO,30.749444,-112.861944,CONECTADA,4.9,"30.79001, -112.84186",0,NIVEL 2 (MEDIO),,,,
655,ESCUELAS,MANUEL ACUNA,CABORCA,LA MOCHOMERA (LA MORENA),30.724167,-112.943611,CONECTADA,1.9,"30.7359175, -112.958025",0,NIVEL 2 (MEDIO),,,,
656,ESCUELAS,HEROES DE 6 DE ABRIL DE 1857,CABORCA,LA PRIMAVERA,30.499444,-112.320833,CONECTADA,13.38,"30.590797, -112.41184",0,NIVEL 2 (MEDIO),,,,
659,ESCUELAS,VENUSTIANO CARRANZA,CABORCA,SIEMPRE VIVA,30.745735,-112.453546,CONECTADA,5.02,"30.705106, -112.430622",0,NIVEL 2 (MEDIO),,,,
660,ESCUELAS,BENITO JUAREZ,CABORCA,LAZARO CARDENAS,30.949367,-112.968025,CONECTADA,4.38,"30.93714, -113.01164",0,NIVEL 2 (MEDIO),,,,
951,ESCUELAS,FRANCISCO MIRANDA MONTAÑO,CAJEME,CIUDAD OBREGON,27.442848,-109.926199,CONECTADA,0.13,"27.44298964, -109.9249233",0,NIVEL 2 (MEDIO),,,,
662,ESCUELAS,UVALDO HERNANDEZ LOPEZ,CABORCA,EL SAHUARO,31.049444,-112.939722,CONECTADA,14.25,"30.93714, -113.01164",0,NIVEL 2 (MEDIO),,,,
666,ESCUELAS,CENTRO DE ATENCION MULTIPLE NUM. 53,NAVOJOA,NAVOJOA,27.063497,-109.447446,CONECTADA,0.33,"27.06563326, -109.4497993",0,NIVEL 2 (MEDIO),,,,
682,ESCUELAS,TELESECUNDARIA 82,CABORCA,ALFONSO GARZON SANTIVAÑES (ZACATECAS),30.4825,-112.276667,CONECTADA,17.68,"30.590797, -112.41184",0,NIVEL 2 (MEDIO),,,,
683,ESCUELAS,TELESECUNDARIA 204,CABORCA,LA ALMITA,30.706944,-112.433333,CONECTADA,0.33,"30.705106, -112.430622",0,NIVEL 2 (MEDIO),,,,
684,ESCUELAS,TELESECUNDARIA 289,CABORCA,JOSEFA ORTIZ DE DOMINGUEZ,30.591667,-112.411667,CONECTADA,0.1,"30.590797, -112.41184",0,NIVEL 2 (MEDIO),,,,
685,ESCUELAS,TELESECUNDARIA 290,CABORCA,ADOLFO ORIBE DE ALVA,30.935833,-113.006944,CONECTADA,0.47,"30.93714, -113.01164",0,NIVEL 2 (MEDIO),,,,
686,ESCUELAS,TELESECUNDARIA 291,CABORCA,ALVARO OBREGON,30.791389,-112.993333,CONECTADA,7.03,"30.7359175, -112.958025",0,NIVEL 2 (MEDIO),,,,
687,ESCUELAS,TELESECUNDARIA 327,CABORCA,LA MOCHOMERA (LA MORENA),30.724167,-112.943611,CONECTADA,1.9,"30.7359175, -112.958025",0,NIVEL 2 (MEDIO),,,,
688,ESCUELAS,TELESECUNDARIA 328,CABORCA,LA PRIMAVERA,30.499444,-112.320833,CONECTADA,13.38,"30.590797, -112.41184",0,NIVEL 2 (MEDIO),,,,
689,ESCUELAS,TELESECUNDARIA 339,CABORCA,DESEMBOQUE,30.568333,-113.006667,CONECTADA,19.21,"30.7359175, -112.958025",0,NIVEL 2 (MEDIO),,,,
690,ESCUELAS,TELESECUNDARIA 340,CABORCA,JESUS GARCIA,30.730556,-112.395278,CONECTADA,4.41,"30.705106, -112.430622",0,NIVEL 2 (MEDIO),,,,
954,ESCUELAS,JESUS AGUIRRE DURAN,CAJEME,CIUDAD OBREGON,27.487298,-109.939762,CONECTADA,1.32,"27.49709444, -109.9322056",0,NIVEL 2 (MEDIO),,,,
960,ESCUELAS,OLGA DIAZ ESQUER,CAJEME,CIUDAD OBREGON,27.475404,-109.924901,CONECTADA,0.47,"27.4776144, -109.9289854",0,NIVEL 2 (MEDIO),,,,
975,ESCUELAS,TELESECUNDARIA 43,CAJEME,BUENAVISTA,27.8,-109.903611,CONECTADA,26.25,"27.56626, -109.9411",0,NIVEL 2 (MEDIO),,,,
985,ESCUELAS,MARTIRES DE 1906,CANANEA,HEROICA CIUDAD DE CANANEA,30.983711,-110.292924,CONECTADA,1.64,"30.9777, -110.308617",0,NIVEL 2 (MEDIO),,,,
986,ESCUELAS,ARISTOTELES,CANANEA,HEROICA CIUDAD DE CANANEA,30.995139,-110.269682,CONECTADA,0.71,"30.98961, -110.26602",0,NIVEL 2 (MEDIO),,,,
988,ESCUELAS,EUA,CANANEA,HEROICA CIUDAD DE CANANEA,30.987014,-110.268788,CONECTADA,0.39,"30.98961, -110.26602",0,NIVEL 2 (MEDIO),,,,
989,ESCUELAS,ESPERANZA,CANANEA,HEROICA CIUDAD DE CANANEA,30.988151,-110.298364,CONECTADA,1.52,"30.9777, -110.308617",0,NIVEL 2 (MEDIO),,,,
990,ESCUELAS,VALLE DEL COBRE,CANANEA,HEROICA CIUDAD DE CANANEA,30.99021,-110.282549,CONECTADA,1.58,"30.98961, -110.26602",0,NIVEL 2 (MEDIO),,,,
991,ESCUELAS,DESPERTAR,CANANEA,HEROICA CIUDAD DE CANANEA,30.978457,-110.299776,CONECTADA,0.85,"30.9777, -110.308617",0,NIVEL 2 (MEDIO),,,,
1549,ESCUELAS,PRADERAS,HERMOSILLO,HERMOSILLO,29.062487,-110.97277,CONECTADA,1.43,"29.06763827, -110.9592655",0,NIVEL 2 (MEDIO),,,,
994,ESCUELAS,AURORA,CANANEA,HEROICA CIUDAD DE CANANEA,30.99508,-110.273231,CONECTADA,0.92,"30.98961, -110.26602",0,NIVEL 2 (MEDIO),,,,
1007,ESCUELAS,MANUEL M DIEGUEZ,CANANEA,HEROICA CIUDAD DE CANANEA,30.982559,-110.301696,CONECTADA,0.85,"30.9777, -110.308617",0,NIVEL 2 (MEDIO),,,,
1009,ESCUELAS,MARGARITA,CANANEA,HEROICA CIUDAD DE CANANEA,30.983771,-110.295039,CONECTADA,1.46,"30.9777, -110.308617",0,NIVEL 2 (MEDIO),,,,
1010,ESCUELAS,RAFAELA M DE RUIZ,CANANEA,HEROICA CIUDAD DE CANANEA,30.983042,-110.299934,CONECTADA,1.02,"30.9777, -110.308617",0,NIVEL 2 (MEDIO),,,,
1011,ESCUELAS,CRUZ AMALIA ELIAS GONZALEZ,CANANEA,HEROICA CIUDAD DE CANANEA,30.982304,-110.294381,CONECTADA,1.45,"30.9777, -110.308617",0,NIVEL 2 (MEDIO),,,,
1015,ESCUELAS,LEONA VICARIO,CANANEA,HEROICA CIUDAD DE CANANEA,30.982691,-110.30259,CONECTADA,0.8,"30.9777, -110.308617",0,NIVEL 2 (MEDIO),,,,
1019,ESCUELAS,TELESECUNDARIA 214,CANANEA,VICENTE GUERRERO,30.979722,-110.471111,CONECTADA,9.14,"31.00504444, -110.3799139",0,NIVEL 2 (MEDIO),,,,
1020,ESCUELAS,TELESECUNDARIA 323,CANANEA,CUITACA,31.004722,-110.4925,CONECTADA,10.73,"31.00504444, -110.3799139",0,NIVEL 2 (MEDIO),,,,
1027,ESCUELAS,TELESECUNDARIA 81,CUCURPE,CUCURPE,30.331787,-110.704642,CONECTADA,0.11,"30.331072, -110.70545",0,NIVEL 2 (MEDIO),,,,
1033,ESCUELAS,REVOLUCION,CUMPAS,TEONADEPA,29.991667,-109.7975,CONECTADA,2.14,"29.996425, -109.77598",1,NIVEL 1 (BAJO),,,,
1039,ESCUELAS,TELESECUNDARIA 78,CUMPAS,LOS HOYOS,30.124444,-109.782222,CONECTADA,14.07,"29.998067, -109.775114",0,NIVEL 2 (MEDIO),,,,
1040,ESCUELAS,TELESECUNDARIA 79,CUMPAS,JECORI,29.936667,-109.736111,CONECTADA,0.48,"29.939763, -109.739574",0,NIVEL 2 (MEDIO),,,,
1044,ESCUELAS,TELESECUNDARIA 76,DIVISADEROS,DIVISADEROS,29.611579,-109.471534,CONECTADA,0.38,"29.614828, -109.470172",0,NIVEL 2 (MEDIO),,,,
1059,ESCUELAS,LUIS ALFONSO FRANCO AGUAYO,CAJEME,31 DE OCTUBRE,27.295833,-110.0375,CONECTADA,6.28,"27.35232762, -110.0380822",0,NIVEL 2 (MEDIO),,,,
1064,ESCUELAS,LEONA VICARIO,EMPALME,MAYTORENA,28.071389,-110.747222,CONECTADA,0.48,"28.075694, -110.747167",1,NIVEL 1 (BAJO),,,,
1065,ESCUELAS,NIÑOS HEROES,EMPALME,JUNELANCAHUI (EL MEZQUITE),28.070556,-110.547222,CONECTADA,0.2,"28.069167, -110.548444",0,NIVEL 2 (MEDIO),,,,
1078,ESCUELAS,JUAN MALDONADO GUAGUETCHIA,EMPALME,EMPALME,27.962083,-110.785407,CONECTADA,0.69,"27.959147, -110.79165",0,NIVEL 2 (MEDIO),,,,
1081,ESCUELAS,MARIA CARO OLIVA,EMPALME,EMPALME,27.957496,-110.775415,CONECTADA,1.61,"27.959147, -110.79165",0,NIVEL 2 (MEDIO),,,,
1088,ESCUELAS,20 DE NOVIEMBRE,EMPALME,EMPALME,27.959089,-110.825772,CONECTADA,0.98,"27.957581, -110.815899",0,NIVEL 2 (MEDIO),,,,
1090,ESCUELAS,TELESECUNDARIA 137,EMPALME,MAYTORENA,28.071389,-110.747222,CONECTADA,0.48,"28.075694, -110.747167",0,NIVEL 2 (MEDIO),,,,
1091,ESCUELAS,TELESECUNDARIA 138,EMPALME,ANTONIO ROSALES,28.079444,-110.611389,CONECTADA,0.25,"28.077694, -110.612917",0,NIVEL 2 (MEDIO),,,,
1093,ESCUELAS,ESCUELA SECUNDARIA TECNICA NUM. 12,SAN LUIS RIO COLORADO,ISLITA,32.380278,-114.871111,CONECTADA,8.86,"32.44079, -114.80972",0,NIVEL 2 (MEDIO),,,,
1097,ESCUELAS,TELESECUNDARIA 374,EMPALME,JUAN RODRIGUEZ,28.009722,-110.589167,CONECTADA,7.72,"28.069167, -110.548444",0,NIVEL 2 (MEDIO),,,,
1111,ESCUELAS,EL ARBOL,ETCHOJOA,BACAJAQUIA,27.074722,-109.650556,CONECTADA,0.09,"27.074443, -109.65144",1,NIVEL 1 (BAJO),,,,
1130,ESCUELAS,MAYOKAWI,ETCHOJOA,MAYOCAHUI (EL CERRO),27.038889,-109.736111,CONECTADA,0.55,"27.038223, -109.741627",1,NIVEL 1 (BAJO),,,,
1143,ESCUELAS,LAZARO CARDENAS DEL RIO,ETCHOJOA,BACOBAMPO,26.979099,-109.656963,CONECTADA,0.08,"26.97865556, -109.6562833",0,NIVEL 2 (MEDIO),,,,
1158,ESCUELAS,20 DE NOVIEMBRE,ETCHOJOA,BACAJAQUIA,27.074722,-109.650556,CONECTADA,0.09,"27.074443, -109.65144",1,NIVEL 1 (BAJO),,,,
1172,ESCUELAS,INDIGENAS DEL MAYO,ETCHOJOA,JUCHICA,27.083889,-109.645833,CONECTADA,0.09,"27.083333, -109.646555",1,NIVEL 1 (BAJO),,,,
1193,ESCUELAS,NIÑOS HEROES,ETCHOJOA,ESPAÑA (CAMPO NUMERO UNO),26.99,-109.707505,CONECTADA,0.08,"26.990163, -109.708276",1,NIVEL 1 (BAJO),,,,
1196,ESCUELAS,GENERAL LAZARO CARDENAS,ETCHOJOA,MAYOCAHUI (EL CERRO),27.038889,-109.736111,CONECTADA,0.55,"27.038223, -109.741627",1,NIVEL 1 (BAJO),,,,
1218,ESCUELAS,MARTIN R ENCINAS,ETCHOJOA,BACOBAMPO,26.990473,-109.657499,CONECTADA,1.31,"26.979011, -109.654255",0,NIVEL 2 (MEDIO),,,,
1228,ESCUELAS,ABELARDO L. RODRIGUEZ,ETCHOJOA,BACOBAMPO,26.982712,-109.652406,CONECTADA,0.45,"26.979011, -109.654255",0,NIVEL 2 (MEDIO),,,,
1255,ESCUELAS,21 DE AGOSTO,FRONTERAS,TURICACHI,30.662222,-109.592778,CONECTADA,25.95,"30.894625, -109.568311",1,NIVEL 1 (BAJO),,,,
1260,ESCUELAS,TELESECUNDARIA 216,FRONTERAS,FRONTERAS,30.898295,-109.559046,CONECTADA,0.97,"30.894625, -109.568311",0,NIVEL 2 (MEDIO),,,,
1280,ESCUELAS,TELESECUNDARIA 347,GENERAL PLUTARCO ELIAS CALLES,VALDEZ,31.702786,-112.54117,CONECTADA,34.23,"31.864325, -112.8494722",0,NIVEL 2 (MEDIO),,,,
1281,ESCUELAS,TELESECUNDARIA 350,GENERAL PLUTARCO ELIAS CALLES,EL DESIERTO DE SONORA,31.825278,-112.757778,CONECTADA,9.69,"31.864325, -112.8494722",0,NIVEL 2 (MEDIO),,,,
1301,ESCUELAS,FRANCISCO I. MADERO,GUAYMAS,HEROICA GUAYMAS,27.903606,-110.909381,CONECTADA,1.96,"27.91950278, -110.9007333",0,NIVEL 2 (MEDIO),,,,
1345,ESCUELAS,ESCUELA PRIMARIA NUEVA CREACION,GUAYMAS,BAUGO (GUASIMAS),27.914444,-110.573333,CONECTADA,17.38,"28.069167, -110.548444",0,NIVEL 2 (MEDIO),,,,
1361,ESCUELAS,ALEJANDRO C. IBERRI,GUAYMAS,HEROICA GUAYMAS,27.918989,-110.902702,CONECTADA,0.2,"27.91950278, -110.9007333",0,NIVEL 2 (MEDIO),,,,
1647,ESCUELAS,MEXICO,HERMOSILLO,HERMOSILLO,29.076356,-110.983599,CONECTADA,1.86,"29.09152931, -110.9754964",0,NIVEL 2 (MEDIO),,,,
1364,ESCUELAS,VICENTE SUAREZ,GUAYMAS,EDMUNDO SANCHEZ (EL CHORIZO),28.16,-110.688611,CONECTADA,9.53,"28.1576944, -110.5913889",0,NIVEL 2 (MEDIO),,,,
1365,ESCUELAS,FRANCISCO MARQUEZ,GUAYMAS,FRANCISCO MARQUEZ,28.1598,-110.587104,CONECTADA,0.48,"28.1576944, -110.5913889",0,NIVEL 2 (MEDIO),,,,
1366,ESCUELAS,RICARDO FLORES MAGON,GUAYMAS,TRIUNFO SANTA ROSA,28.139444,-110.606111,CONECTADA,2.49,"28.1576944, -110.5913889",0,NIVEL 2 (MEDIO),,,,
1369,ESCUELAS,GENERAL LAZARO CARDENAS,GUAYMAS,GENERAL LAZARO CARDENAS,28.316111,-110.588056,CONECTADA,6.09,"28.27353, -110.62722",0,NIVEL 2 (MEDIO),,,,
1370,ESCUELAS,AMADO NERVO,GUAYMAS,GENERAL FELIPE ANGELES,28.273056,-110.627778,CONECTADA,0.08,"28.27353, -110.62722",0,NIVEL 2 (MEDIO),,,,
1371,ESCUELAS,FRANCISCO VILLA,GUAYMAS,HEROICA GUAYMAS,27.918398,-110.899506,CONECTADA,0.17,"27.91950278, -110.9007333",0,NIVEL 2 (MEDIO),,,,
1377,ESCUELAS,JESUS GARCIA,GUAYMAS,LA MISA,28.374722,-110.531667,CONECTADA,0.03,"28.37488, -110.53142",0,NIVEL 2 (MEDIO),,,,
1379,ESCUELAS,BELISARIO DOMINGUEZ,GUAYMAS,NICOLAS BRAVO,28.190278,-110.588611,CONECTADA,3.63,"28.1576944, -110.5913889",0,NIVEL 2 (MEDIO),,,,
1380,ESCUELAS,JOSE MARIA MORELOS Y PAVON,GUAYMAS,EL SAHUARAL,28.313333,-111.221944,CONECTADA,22.6,"28.317394, -111.4527777",0,NIVEL 2 (MEDIO),,,,
1389,ESCUELAS,GENERAL ALVARO OBREGON,GUAYMAS,HEROICA GUAYMAS,27.923587,-110.920168,CONECTADA,1.96,"27.91950278, -110.9007333",0,NIVEL 2 (MEDIO),,,,
1390,ESCUELAS,PLUTARCO ELIAS CALLES,GUAYMAS,NUEVO SAN FRANCISCO,28.189722,-110.662222,CONECTADA,7.8,"28.1576944, -110.5913889",0,NIVEL 2 (MEDIO),,,,
1397,ESCUELAS,ANTONIO MONTES GARCIA,GUAYMAS,HEROICA GUAYMAS,27.952934,-110.919734,CONECTADA,1.61,"27.94620556, -110.9342083",0,NIVEL 2 (MEDIO),,,,
1400,ESCUELAS,MARIA ESPERANZA SALCIDO RUIZ,GUAYMAS,HEROICA GUAYMAS,27.894736,-110.911565,CONECTADA,2.95,"27.91950278, -110.9007333",0,NIVEL 2 (MEDIO),,,,
1422,ESCUELAS,LORETO ENCINAS DE AVILES,GUAYMAS,HEROICA GUAYMAS,27.923243,-110.897233,CONECTADA,0.54,"27.91950278, -110.9007333",0,NIVEL 2 (MEDIO),,,,
1435,ESCUELAS,TELESECUNDARIA 2,GUAYMAS,LA MISA,28.374722,-110.531667,CONECTADA,0.03,"28.37488, -110.53142",0,NIVEL 2 (MEDIO),,,,
1443,ESCUELAS,CESAR ZEPEDA GARCIA,SAN LUIS RIO COLORADO,NUEVO MICHOACAN (ESTACION RIITO),32.166111,-114.961667,CONECTADA,4.68,"32.20119, -114.98914",0,NIVEL 2 (MEDIO),,,,
1451,ESCUELAS,EL CARACOLITO,HERMOSILLO,PUNTA CHUECA,29.015278,-112.160278,CONECTADA,0.11,"29.01624, -112.16025",1,NIVEL 1 (BAJO),,,,
1456,ESCUELAS,JUAN ESCUTIA,HERMOSILLO,HERMOSILLO,29.056924,-110.962516,CONECTADA,1.04,"29.064011, -110.955496",0,NIVEL 2 (MEDIO),,,,
1457,ESCUELAS,"SECUNDARIA GENERAL NO. 2 ""CAJEME""",HERMOSILLO,HERMOSILLO,29.11721,-110.972328,CONECTADA,2.01,"29.11026111, -110.9913861",0,NIVEL 2 (MEDIO),,,,
1458,ESCUELAS,ALFREDO E URUCHURTU,HERMOSILLO,HERMOSILLO,29.09888,-110.924579,CONECTADA,3.81,"29.06939286, -110.944628",0,NIVEL 2 (MEDIO),,,,
1462,ESCUELAS,NICOLAS CEDANO TORRES,HERMOSILLO,HERMOSILLO,29.156559,-111.01469,CONECTADA,0.92,"29.151882, -111.006934",0,NIVEL 2 (MEDIO),,,,
1463,ESCUELAS,LUIS DONALDO COLOSIO MURRIETA,HERMOSILLO,HERMOSILLO,29.121051,-110.98825,CONECTADA,1.24,"29.11026111, -110.9913861",0,NIVEL 2 (MEDIO),,,,
1464,ESCUELAS,NETZAHUALCOYOTL,HERMOSILLO,HERMOSILLO,29.120722,-110.958919,CONECTADA,3.36,"29.11026111, -110.9913861",0,NIVEL 2 (MEDIO),,,,
1465,ESCUELAS,RAFAEL HUERTA SANDOVAL,HERMOSILLO,HERMOSILLO,29.140103,-110.967445,CONECTADA,1.87,"29.14361389, -110.9862722",0,NIVEL 2 (MEDIO),,,,
1467,ESCUELAS,PROFR. HORACIO SORIA LARREA,HERMOSILLO,HERMOSILLO,29.065474,-111.006066,CONECTADA,3.96,"29.09499722, -111.0287889",0,NIVEL 2 (MEDIO),,,,
1474,ESCUELAS,MIGUEL ALEMAN VALDEZ,HERMOSILLO,MIGUEL ALEMAN (LA DOCE),28.841294,-111.487983,CONECTADA,0.15,"28.84228, -111.48905",0,NIVEL 2 (MEDIO),,,,
1478,ESCUELAS,NACAMERI,HERMOSILLO,HERMOSILLO,29.061128,-110.973153,CONECTADA,1.53,"29.06763827, -110.9592655",0,NIVEL 2 (MEDIO),,,,
1483,ESCUELAS,ARNOLD GESSEL,HERMOSILLO,HERMOSILLO,29.080034,-110.970799,CONECTADA,1.35,"29.0744732, -110.9584987",0,NIVEL 2 (MEDIO),,,,
1486,ESCUELAS,CUAUHTEMOC,HERMOSILLO,HERMOSILLO,29.031133,-110.957433,CONECTADA,2.26,"29.037639, -110.935456",0,NIVEL 2 (MEDIO),,,,
1493,ESCUELAS,ENRIQUETA DE PARODI,HERMOSILLO,HERMOSILLO,29.129941,-110.968639,CONECTADA,2.29,"29.14361389, -110.9862722",0,NIVEL 2 (MEDIO),,,,
1495,ESCUELAS,TIERRA FERTIL,HERMOSILLO,HERMOSILLO,29.058987,-110.968319,CONECTADA,1.3,"29.06763827, -110.9592655",0,NIVEL 2 (MEDIO),,,,
1500,ESCUELAS,LEON FELIPE,HERMOSILLO,HERMOSILLO,29.073986,-110.972988,CONECTADA,1.41,"29.0744732, -110.9584987",0,NIVEL 2 (MEDIO),,,,
1503,ESCUELAS,GABRIELA MISTRAL,HERMOSILLO,HERMOSILLO,29.052226,-110.974733,CONECTADA,2.28,"29.06763827, -110.9592655",0,NIVEL 2 (MEDIO),,,,
1515,ESCUELAS,ESTEFANIA CASTAÑEDA,HERMOSILLO,HERMOSILLO,29.130503,-110.976505,CONECTADA,1.74,"29.14361389, -110.9862722",0,NIVEL 2 (MEDIO),,,,
1516,ESCUELAS,JONAS E SALK,HERMOSILLO,HERMOSILLO,29.058757,-110.963957,CONECTADA,1.01,"29.064011, -110.955496",0,NIVEL 2 (MEDIO),,,,
1528,ESCUELAS,MAURICIO SAENZ BARRON,HERMOSILLO,HERMOSILLO,29.046579,-110.990456,CONECTADA,3.83,"29.06763827, -110.9592655",0,NIVEL 2 (MEDIO),,,,
1529,ESCUELAS,PROF. LAZARO MERCADO,HERMOSILLO,HERMOSILLO,29.05559,-110.952549,CONECTADA,0.98,"29.064011, -110.955496",0,NIVEL 2 (MEDIO),,,,
1537,ESCUELAS,JOHN LOCKE,HERMOSILLO,HERMOSILLO,29.087254,-110.994901,CONECTADA,1.94,"29.09152931, -110.9754964",0,NIVEL 2 (MEDIO),,,,
1544,ESCUELAS,ROSAS DE LA INFANCIA,HERMOSILLO,HERMOSILLO,29.127961,-110.980996,CONECTADA,1.81,"29.14361389, -110.9862722",0,NIVEL 2 (MEDIO),,,,
1554,ESCUELAS,LUIS SPOTA,HERMOSILLO,HERMOSILLO,29.138956,-110.966049,CONECTADA,2.03,"29.14361389, -110.9862722",0,NIVEL 2 (MEDIO),,,,
1567,ESCUELAS,MARGARITA URUCHURTU,HERMOSILLO,HERMOSILLO,29.043669,-110.997663,CONECTADA,4.59,"29.06763827, -110.9592655",0,NIVEL 2 (MEDIO),,,,
1603,ESCUELAS,EVELIO ESCALANTE ANTE,BENITO JUAREZ,JECOPACO,27.198333,-109.768056,CONECTADA,6.71,"27.258411, -109.761846",0,NIVEL 2 (MEDIO),,,,
1610,ESCUELAS,ESCUELA SECUNDARIA TECNICA NUM. 52,HUATABAMPO,YAVAROS (ISLA LAS VIEJAS),26.719807,-109.560949,CONECTADA,12.61,"26.820916667, -109.61855556",0,NIVEL 2 (MEDIO),,,,
1612,ESCUELAS,ESCUELA SECUNDARIA TECNICA NUM. 54,NAVOJOA,BACABACHI,26.895278,-109.393889,CONECTADA,0.57,"26.891989, -109.398275",0,NIVEL 2 (MEDIO),,,,
1614,ESCUELAS,JOSE LUIS OSUNA VILLA,CAJEME,CIUDAD OBREGON,27.46683,-109.924538,CONECTADA,0.45,"27.46464167, -109.9284222",0,NIVEL 2 (MEDIO),,,,
1615,ESCUELAS,JORGE ALBERTO MARTINEZ PLOMOSO,HERMOSILLO,HERMOSILLO,29.115941,-111.014267,CONECTADA,1.61,"29.102933, -111.007014",0,NIVEL 2 (MEDIO),,,,
1618,ESCUELAS,EDUARDO PEÑA IBARRA,HERMOSILLO,HERMOSILLO,29.025529,-110.95463,CONECTADA,2.3,"29.037639, -110.935456",0,NIVEL 2 (MEDIO),,,,
1621,ESCUELAS,ESCUELA SECUNDARIA TECNICA NUM. 63,HUATABAMPO,JUPARE,26.800278,-109.698333,CONECTADA,7.35,"26.842562, -109.641426",0,NIVEL 2 (MEDIO),,,,
1623,ESCUELAS,BENITO JUAREZ,HERMOSILLO,PUNTA CHUECA,29.015278,-112.160278,CONECTADA,0.11,"29.01624, -112.16025",0,NIVEL 2 (MEDIO),,,,
1627,ESCUELAS,AKKY-SEWA,HERMOSILLO,SAN JUANICO,29.403889,-111.2425,CONECTADA,32.44,"29.27303, -110.94341",0,NIVEL 2 (MEDIO),,,,
1637,ESCUELAS,DEMOFILO MALDONADO NATERAS,HERMOSILLO,HERMOSILLO,29.116149,-111.009474,CONECTADA,1.49,"29.102933, -111.007014",0,NIVEL 2 (MEDIO),,,,
1641,ESCUELAS,JESUS GARCIA,HERMOSILLO,EL ALAMITO BUENAVISTA (EL TRONCONAL),29.176111,-110.852222,CONECTADA,6.76,"29.196339, -110.7865361",0,NIVEL 2 (MEDIO),,,,
1643,ESCUELAS,HERMANOS FLORES MAGON,HERMOSILLO,HERMOSILLO,29.07517,-110.975739,CONECTADA,1.68,"29.0744732, -110.9584987",0,NIVEL 2 (MEDIO),,,,
1648,ESCUELAS,GENERAL VICENTE GUERRERO,HERMOSILLO,HERMOSILLO,29.047726,-110.968254,CONECTADA,2.19,"29.064011, -110.955496",0,NIVEL 2 (MEDIO),,,,
1651,ESCUELAS,GENERAL LAZARO CARDENAS DEL RIO,HERMOSILLO,HERMOSILLO,29.094056,-110.92142,CONECTADA,3.55,"29.06939286, -110.944628",0,NIVEL 2 (MEDIO),,,,
1652,ESCUELAS,ESTADO DE OAXACA,HERMOSILLO,HERMOSILLO,29.09004,-110.972129,CONECTADA,0.37,"29.09162451, -110.9754325",0,NIVEL 2 (MEDIO),,,,
1654,ESCUELAS,20 DE NOVIEMBRE,HERMOSILLO,SANTA EMILIA,29.150833,-110.79,CONECTADA,5.07,"29.196339, -110.7865361",0,NIVEL 2 (MEDIO),,,,
1656,ESCUELAS,NARCISO MENDOZA,HERMOSILLO,HERMOSILLO,29.119686,-110.96164,CONECTADA,3.07,"29.11026111, -110.9913861",0,NIVEL 2 (MEDIO),,,,
1663,ESCUELAS,ARTICULO 3 CONSTITUCIONAL,HERMOSILLO,HERMOSILLO,29.120969,-111.013109,CONECTADA,2.09,"29.102933, -111.007014",0,NIVEL 2 (MEDIO),,,,
1664,ESCUELAS,CLUB DE LEONES NUM. 3,HERMOSILLO,MINEROS DE PILARES,28.748333,-111.642222,CONECTADA,1.14,"28.75333, -111.632058",0,NIVEL 2 (MEDIO),,,,
1667,ESCUELAS,MARTIRES DE CANANEA 1906,HERMOSILLO,HERMOSILLO,29.114999,-110.986196,CONECTADA,0.73,"29.11026111, -110.9913861",0,NIVEL 2 (MEDIO),,,,
1669,ESCUELAS,EMILIANO ZAPATA,HERMOSILLO,MANUEL AVILA CAMACHO,28.982222,-111.703056,CONECTADA,0.28,"28.97997, -111.70435",0,NIVEL 2 (MEDIO),,,,
1671,ESCUELAS,5 DE MAYO,HERMOSILLO,CAMPO DEL CARMEN,29.313333,-110.829444,CONECTADA,8.75,"29.345094, -110.746816",0,NIVEL 2 (MEDIO),,,,
1673,ESCUELAS,21 DE MARZO,HERMOSILLO,HERMOSILLO,29.045252,-110.990322,CONECTADA,3.91,"29.06763827, -110.9592655",0,NIVEL 2 (MEDIO),,,,
1674,ESCUELAS,BENITO JUAREZ,HERMOSILLO,HERMOSILLO,29.091446,-110.96664,CONECTADA,0.85,"29.09162451, -110.9754325",0,NIVEL 2 (MEDIO),,,,
1678,ESCUELAS,JOSEFA ORTIZ DE DOMINGUEZ,HERMOSILLO,MIGUEL ALEMAN (LA DOCE),28.841334,-111.480466,CONECTADA,0.84,"28.84228, -111.48905",0,NIVEL 2 (MEDIO),,,,
1681,ESCUELAS,FERNANDO MONTES DE OCA,HERMOSILLO,PUERTO ARTURO,28.429189,-111.419754,CONECTADA,12.84,"28.317394, -111.4527777",0,NIVEL 2 (MEDIO),,,,
1684,ESCUELAS,NIÑOS HEROES,HERMOSILLO,HERMOSILLO,29.114938,-110.978383,CONECTADA,1.37,"29.11026111, -110.9913861",0,NIVEL 2 (MEDIO),,,,
1686,ESCUELAS,GENERAL ABELARDO L RODRIGUEZ,HERMOSILLO,HERMOSILLO,29.110385,-110.945477,CONECTADA,3.58,"29.09162451, -110.9754325",0,NIVEL 2 (MEDIO),,,,
1688,ESCUELAS,DIEGO RIVERA,HERMOSILLO,HERMOSILLO,29.090889,-110.972768,CONECTADA,0.27,"29.09162451, -110.9754325",0,NIVEL 2 (MEDIO),,,,
1690,ESCUELAS,EUSEBIO FRANCISCO KINO,HERMOSILLO,HERMOSILLO,29.106169,-111.012567,CONECTADA,0.65,"29.102933, -111.007014",0,NIVEL 2 (MEDIO),,,,
1691,ESCUELAS,FORD 97,HERMOSILLO,LOS POCITOS,28.572108,-111.395139,CONECTADA,28.88,"28.317394, -111.4527777",0,NIVEL 2 (MEDIO),,,,
1693,ESCUELAS,PROF. LAUREANO CALVO BERBER,HERMOSILLO,HERMOSILLO,29.074523,-110.934286,CONECTADA,1.16,"29.06939286, -110.944628",0,NIVEL 2 (MEDIO),,,,
1696,ESCUELAS,LIC. ADOLFO LOPEZ MATEOS,HERMOSILLO,EL CHOYUDO (LOS JAPONESES),28.322222,-111.452778,CONECTADA,0.54,"28.317394, -111.4527777",0,NIVEL 2 (MEDIO),,,,
1700,ESCUELAS,MAGISTERIO,HERMOSILLO,HERMOSILLO,29.056052,-110.978274,CONECTADA,2.25,"29.06763827, -110.9592655",0,NIVEL 2 (MEDIO),,,,
1711,ESCUELAS,RODOLFO CAMPODONICO,HERMOSILLO,HERMOSILLO,29.059664,-110.96869,CONECTADA,1.27,"29.06763827, -110.9592655",0,NIVEL 2 (MEDIO),,,,
1713,ESCUELAS,PROF. EDUARDO W VILLA,HERMOSILLO,HERMOSILLO,29.090146,-110.972178,CONECTADA,0.36,"29.09162451, -110.9754325",0,NIVEL 2 (MEDIO),,,,
1715,ESCUELAS,GENERAL LAZARO CARDENAS,HERMOSILLO,LA YUTA,29.091111,-111.732778,CONECTADA,12.66,"28.97997, -111.70435",0,NIVEL 2 (MEDIO),,,,
1716,ESCUELAS,NETZAHUALCOYOTL,HERMOSILLO,HERMOSILLO,29.072142,-110.977861,CONECTADA,1.88,"29.06763827, -110.9592655",0,NIVEL 2 (MEDIO),,,,
1717,ESCUELAS,VICENTE GUERRERO,HERMOSILLO,SAN FRANCISCO DE BATUC,29.184722,-110.830833,CONECTADA,4.49,"29.196339, -110.7865361",0,NIVEL 2 (MEDIO),,,,
1723,ESCUELAS,VENUSTIANO CARRANZA,HERMOSILLO,HERMOSILLO,29.033668,-110.98946,CONECTADA,4.72,"29.064011, -110.955496",0,NIVEL 2 (MEDIO),,,,
1726,ESCUELAS,ADOLFO DE LA HUERTA,HERMOSILLO,HERMOSILLO,29.119976,-111.032921,CONECTADA,2.81,"29.09499722, -111.0287889",0,NIVEL 2 (MEDIO),,,,
1728,ESCUELAS,ARMIDA DE LA VARA,HERMOSILLO,HERMOSILLO,29.122046,-111.027466,CONECTADA,2.91,"29.102933, -111.007014",0,NIVEL 2 (MEDIO),,,,
1729,ESCUELAS,PROF. HILARION SANTOS SANDOVAL,HERMOSILLO,HERMOSILLO,29.041872,-110.940696,CONECTADA,0.69,"29.037639, -110.935456",0,NIVEL 2 (MEDIO),,,,
1731,ESCUELAS,EJERCITO MEXICANO,HERMOSILLO,HERMOSILLO,29.016436,-110.943425,CONECTADA,1.16,"29.008651, -110.935527",0,NIVEL 2 (MEDIO),,,,
1732,ESCUELAS,VICENTE LOMBARDO TOLEDANO,HERMOSILLO,HERMOSILLO,29.143717,-110.97283,CONECTADA,1.31,"29.14361389, -110.9862722",0,NIVEL 2 (MEDIO),,,,
1738,ESCUELAS,RAFAEL SANTA CRUZ REYES,HERMOSILLO,HERMOSILLO,29.157153,-111.012892,CONECTADA,0.82,"29.151882, -111.006934",0,NIVEL 2 (MEDIO),,,,
1739,ESCUELAS,MANUEL GONZALEZ FRANCO,HERMOSILLO,HERMOSILLO,29.025669,-110.941794,CONECTADA,1.47,"29.037639, -110.935456",0,NIVEL 2 (MEDIO),,,,
1742,ESCUELAS,ERNESTO LOPEZ RIESGO,HERMOSILLO,HERMOSILLO,29.006665,-110.944063,CONECTADA,0.86,"29.008651, -110.935527",0,NIVEL 2 (MEDIO),,,,
1744,ESCUELAS,JESUS JOSE LOYA ABOYTIA,HERMOSILLO,HERMOSILLO,29.04763,-110.99865,CONECTADA,4.43,"29.06763827, -110.9592655",0,NIVEL 2 (MEDIO),,,,
1745,ESCUELAS,FRANCISCO MENESES FIERROS,HERMOSILLO,HERMOSILLO,29.149312,-110.960748,CONECTADA,2.56,"29.14361389, -110.9862722",0,NIVEL 2 (MEDIO),,,,
1749,ESCUELAS,ESCUELA PRIMARIA NUEVA CREACION,HERMOSILLO,HERMOSILLO,29.12612,-111.04333,CONECTADA,3.74,"29.09499722, -111.0287889",0,NIVEL 2 (MEDIO),,,,
1752,ESCUELAS,SERGIO FLORENTINO MOROYOQUI AYALA,HERMOSILLO,MIGUEL ALEMAN (LA DOCE),28.84711,-111.47239,CONECTADA,1.71,"28.84228, -111.48905",0,NIVEL 2 (MEDIO),,,,
1756,ESCUELAS,CUAUHTEMOC GARCIA VALLEJO,HERMOSILLO,HERMOSILLO,29.14155,-111.001828,CONECTADA,1.25,"29.151882, -111.006934",0,NIVEL 2 (MEDIO),,,,
1757,ESCUELAS,ESCUELA SECUNDARIA TECNICA NUM. 67,NAVOJOA,NAVOJOA,27.053977,-109.426187,CONECTADA,2.26,"27.07407267, -109.42939239",0,NIVEL 2 (MEDIO),,,,
1758,ESCUELAS,JUAN AVILA CORDOVA,AGUA PRIETA,AGUA PRIETA,31.320046,-109.566137,CONECTADA,0.77,"31.31913889, -109.5580556",0,NIVEL 2 (MEDIO),,,,
1759,ESCUELAS,LUCIO DE LA PAZ DELGADO,SAN LUIS RIO COLORADO,SAN LUIS RIO COLORADO,32.42814,-114.774818,CONECTADA,0.32,"32.427675, -114.778164",0,NIVEL 2 (MEDIO),,,,
1761,ESCUELAS,GUADALUPE RODRIGUEZ MARIN,GUAYMAS,HEROICA GUAYMAS,27.953643,-110.919653,CONECTADA,1.65,"27.94620556, -110.9342083",0,NIVEL 2 (MEDIO),,,,
1762,ESCUELAS,JOAQUIN ENRIQUEZ FLORES,HERMOSILLO,HERMOSILLO,29.01543,-110.944886,CONECTADA,1.18,"29.008651, -110.935527",0,NIVEL 2 (MEDIO),,,,
1765,ESCUELAS,ESCUELA SECUNDARIA TECNICA NUM. 75,SAN LUIS RIO COLORADO,SAN LUIS RIO COLORADO,32.424029,-114.74545,CONECTADA,0.64,"32.418469, -114.747258",0,NIVEL 2 (MEDIO),,,,
1784,ESCUELAS,JOSEFINA B NUÑEZ,HERMOSILLO,HERMOSILLO,29.090352,-110.944055,CONECTADA,2.01,"29.07631845, -110.9570658",0,NIVEL 2 (MEDIO),,,,
1798,ESCUELAS,PROFA. EVANGELINA PAREDES PESQUEIRA,HERMOSILLO,HERMOSILLO,29.01463,-110.932501,CONECTADA,0.49,"29.01221702, -110.9283082",0,NIVEL 2 (MEDIO),,,,
1801,ESCUELAS,MARIA DEL ROSARIO CHAVEZ CRUZ,HERMOSILLO,HERMOSILLO,29.006402,-110.929046,CONECTADA,0.65,"29.01221702, -110.9283082",0,NIVEL 2 (MEDIO),,,,
1802,ESCUELAS,BLANCA AZUCENA ESQUER TORRES,HERMOSILLO,HERMOSILLO,29.009872,-110.924393,CONECTADA,0.46,"29.01221702, -110.9283082",0,NIVEL 2 (MEDIO),,,,
1812,ESCUELAS,ADELINA ENCINAS EZRRE,HERMOSILLO,HERMOSILLO,29.09974,-111.02647,CONECTADA,0.57,"29.09499722, -111.0287889",0,NIVEL 2 (MEDIO),,,,
1813,ESCUELAS,MARIA HEREDIA DURON,HERMOSILLO,HERMOSILLO,29.141069,-110.96873,CONECTADA,1.73,"29.14361389, -110.9862722",0,NIVEL 2 (MEDIO),,,,
1817,ESCUELAS,JOSEFINA PADILLA DE JIMENEZ,HERMOSILLO,HERMOSILLO,29.098871,-110.954123,CONECTADA,2.22,"29.09162451, -110.9754325",0,NIVEL 2 (MEDIO),,,,
1827,ESCUELAS,MARIA DEL CARMEN ALVAREZ FIGUEROA,HERMOSILLO,HERMOSILLO,29.127057,-110.981209,CONECTADA,1.91,"29.14361389, -110.9862722",0,NIVEL 2 (MEDIO),,,,
1832,ESCUELAS,PROFA. ZOILA REYNA DE PALAFOX,HERMOSILLO,HERMOSILLO,29.128829,-110.986638,CONECTADA,1.64,"29.14361389, -110.9862722",0,NIVEL 2 (MEDIO),,,,
1835,ESCUELAS,PROF. FRANCISCO NAVARRO ESTRADA,HERMOSILLO,HERMOSILLO,29.029303,-110.94802,CONECTADA,1.53,"29.037639, -110.935456",0,NIVEL 2 (MEDIO),,,,
1838,ESCUELAS,LIC. ADOLFO LOPEZ MATEOS,HERMOSILLO,HERMOSILLO,29.107123,-110.978222,CONECTADA,1.33,"29.11026111, -110.9913861",0,NIVEL 2 (MEDIO),,,,
1839,ESCUELAS,PROF. ROSALIO E MORENO,HERMOSILLO,HERMOSILLO,29.067183,-110.956775,CONECTADA,0.07,"29.06771437, -110.9571943",0,NIVEL 2 (MEDIO),,,,
1849,ESCUELAS,PROFA. MA GUADALUPE ORTEGA DE SUAREZ,HERMOSILLO,HERMOSILLO,29.013789,-110.932274,CONECTADA,0.42,"29.01221702, -110.9283082",0,NIVEL 2 (MEDIO),,,,
1850,ESCUELAS,CLUB DE LEONES 4,HERMOSILLO,HERMOSILLO,29.048121,-110.954303,CONECTADA,1.46,"29.051335, -110.939713",0,NIVEL 2 (MEDIO),,,,
1851,ESCUELAS,"CLUB DE LEONES 5, MANUEL GONZALEZ",HERMOSILLO,HERMOSILLO,29.08618,-110.950848,CONECTADA,1.25,"29.07631845, -110.9570658",0,NIVEL 2 (MEDIO),,,,
1858,ESCUELAS,VICENTE GUERRERO,HERMOSILLO,HERMOSILLO,29.08045,-110.924034,CONECTADA,2.35,"29.06939286, -110.944628",0,NIVEL 2 (MEDIO),,,,
1864,ESCUELAS,PROFA. MARGARITA ROMANDIA DE MENDEZ,HERMOSILLO,HERMOSILLO,29.087644,-110.995011,CONECTADA,1.94,"29.09152931, -110.9754964",0,NIVEL 2 (MEDIO),,,,
1865,ESCUELAS,FORD 142 NUM. 1,HERMOSILLO,HERMOSILLO,29.01244,-110.928896,CONECTADA,0.06,"29.01221702, -110.9283082",0,NIVEL 2 (MEDIO),,,,
1872,ESCUELAS,RAMON GUILLERMO BONFIL VIVEROS,HERMOSILLO,HERMOSILLO,29.007683,-110.92925,CONECTADA,0.51,"29.01221702, -110.9283082",0,NIVEL 2 (MEDIO),,,,
1878,ESCUELAS,TEODOSIO NAVARRETE GARCIA,HERMOSILLO,HERMOSILLO,29.141326,-110.999704,CONECTADA,1.33,"29.14361389, -110.9862722",0,NIVEL 2 (MEDIO),,,,
1879,ESCUELAS,PROF. PASCUAL PEREZ GONZALEZ,HERMOSILLO,HERMOSILLO,29.128607,-110.968861,CONECTADA,2.38,"29.14361389, -110.9862722",0,NIVEL 2 (MEDIO),,,,
1881,ESCUELAS,BERNARDO RIVERA RODRIGUEZ,HERMOSILLO,HERMOSILLO,29.006144,-110.934461,CONECTADA,0.3,"29.008651, -110.935527",0,NIVEL 2 (MEDIO),,,,
1885,ESCUELAS,PROF. MANUEL MIRAZO NAVARRETE 1,HERMOSILLO,HERMOSILLO,29.117993,-110.974151,CONECTADA,1.88,"29.11026111, -110.9913861",0,NIVEL 2 (MEDIO),,,,
1886,ESCUELAS,NOE PALOMARES NAVARRO,HERMOSILLO,HERMOSILLO,29.146252,-111.011433,CONECTADA,0.76,"29.151882, -111.006934",0,NIVEL 2 (MEDIO),,,,
1887,ESCUELAS,MARIA CANDELARIA VANEGAS TREVOR,HERMOSILLO,HERMOSILLO,29.059802,-110.997823,CONECTADA,3.85,"29.06763827, -110.9592655",0,NIVEL 2 (MEDIO),,,,
1888,ESCUELAS,PEDRO VAZQUEZ RUBIANO,HERMOSILLO,HERMOSILLO,29.145816,-111.019606,CONECTADA,1.4,"29.151882, -111.006934",0,NIVEL 2 (MEDIO),,,,
1893,ESCUELAS,GILDARDO ERNESTO CORDOVA VILLEGAS,HERMOSILLO,HERMOSILLO,29.016003,-110.980008,CONECTADA,4.4,"29.008651, -110.935527",0,NIVEL 2 (MEDIO),,,,
1896,ESCUELAS,BERTHA LIDIA FIGUEROA LOPEZ,HERMOSILLO,HERMOSILLO,29.098889,-110.954167,CONECTADA,2.22,"29.09162451, -110.9754325",0,NIVEL 2 (MEDIO),,,,
1900,ESCUELAS,NUEVA CREACION PRIMARIA NIÑOS MIGRANTES,SANTA CRUZ,MIGUEL HIDALGO (SAN LAZARO),31.145556,-110.641389,CONECTADA,11.1,"31.237444, -110.595678",0,NIVEL 2 (MEDIO),,,,
1904,ESCUELAS,TELESECUNDARIA 159,HERMOSILLO,LA YUTA,29.091111,-111.732778,CONECTADA,12.66,"28.97997, -111.70435",0,NIVEL 2 (MEDIO),,,,
1914,ESCUELAS,TELESECUNDARIA 260,HERMOSILLO,PUNTA CHUECA,29.015278,-112.160278,CONECTADA,0.11,"29.01624, -112.16025",1,NIVEL 1 (BAJO),,,,
1918,ESCUELAS,TELESECUNDARIA 346,HERMOSILLO,MINEROS DE PILARES,28.748333,-111.642222,CONECTADA,1.14,"28.75333, -111.632058",0,NIVEL 2 (MEDIO),,,,
1919,ESCUELAS,TELESECUNDARIA 364,HERMOSILLO,PLAN DE AYALA,28.568666,-111.55446,CONECTADA,21.89,"28.75333, -111.632058",0,NIVEL 2 (MEDIO),,,,
1920,ESCUELAS,TELESECUNDARIA 375,HERMOSILLO,LA HABANA TRES,28.937778,-111.270833,CONECTADA,14.38,"28.85721389, -111.3863694",0,NIVEL 2 (MEDIO),,,,
1924,ESCUELAS,TELESECUNDARIA 167,HUACHINERA,HUACHINERA,30.206022,-108.960484,CONECTADA,0.13,"30.206972, -108.959694",0,NIVEL 2 (MEDIO),,,,
1926,ESCUELAS,TELESECUNDARIA 233,HUACHINERA,ARIBABI,30.068611,-109.087222,CONECTADA,0.47,"30.07004, -109.091843",0,NIVEL 2 (MEDIO),,,,
1930,ESCUELAS,JOSE RAFAEL CAMPOY,CAJEME,CIUDAD OBREGON,27.482557,-109.934804,CONECTADA,0.79,"27.4776144, -109.9289854",0,NIVEL 2 (MEDIO),,,,
1995,ESCUELAS,BENITO JUAREZ,HUATABAMPO,CHICHIBOJORO,26.647222,-109.295278,CONECTADA,2.78,"26.664839, -109.315089",1,NIVEL 1 (BAJO),,,,
2001,ESCUELAS,ALVARO OBREGON,HUATABAMPO,BACHIMOJAQUI,26.566944,-109.295,CONECTADA,0.25,"26.566143, -109.297314",1,NIVEL 1 (BAJO),,,,
2009,ESCUELAS,MIGUEL HIDALGO Y COSTILLA,HUATABAMPO,JAMBIOLABAMPO UNO,26.742222,-109.357778,CONECTADA,0.07,"26.742767, -109.357417",1,NIVEL 1 (BAJO),,,,
2095,ESCUELAS,SECUNDARIA ESTATAL NUM. 11,CAJEME,CIUDAD OBREGON,27.461897,-109.925496,CONECTADA,0.42,"27.46464167, -109.9284222",0,NIVEL 2 (MEDIO),,,,
2039,ESCUELAS,BAJA CALIFORNIA SUR,HUATABAMPO,FRANCISCO SARABIA,26.514722,-109.105833,CONECTADA,0.72,"26.508286, -109.104936",1,NIVEL 1 (BAJO),,,,
2046,ESCUELAS,PLUTARCO ELIAS CALLES,HUATABAMPO,MELCHOR OCAMPO,26.534444,-109.176667,CONECTADA,0.02,"26.53461, -109.17651",1,NIVEL 1 (BAJO),,,,
2047,ESCUELAS,MARIANO MATAMOROS,HUATABAMPO,MANUEL CAUDILLO,26.493611,-109.086389,CONECTADA,0.34,"26.490564, -109.086278",1,NIVEL 1 (BAJO),,,,
2050,ESCUELAS,MIGUEL HIDALGO Y COSTILLA,HUATABAMPO,SIREBAMPO,26.638056,-109.237222,CONECTADA,0.15,"26.639061, -109.236233",1,NIVEL 1 (BAJO),,,,
2061,ESCUELAS,VICENTE GUERRERO,HUATABAMPO,24 DE FEBRERO,26.505,-109.099722,CONECTADA,0.63,"26.508286, -109.104936",1,NIVEL 1 (BAJO),,,,
2076,ESCUELAS,PROF. MANUEL ROBLES TOVAR,CAJEME,ESPERANZA,27.579071,-109.936633,CONECTADA,1.49,"27.56626, -109.9411",0,NIVEL 2 (MEDIO),,,,
2094,ESCUELAS,TELESECUNDARIA 120,HUATABAMPO,LAS BOCAS,26.581389,-109.328056,CONECTADA,1.69,"26.59506, -109.33547",0,NIVEL 2 (MEDIO),,,,
2103,ESCUELAS,TELESECUNDARIA 271,HUATABAMPO,SIREBAMPO,26.638056,-109.237222,CONECTADA,0.15,"26.639061, -109.236233",1,NIVEL 1 (BAJO),,,,
2106,ESCUELAS,TELESECUNDARIA 336,HUATABAMPO,BACHOCO,26.728611,-109.411667,CONECTADA,5.61,"26.742767, -109.357417",1,NIVEL 1 (BAJO),,,,
2116,ESCUELAS,MARIO BARCELO ABRIL,BACADEHUACHI,BACADEHUACHI,29.809412,-109.144364,CONECTADA,0.17,"29.808589, -109.142825",0,NIVEL 2 (MEDIO),,,,
2134,ESCUELAS,EMILIANO ZAPATA,LA COLORADA,COBACHI,28.896389,-110.2475,CONECTADA,0.1,"28.896944, -110.248333",1,NIVEL 1 (BAJO),,,,
2135,ESCUELAS,NIÑOS HEROES DE CHAPULTEPEC,LA COLORADA,SAN JOSE DE PIMAS,28.715278,-110.346667,CONECTADA,22.36,"28.896944, -110.248333",1,NIVEL 1 (BAJO),,,,
2137,ESCUELAS,LIC. BENITO JUAREZ GARCIA,LA COLORADA,TECORIPA,28.624167,-109.953611,CONECTADA,0.11,"28.62378, -109.9546",1,NIVEL 1 (BAJO),,,,
2139,ESCUELAS,TELESECUNDARIA 66,LA COLORADA,TECORIPA,28.624167,-109.953611,CONECTADA,0.11,"28.62378, -109.9546",0,NIVEL 2 (MEDIO),,,,
2141,ESCUELAS,TELESECUNDARIA 69,LA COLORADA,ESTACION TORRES (ESTACION SERDAN),28.763611,-110.769722,CONECTADA,0.3,"28.766305, -110.769459",0,NIVEL 2 (MEDIO),,,,
2142,ESCUELAS,TELESECUNDARIA 162,LA COLORADA,COBACHI,28.896389,-110.2475,CONECTADA,0.1,"28.896944, -110.248333",0,NIVEL 2 (MEDIO),,,,
2149,ESCUELAS,SONOTL,MAGDALENA,MAGDALENA DE KINO,30.64093,-110.957813,CONECTADA,1.51,"30.6298, -110.96689",0,NIVEL 2 (MEDIO),,,,
2167,ESCUELAS,CATALINA ACOSTA DE BERNAL,HUATABAMPO,HUATABAMPO,26.8271,-109.63328,CONECTADA,1.61,"26.820916667, -109.61855556",0,NIVEL 2 (MEDIO),,,,
2184,ESCUELAS,EVOLUCION,MOCTEZUMA,SAN PATRICIO LA MESA (LA MESA),29.788611,-109.680278,CONECTADA,1.56,"29.80268, -109.68059",0,NIVEL 2 (MEDIO),,,,
2197,ESCUELAS,LIC. BENITO JUAREZ,NACORI CHICO,EL SAUZ,29.629722,-108.989167,CONECTADA,6.39,"29.68636, -108.97802",1,NIVEL 1 (BAJO),,,,
2323,ESCUELAS,HEROES DE SAHUARIPA,NAVOJOA,CAMOA,27.225,-109.258889,CONECTADA,16.07,"27.083018, -109.289376",1,NIVEL 1 (BAJO),,,,
2200,ESCUELAS,TELESECUNDARIA 169,NACORI CHICO,NACORI CHICO,29.683289,-108.980293,CONECTADA,0.41,"29.68636, -108.97802",0,NIVEL 2 (MEDIO),,,,
2201,ESCUELAS,TELESECUNDARIA 170,NACORI CHICO,EL SAUZ,29.629722,-108.989167,CONECTADA,6.39,"29.68636, -108.97802",0,NIVEL 2 (MEDIO),,,,
2226,ESCUELAS,EL MUNDITO,NAVOJOA,GUADALUPE DE JUAREZ,27.360833,-109.723056,CONECTADA,0.18,"27.3616, -109.721446",1,NIVEL 1 (BAJO),,,,
2227,ESCUELAS,U-ILI-SEWA,NAVOJOA,ETCHOHUAQUILA,27.318611,-109.756944,CONECTADA,0.03,"27.318841, -109.756846",1,NIVEL 1 (BAJO),,,,
2240,ESCUELAS,LUCECITA,NAVOJOA,GUADALUPE DE JUAREZ,27.360833,-109.723056,CONECTADA,0.18,"27.3616, -109.721446",1,NIVEL 1 (BAJO),,,,
2245,ESCUELAS,LA ESTRELLITA,NAVOJOA,FUNDICION,27.330278,-109.738056,CONECTADA,0.05,"27.33064, -109.73827",1,NIVEL 1 (BAJO),,,,
2251,ESCUELAS,GENESIS,NAVOJOA,SANTA MARÍA DEL BUARAJE,27.301389,-109.8,CONECTADA,0.33,"27.30295, -109.80285",1,NIVEL 1 (BAJO),,,,
2258,ESCUELAS,JUAN ESCUTIA,NAVOJOA,JOSTAHUECA,27.325556,-109.744722,CONECTADA,0.06,"27.325653, -109.745361",1,NIVEL 1 (BAJO),,,,
2299,ESCUELAS,SOR JUANA INES DE LA CRUZ,NAVOJOA,HUEBAMPO,26.708333,-109.263889,CONECTADA,0.06,"26.708611, -109.264444",1,NIVEL 1 (BAJO),,,,
2304,ESCUELAS,AQUILES SERDAN,NAVOJOA,LA POTABLE,26.880458,-109.448733,CONECTADA,0.18,"26.878814, -109.448692",1,NIVEL 1 (BAJO),,,,
2306,ESCUELAS,FERNANDO MONTES DE OCA,NAVOJOA,JOSTAHUECA,27.325556,-109.744722,CONECTADA,0.06,"27.325653, -109.745361",1,NIVEL 1 (BAJO),,,,
2315,ESCUELAS,ROSITA C DE AGUILERA,NAVOJOA,MUSUABAMPO,27.291667,-109.775833,CONECTADA,0.24,"27.290221, -109.777697",1,NIVEL 1 (BAJO),,,,
2318,ESCUELAS,CLUB CAMARA JUNIOR,NAVOJOA,NAVOJOA,27.066056,-109.432792,CONECTADA,0.95,"27.07407267, -109.42939239",0,NIVEL 2 (MEDIO),,,,
2328,ESCUELAS,MIGUEL HIDALGO,NAVOJOA,ETCHOHUAQUILA,27.318611,-109.756944,CONECTADA,0.03,"27.318841, -109.756846",1,NIVEL 1 (BAJO),,,,
2329,ESCUELAS,JOSE MA PINO SUAREZ,NAVOJOA,FUNDICION,27.330278,-109.738056,CONECTADA,0.05,"27.33064, -109.73827",1,NIVEL 1 (BAJO),,,,
2332,ESCUELAS,ESCUADRON 201,NAVOJOA,GUADALUPE DE JUAREZ,27.360833,-109.723056,CONECTADA,0.18,"27.3616, -109.721446",1,NIVEL 1 (BAJO),,,,
2362,ESCUELAS,LIC. ADOLFO LOPEZ MATEOS,NAVOJOA,JOAQUIN AMARO,27.258611,-109.760278,CONECTADA,0.16,"27.258411, -109.761846",1,NIVEL 1 (BAJO),,,,
2366,ESCUELAS,VENUSTIANO CARRANZA,NAVOJOA,SANTA MARÍA DEL BUARAJE,27.301389,-109.8,CONECTADA,0.33,"27.30295, -109.80285",1,NIVEL 1 (BAJO),,,,
2372,ESCUELAS,16 DE SEPTIEMBRE,NAVOJOA,CHIRAJOBAMPO,26.897222,-109.403889,CONECTADA,0.81,"26.891989, -109.398275",1,NIVEL 1 (BAJO),,,,
2373,ESCUELAS,VICENTE GUERRERO,NAVOJOA,LICENCIADO LUIS ECHEVERRIA ALVAREZ,26.838889,-109.363056,CONECTADA,0.2,"26.83747, -109.364304",1,NIVEL 1 (BAJO),,,,
2382,ESCUELAS,NARCIZO MENDOZA,NAVOJOA,EL SIFON (SIFON CANAL ALTO),27.275593,-109.784678,CONECTADA,1.77,"27.290221, -109.777697",0,NIVEL 2 (MEDIO),,,,
2384,ESCUELAS,JUAN BAUTISTA DE ANZA,NAVOJOA,BUARAJE VIEJO,27.260833,-109.798333,CONECTADA,3.62,"27.258411, -109.761846",1,NIVEL 1 (BAJO),,,,
2391,ESCUELAS,PROF. MIGUEL ANGEL LOYA MARTINEZ,HERMOSILLO,HERMOSILLO,29.095267,-110.978324,CONECTADA,0.49,"29.09162451, -110.9754325",0,NIVEL 2 (MEDIO),,,,
2393,ESCUELAS,SECUNDARIA ESTATAL NUM. 33,HERMOSILLO,HERMOSILLO,29.108055,-110.988654,CONECTADA,0.36,"29.11026111, -110.9913861",0,NIVEL 2 (MEDIO),,,,
2395,ESCUELAS,ING JUAN DE DIOS BOJORQUEZ,HERMOSILLO,HERMOSILLO,29.006729,-110.929195,CONECTADA,0.62,"29.01221702, -110.9283082",0,NIVEL 2 (MEDIO),,,,
2403,ESCUELAS,CENTRO ESCOLAR DEL MAYO,NAVOJOA,NAVOJOA,27.074294,-109.446609,CONECTADA,0.6,"27.07895278, -109.443525",0,NIVEL 2 (MEDIO),,,,
2409,ESCUELAS,CENTRO ESCOLAR TALAMANTE,NAVOJOA,NAVOJOA,27.081989,-109.448714,CONECTADA,0.16,"27.08241944, -109.4472139",0,NIVEL 2 (MEDIO),,,,
2546,ESCUELAS,IGNACIO W COVARRUBIAS,NOGALES,HEROICA NOGALES,31.318061,-110.948402,CONECTADA,0.33,"31.316111, -110.945833",0,NIVEL 2 (MEDIO),,,,
2415,ESCUELAS,TELESECUNDARIA 1,NAVOJOA,FUNDICION,27.330278,-109.738056,CONECTADA,0.05,"27.33064, -109.73827",0,NIVEL 2 (MEDIO),,,,
2433,ESCUELAS,TELESECUNDARIA 322,NAVOJOA,SAN ANTONIO DE LOS IBARRA (SAN ANTONIO),26.865556,-109.149444,CONECTADA,12.3,"26.785231, -109.234619",0,NIVEL 2 (MEDIO),,,,
2439,ESCUELAS,JORGE HUMBERTO GONZALEZ GODOY,NOGALES,HEROICA NOGALES,31.3017808,-110.3017808,CONECTADA,25.78,"31.10824, -110.45094",0,NIVEL 2 (MEDIO),,,,
2500,ESCUELAS,GENERAL VICENTE GUERRERO,NOGALES,MASCAREÑA (CASAS DEL FERROCARRIL),31.310278,-110.836111,CONECTADA,5.99,"31.300917, -110.898194",0,NIVEL 2 (MEDIO),,,,
2517,ESCUELAS,GUSTAVO LAMAS CASTAÑEDA,NOGALES,HEROICA NOGALES,31.280223,-110.968716,CONECTADA,0.87,"31.274739, -110.96225",0,NIVEL 2 (MEDIO),,,,
2530,ESCUELAS,MANUEL ENRIQUEZ MUNGUIA,ALAMOS,ALAMOS,27.022775,-108.933575,CONECTADA,0.43,"27.021836, -108.937803",1,NIVEL 1 (BAJO),,,,
2557,ESCUELAS,MARIA DE LOS ANGELES QUI¤ONES ALEJO,NOGALES,AGUA ZARCA (FERROCARRIL),31.1725,-110.964722,CONECTADA,1.32,"31.16167, -110.9703",0,NIVEL 2 (MEDIO),,,,
2563,ESCUELAS,LIC. BENITO JUAREZ,ONAVAS,ONAVAS,28.459637,-109.529604,CONECTADA,0.08,"28.460069, -109.528962",1,NIVEL 1 (BAJO),,,,
2564,ESCUELAS,TELESECUNDARIA 189,ONAVAS,ONAVAS,28.462509,-109.527144,CONECTADA,0.26,"28.460286, -109.527903",0,NIVEL 2 (MEDIO),,,,
2566,ESCUELAS,GUADALUPE VICTORIA,OPODEPE,MERESICHIC,30.029722,-110.675278,CONECTADA,12.53,"29.925443, -110.625861",1,NIVEL 1 (BAJO),,,,
2567,ESCUELAS,LIC. BENITO JUAREZ,OPODEPE,TUAPE,30.1475,-110.693611,CONECTADA,20.36,"30.330397, -110.704533",1,NIVEL 1 (BAJO),,,,
2568,ESCUELAS,VICENTE MONROY MENDOZA,CAJEME,CIUDAD OBREGON,27.439565,-109.927391,CONECTADA,0.45,"27.44298964, -109.9249233",0,NIVEL 2 (MEDIO),,,,
2571,ESCUELAS,TELESECUNDARIA 219,OPODEPE,OPODEPE,29.9265,-110.626815,CONECTADA,0.15,"29.925443, -110.625861",1,NIVEL 1 (BAJO),,,,
2629,ESCUELAS,AMADO NERVO,QUIRIEGO,QUIRIEGO,27.521614,-109.252922,CONECTADA,0.19,"27.52069, -109.251259",1,NIVEL 1 (BAJO),,,,
2573,ESCUELAS,TELESECUNDARIA 319,OQUITOA,OQUITOA,30.740085,-111.73434,CONECTADA,0.1,"30.7409, -111.7348",0,NIVEL 2 (MEDIO),,,,
2574,ESCUELAS,LOS GRILLITOS,PITIQUITO,DESEMBOQUE DE LOS SERIS (EL DESEMBOQUE),29.503889,-112.396667,CONECTADA,0.28,"29.50634, -112.39627",0,NIVEL 2 (MEDIO),,,,
2577,ESCUELAS,GUADALUPE VICTORIA,PITIQUITO,DESEMBOQUE DE LOS SERIS (EL DESEMBOQUE),29.503889,-112.396667,CONECTADA,0.28,"29.50634, -112.39627",0,NIVEL 2 (MEDIO),,,,
2583,ESCUELAS,TELESECUNDARIA 306,PITIQUITO,DESEMBOQUE DE LOS SERIS (EL DESEMBOQUE),29.503889,-112.396667,CONECTADA,0.28,"29.50634, -112.39627",0,NIVEL 2 (MEDIO),,,,
2617,ESCUELAS,DOROTEO ROMERO QUIÑONEZ,HERMOSILLO,HERMOSILLO,29.105722,-111.014333,CONECTADA,0.78,"29.102933, -111.007014",0,NIVEL 2 (MEDIO),,,,
2621,ESCUELAS,JARDIN DE NIÑOS NUEVA CREACION,QUIRIEGO,LOS BAJIOS (EJIDO LOS CONEJOS),27.673333,-108.991389,CONECTADA,27.58,"27.545293, -109.231119",1,NIVEL 1 (BAJO),,,,
2630,ESCUELAS,TELESECUNDARIA 3,QUIRIEGO,QUIRIEGO,27.521625,-109.25423,CONECTADA,0.31,"27.52069, -109.251259",0,NIVEL 2 (MEDIO),,,,
2633,ESCUELAS,TELESECUNDARIA 173,QUIRIEGO,CABORA,27.435,-109.552222,CONECTADA,18.59,"27.3616, -109.721446",0,NIVEL 2 (MEDIO),,,,
2637,ESCUELAS,ROBERTO H. CRUZ HOYOS,HERMOSILLO,HERMOSILLO,29.152439,-110.976682,CONECTADA,1.35,"29.14361389, -110.9862722",0,NIVEL 2 (MEDIO),,,,
2648,ESCUELAS,HERMENEGILDO GALEANA,ROSARIO,CEDROS,27.761389,-109.29,CONECTADA,0.23,"27.76029, -109.29198",1,NIVEL 1 (BAJO),,,,
2650,ESCUELAS,GENERAL ABELARDO L RODRIGUEZ,ROSARIO,NURI,28.115561,-109.328921,CONECTADA,0.22,"28.11424, -109.3272",1,NIVEL 1 (BAJO),,,,
2652,ESCUELAS,TELESECUNDARIA 95,ROSARIO,NURI,28.115561,-109.328921,CONECTADA,0.22,"28.11424, -109.3272",0,NIVEL 2 (MEDIO),,,,
2653,ESCUELAS,TELESECUNDARIA 96,ROSARIO,CEDROS,27.761389,-109.29,CONECTADA,0.23,"27.76029, -109.29198",1,NIVEL 1 (BAJO),,,,
2654,ESCUELAS,TELESECUNDARIA 220,ROSARIO,LA ESTRELLA,27.828056,-109.242778,CONECTADA,8.96,"27.76029, -109.29198",0,NIVEL 2 (MEDIO),,,,
2655,ESCUELAS,TELESECUNDARIA 240,ROSARIO,CUBA,28.044444,-109.279722,CONECTADA,0.03,"28.04432, -109.27945",0,NIVEL 2 (MEDIO),,,,
2656,ESCUELAS,TELESECUNDARIA 332,ROSARIO,PAREDONES,27.856667,-109.293611,CONECTADA,7.12,"27.850747, -109.365744",0,NIVEL 2 (MEDIO),,,,
2657,ESCUELAS,SAHUARIPA,SAHUARIPA,SAHUARIPA,29.047005,-109.231255,CONECTADA,1.06,"29.05637, -109.23347",1,NIVEL 1 (BAJO),,,,
2658,ESCUELAS,OSTIMURI,SAHUARIPA,SAHUARIPA,29.061707,-109.237092,CONECTADA,0.66,"29.05581, -109.23689",1,NIVEL 1 (BAJO),,,,
2662,ESCUELAS,IGNACIO ZARAGOZA,SAHUARIPA,TRIGO DE CORODEPE,28.624722,-108.949167,CONECTADA,15.8,"28.741214, -109.041887",0,NIVEL 2 (MEDIO),,,,
2670,ESCUELAS,ABELARDO L. RODRIGUEZ,SAHUARIPA,VALLE DE TACUPETO,28.796944,-109.165,CONECTADA,0.07,"28.79736, -109.16551",1,NIVEL 1 (BAJO),,,,
2671,ESCUELAS,TELESECUNDARIA 221,SAHUARIPA,VALLE DE TACUPETO,28.796944,-109.165,CONECTADA,0.07,"28.79736, -109.16551",0,NIVEL 2 (MEDIO),,,,
2672,ESCUELAS,TELESECUNDARIA 309,SAHUARIPA,MATARACHI,28.68757,-108.831,CONECTADA,21.41,"28.741214, -109.041887",0,NIVEL 2 (MEDIO),,,,
2675,ESCUELAS,TELESECUNDARIA 310,SAN FELIPE DE JESUS,SAN FELIPE DE JESUS,29.865112,-110.237861,CONECTADA,0.31,"29.86259, -110.239133",0,NIVEL 2 (MEDIO),,,,
2687,ESCUELAS,19 DE NOVIEMBRE,SAN IGNACIO RIO MUERTO,SAN IGNACIO RIO MUERTO,27.414804,-110.244775,CONECTADA,0.75,"27.409988, -110.239434",0,NIVEL 2 (MEDIO),,,,
2688,ESCUELAS,JOSE MA MORELOS Y PAVON,SAN IGNACIO RIO MUERTO,TETABIATE,27.445925,-110.321948,CONECTADA,0.27,"27.446833, -110.324444",1,NIVEL 1 (BAJO),,,,
2699,ESCUELAS,23 DE OCTUBRE,SAN IGNACIO RIO MUERTO,SAN IGNACIO RIO MUERTO,27.41942,-110.248225,CONECTADA,1.36,"27.409988, -110.239434",0,NIVEL 2 (MEDIO),,,,
2700,ESCUELAS,SECUNDARIA TECNICA ESTATAL NUM. 19,SANTA ANA,SANTA ANA,30.525657,-111.118355,CONECTADA,1.9,"30.54224722, -111.1137528",0,NIVEL 2 (MEDIO),,,,
2702,ESCUELAS,FRANCISCO I. MADERO,SAN IGNACIO RIO MUERTO,SAN IGNACIO RIO MUERTO,27.411932,-110.247963,CONECTADA,0.87,"27.409988, -110.239434",0,NIVEL 2 (MEDIO),,,,
2703,ESCUELAS,TELESECUNDARIA 9,SAN IGNACIO RIO MUERTO,BAHIA DE LOBOS,27.357719,-110.445991,CONECTADA,15.56,"27.446833, -110.324444",0,NIVEL 2 (MEDIO),,,,
2704,ESCUELAS,TELESECUNDARIA 122,SAN IGNACIO RIO MUERTO,SINGAPUR,27.4425,-110.234167,CONECTADA,0.06,"27.443028, -110.234133",0,NIVEL 2 (MEDIO),,,,
2710,ESCUELAS,GREGORIO FERNANDEZ LUCERO,SAN JAVIER,SAN JAVIER,28.595306,-109.740186,CONECTADA,0.05,"28.59521, -109.73969",1,NIVEL 1 (BAJO),,,,
2818,ESCUELAS,CARMEN RUIZ PAREDES,SAN LUIS RIO COLORADO,SAN LUIS RIO COLORADO,32.413295,-114.757008,CONECTADA,1.08,"32.418469, -114.747258",0,NIVEL 2 (MEDIO),,,,
2711,ESCUELAS,JESUS GARCIA,SAN JAVIER,SAN JAVIER,28.596431,-109.738817,CONECTADA,0.16,"28.59521, -109.73969",1,NIVEL 1 (BAJO),,,,
2712,ESCUELAS,TELESECUNDARIA 180,SAN JAVIER,SAN JAVIER,28.595814,-109.739353,CONECTADA,0.07,"28.59521, -109.73969",0,NIVEL 2 (MEDIO),,,,
2742,ESCUELAS,CUCAPAH,SAN LUIS RIO COLORADO,SAN LUIS RIO COLORADO,32.46057,-114.723958,CONECTADA,0.76,"32.46657778, -114.727925",0,NIVEL 2 (MEDIO),,,,
2752,ESCUELAS,YOLANDA MUÑOZ MEZA,SAN LUIS RIO COLORADO,SAN LUIS RIO COLORADO,32.421324,-114.773853,CONECTADA,0.81,"32.427675, -114.778164",0,NIVEL 2 (MEDIO),,,,
2774,ESCUELAS,JOSE MARIA MORELOS Y PAVON,SAN LUIS RIO COLORADO,SAN LUIS RIO COLORADO,32.436338,-114.775489,CONECTADA,1,"32.427675, -114.778164",0,NIVEL 2 (MEDIO),,,,
2784,ESCUELAS,JUAN G. CABRAL,SAN LUIS RIO COLORADO,SAN LUIS RIO COLORADO,32.436328,-114.749846,CONECTADA,1.52,"32.450023, -114.75052",0,NIVEL 2 (MEDIO),,,,
2794,ESCUELAS,FRANCISCO GALAVIZ GOMEZ,HERMOSILLO,HERMOSILLO,29.0897,-111.046201,CONECTADA,1.79,"29.09499722, -111.0287889",0,NIVEL 2 (MEDIO),,,,
2816,ESCUELAS,MARIA MENDOZA GOMEZ,SAN LUIS RIO COLORADO,SAN LUIS RIO COLORADO,32.428721,-114.779573,CONECTADA,0.18,"32.427675, -114.778164",0,NIVEL 2 (MEDIO),,,,
2820,ESCUELAS,TELESECUNDARIA 256,SAN LUIS RIO COLORADO,LAGUNITAS,32.320556,-114.898056,CONECTADA,5.02,"32.27571468, -114.89202642",0,NIVEL 2 (MEDIO),,,,
2821,ESCUELAS,TELESECUNDARIA 282,SAN LUIS RIO COLORADO,MONUMENTOS,32.45,-114.873611,CONECTADA,5.51,"32.46642, -114.8182",0,NIVEL 2 (MEDIO),,,,
2825,ESCUELAS,FORTUNATO SIARUQUI QUIJANO,SAN MIGUEL DE HORCASITAS,PESQUEIRA,29.377419,-110.90689,CONECTADA,12.14,"29.27303, -110.94341",0,NIVEL 2 (MEDIO),,,,
2828,ESCUELAS,ISMAEL S QUIROGA,SAN MIGUEL DE HORCASITAS,PUEBLO NUEVO,29.367778,-110.798056,CONECTADA,5.57,"29.345094, -110.746816",0,NIVEL 2 (MEDIO),,,,
2834,ESCUELAS,TELESECUNDARIA 235,SAN MIGUEL DE HORCASITAS,PUEBLO NUEVO,29.367778,-110.798056,CONECTADA,5.57,"29.345094, -110.746816",0,NIVEL 2 (MEDIO),,,,
2886,ESCUELAS,FRANCISCO I. MADERO,SOYOPA,SAN ANTONIO DE LA HUERTA,28.630556,-109.611111,CONECTADA,0.07,"28.62997, -109.61075",1,NIVEL 1 (BAJO),,,,
2848,ESCUELAS,SALVADOR JIMENEZ BADILLA,TUBUTAMA,LA SANGRE (LA SANGRE NUEVA),30.6425,-111.420278,CONECTADA,8.08,"30.573705, -111.447576",0,NIVEL 2 (MEDIO),,,,
2859,ESCUELAS,PEDRO GARCIA CONDE,SANTA ANA,ESTACION LLANO,30.361667,-111.104444,CONECTADA,13.74,"30.45145, -111.20288",0,NIVEL 2 (MEDIO),,,,
2862,ESCUELAS,TELESECUNDARIA 57,SANTA ANA,ESTACION LLANO,30.361667,-111.104444,CONECTADA,13.74,"30.45145, -111.20288",0,NIVEL 2 (MEDIO),,,,
2871,ESCUELAS,TELESECUNDARIA 56,SANTA CRUZ,MIGUEL HIDALGO (SAN LAZARO),31.145556,-110.641389,CONECTADA,11.1,"31.237444, -110.595678",0,NIVEL 2 (MEDIO),,,,
2878,ESCUELAS,TELESECUNDARIA 53,SARIC,SARIC,31.102895,-111.382748,CONECTADA,0.12,"31.103939, -111.382436",0,NIVEL 2 (MEDIO),,,,
2940,ESCUELAS,RAFAEL N COTA,VILLA PESQUEIRA,NACORI GRANDE,29.061111,-110.058333,CONECTADA,0.11,"29.060281, -110.057739",1,NIVEL 1 (BAJO),,,,
2879,ESCUELAS,TELESECUNDARIA 54,SARIC,SASABE,31.471944,-111.544167,CONECTADA,0.06,"31.47169, -111.54471",0,NIVEL 2 (MEDIO),,,,
2880,ESCUELAS,TELESECUNDARIA 321,SARIC,LOS CHIRRIONES,30.996111,-111.405278,CONECTADA,12.19,"31.103939, -111.382436",0,NIVEL 2 (MEDIO),,,,
2881,ESCUELAS,GENERAL PESQUEIRA,SOYOPA,REBEICO,28.886389,-109.747778,CONECTADA,0.39,"28.88552, -109.75171",1,NIVEL 1 (BAJO),,,,
2882,ESCUELAS,EPIFANIO E VIEYRA,SOYOPA,TONICHI,28.596944,-109.566111,CONECTADA,0.54,"28.601828, -109.565667",1,NIVEL 1 (BAJO),,,,
2883,ESCUELAS,MARTHA DANCIL HOLGUIN,SOYOPA,EL NOVILLO (CAMPAMENTO EL AGUILA),28.979722,-109.629167,CONECTADA,15.87,"28.88552, -109.75171",1,NIVEL 1 (BAJO),,,,
2884,ESCUELAS,GUADALUPE VICTORIA,SOYOPA,SOYOPA,28.762619,-109.63728,CONECTADA,0.1,"28.761941, -109.636582",1,NIVEL 1 (BAJO),,,,
2885,ESCUELAS,LIC. ADOLFO LOPEZ MATEOS,SOYOPA,EL NOVILLO (CAMPAMENTO EL AGUILA),28.979722,-109.629167,CONECTADA,15.87,"28.88552, -109.75171",1,NIVEL 1 (BAJO),,,,
2887,ESCUELAS,TELESECUNDARIA 48,SOYOPA,TONICHI,28.596944,-109.566111,CONECTADA,0.54,"28.601828, -109.565667",0,NIVEL 2 (MEDIO),,,,
2888,ESCUELAS,TELESECUNDARIA 50,SOYOPA,REBEICO,28.886389,-109.747778,CONECTADA,0.39,"28.88552, -109.75171",0,NIVEL 2 (MEDIO),,,,
2889,ESCUELAS,TELESECUNDARIA 51,SOYOPA,EL NOVILLO (CAMPAMENTO EL AGUILA),28.979722,-109.629167,CONECTADA,15.87,"28.88552, -109.75171",0,NIVEL 2 (MEDIO),,,,
2901,ESCUELAS,TELESECUNDARIA 263,TRINCHERAS,EL OCUCA,30.586111,-111.433333,CONECTADA,1.94,"30.573705, -111.447576",0,NIVEL 2 (MEDIO),,,,
2902,ESCUELAS,MINERVA IBARRA JACOBO,HERMOSILLO,ZAMORA,29.260833,-110.886667,CONECTADA,5.67,"29.27303, -110.94341",0,NIVEL 2 (MEDIO),,,,
2909,ESCUELAS,TELESECUNDARIA 199,TUBUTAMA,TUBUTAMA,30.883139,-111.461633,CONECTADA,11.62,"30.847936, -111.576303",0,NIVEL 2 (MEDIO),,,,
2910,ESCUELAS,TELESECUNDARIA 365,TUBUTAMA,SAN MANUEL (SAN MANUEL OCUCA),30.622222,-111.419722,CONECTADA,6.02,"30.573705, -111.447576",0,NIVEL 2 (MEDIO),,,,
2916,ESCUELAS,BENITO JUAREZ,URES,PUERTA DEL SOL,29.460833,-110.275,CONECTADA,0.06,"29.461111, -110.275556",1,NIVEL 1 (BAJO),,,,
2921,ESCUELAS,LAZARO CARDENAS,URES,EL SEGURO,29.110278,-110.342778,CONECTADA,16.33,"29.093878, -110.175761",0,NIVEL 2 (MEDIO),,,,
2929,ESCUELAS,TELESECUNDARIA 176,URES,RANCHO VIEJO,29.127222,-110.313611,CONECTADA,13.9,"29.093878, -110.175761",0,NIVEL 2 (MEDIO),,,,
2930,ESCUELAS,TELESECUNDARIA 268,URES,PUERTA DEL SOL,29.460833,-110.275,CONECTADA,0.06,"29.461111, -110.275556",0,NIVEL 2 (MEDIO),,,,
2936,ESCUELAS,TELESECUNDARIA 223,VILLA HIDALGO,SAN JUAN DEL RIO,30.299794,-109.352507,CONECTADA,15.08,"30.1663611, -109.32425",0,NIVEL 2 (MEDIO),,,,
2942,ESCUELAS,MARIA CANDELARIA CARVAJAL ACOSTA,EMPALME,EMPALME,27.957627,-110.815985,CONECTADA,0.01,"27.957581, -110.815899",0,NIVEL 2 (MEDIO),,,,
2943,ESCUELAS,LII JUK,YECORA,MAYCOBA,28.392778,-108.66,CONECTADA,26.09,"28.37264, -108.925702",1,NIVEL 1 (BAJO),,,,
2947,ESCUELAS,TRIBU PIMA,YECORA,EL KIPUR,28.405278,-108.595833,CONECTADA,32.47,"28.37264, -108.925702",1,NIVEL 1 (BAJO),,,,
2948,ESCUELAS,MIGUEL HIDALGO Y COSTILLA,YECORA,PIMAS (JUAN DIEGO DE LOS PIMAS),28.365274,-108.916573,CONECTADA,1.21,"28.37264, -108.925702",0,NIVEL 2 (MEDIO),,,,
2953,ESCUELAS,EMILIANO ZAPATA,YECORA,TEPOCA,28.434038,-109.253848,CONECTADA,22.53,"28.375794, -109.033189",1,NIVEL 1 (BAJO),,,,
2954,ESCUELAS,EMILIANO ZAPATA,YECORA,MAYCOBA,28.392778,-108.66,CONECTADA,26.09,"28.37264, -108.925702",0,NIVEL 2 (MEDIO),,,,
2955,ESCUELAS,BENITO JUAREZ,YECORA,LA QUEMA,28.3722,-109.279376,CONECTADA,24.09,"28.375794, -109.033189",1,NIVEL 1 (BAJO),,,,
3076,ESCUELAS,SUPERIOR ESTATAL DE SONORA-UNIDAD ACADEMICA BENITO JUAREZ,BENITO JUAREZ,VILLA JUAREZ,27.12961,-109.84213,CONECTADA,1.2,"27.128213, -109.830136",0,NIVEL 2 (MEDIO),,,,
2957,ESCUELAS,RAMON ANGEL LUZANIA MOROYOQUI,CABORCA,SIEMPRE VIVA,30.745735,-112.453546,CONECTADA,5.02,"30.705106, -112.430622",0,NIVEL 2 (MEDIO),,,,
2958,ESCUELAS,TELESECUNDARIA 93,YECORA,SANTA ROSA (SANTA ROSA DE LIMA),28.473056,-109.106111,CONECTADA,12.95,"28.375794, -109.033189",0,NIVEL 2 (MEDIO),,,,
2959,ESCUELAS,TELESECUNDARIA 200,YECORA,MAYCOBA,28.392778,-108.66,CONECTADA,26.09,"28.37264, -108.925702",0,NIVEL 2 (MEDIO),,,,
2960,ESCUELAS,TELESECUNDARIA 201,YECORA,TEPOCA,28.434038,-109.253848,CONECTADA,22.53,"28.375794, -109.033189",0,NIVEL 2 (MEDIO),,,,
2961,ESCUELAS,TELESECUNDARIA 206,YECORA,GUADALUPE DE TAYOPA,28.343715,-109.173481,CONECTADA,14.18,"28.375794, -109.033189",0,NIVEL 2 (MEDIO),,,,
2962,ESCUELAS,TELESECUNDARIA 224,YECORA,MESA DEL CAMPANERO (MESA DE LOS FRAIJO),28.330556,-109.009444,CONECTADA,5.54,"28.375794, -109.033189",0,NIVEL 2 (MEDIO),,,,
2963,ESCUELAS,TELESECUNDARIA 363,YECORA,EL KIPUR,28.405278,-108.595833,CONECTADA,32.47,"28.37264, -108.925702",0,NIVEL 2 (MEDIO),,,,
2964,ESCUELAS,PLANTEL VILLA DE SERIS,HERMOSILLO,HERMOSILLO,29.043827,-110.958302,CONECTADA,1.99,"29.051335, -110.939713",0,NIVEL 2 (MEDIO),,,,
2965,ESCUELAS,PLANTEL NUEVO HERMOSILLO,HERMOSILLO,HERMOSILLO,29.010748,-110.927954,CONECTADA,0.17,"29.01221702, -110.9283082",0,NIVEL 2 (MEDIO),,,,
2966,ESCUELAS,PLANTEL ERNESTO LOPEZ RIESGO,HERMOSILLO,HERMOSILLO,29.095918,-110.937854,CONECTADA,2.87,"29.07631845, -110.9570658",0,NIVEL 2 (MEDIO),,,,
2967,ESCUELAS,PLANTEL PROF. JESÚS GUILLERMO CAREAGA CRUZ (REFORMA),HERMOSILLO,HERMOSILLO,29.108326,-110.968484,CONECTADA,1.98,"29.09162451, -110.9754325",0,NIVEL 2 (MEDIO),,,,
2968,ESCUELAS,PLANTEL HERMOSILLO VII,HERMOSILLO,HERMOSILLO,29.066379,-110.957985,CONECTADA,0.14,"29.06757, -110.95845",0,NIVEL 2 (MEDIO),,,,
2969,ESCUELAS,PLANTEL HERMOSILLO V,HERMOSILLO,HERMOSILLO,29.057595,-111.015057,CONECTADA,3.28,"29.06376, -111.048102",0,NIVEL 2 (MEDIO),,,,
2971,ESCUELAS,PLANTEL CALIFORNIA,HERMOSILLO,HERMOSILLO,29.12042,-111.057862,CONECTADA,4,"29.09499722, -111.0287889",0,NIVEL 2 (MEDIO),,,,
2972,ESCUELAS,PLANTEL BAHIA DE KINO,HERMOSILLO,BAHIA DE KINO,28.828506,-111.941041,CONECTADA,1.53,"28.832808, -111.955989",0,NIVEL 2 (MEDIO),,,,
2973,ESCUELAS,PLANTEL SAN LUIS RIO COLORADO,SAN LUIS RIO COLORADO,SAN LUIS RIO COLORADO,32.452059,-114.751108,CONECTADA,0.04,"32.45172232, -114.751234",0,NIVEL 2 (MEDIO),,,,
2975,ESCUELAS,PLANTEL PUERTO PEÑASCO,PUERTO PEÑASCO,PUERTO PEÑASCO,31.32926,-113.531349,CONECTADA,0.14,"31.32935585, -113.5298673",0,NIVEL 2 (MEDIO),,,,
2976,ESCUELAS,PLANTEL CABORCA,CABORCA,CABORCA,30.724413,-112.162746,CONECTADA,0.06,"30.72412696, -112.1621881",0,NIVEL 2 (MEDIO),,,,
2977,ESCUELAS,PLANTEL FAUSTINO FÉLIX SERNA (PITIQUITO),PITIQUITO,PITIQUITO,30.68536775,-112.0696021,CONECTADA,2.05,"30.67713, -112.05045",0,NIVEL 2 (MEDIO),,,,
2989,ESCUELAS,PLANTEL QUETCHEHUECA,CAJEME,QUETCHEHUECA,27.26459,-109.945802,CONECTADA,0.04,"27.26486024, -109.9459878",0,NIVEL 2 (MEDIO),,,,
2978,ESCUELAS,PLANTEL NOGALES II,NOGALES,NOGALES,31.31921542,-110.9561384,CONECTADA,0.19,"31.318347, -110.954427",0,NIVEL 2 (MEDIO),,,,
2979,ESCUELAS,PLANTEL NOGALES,NOGALES,NOGALES,31.245986,-110.937722,CONECTADA,1.97,"31.26229, -110.94593",0,NIVEL 2 (MEDIO),,,,
2980,ESCUELAS,PLANTEL EUSEBIO FCO. KINO (MAGDALENA),MAGDALENA,MAGDALENA,30.624535,-110.97309,CONECTADA,0.05,"30.62410894, -110.9732592",0,NIVEL 2 (MEDIO),,,,
2981,ESCUELAS,PLANTEL PLUTARCO ELÍAS CALLES (AGUA PRIETA),AGUA PRIETA,AGUA PRIETA,31.31572352,-109.5550348,CONECTADA,0,"31.31572352, -109.5550348",0,NIVEL 2 (MEDIO),,,,
2982,ESCUELAS,PLANTEL NACOZARI DE GARCÍA,NACOZARI DE GARCIA,NACOZARI DE GARCIA,30.376701,-109.686301,CONECTADA,0.16,"30.37529, -109.68584",0,NIVEL 2 (MEDIO),,,,
2983,ESCUELAS,PLANTEL JOSÉ MARÍA MAYTORENA TAPIA (GUAYMAS),GUAYMAS,GUAYMAS,27.953092,-110.924914,CONECTADA,1.19,"27.94620556, -110.9342083",0,NIVEL 2 (MEDIO),,,,
2984,ESCUELAS,PLANTEL EMPALME,EMPALME,EMPALME,27.961985,-110.798684,CONECTADA,0.76,"27.959147, -110.79165",0,NIVEL 2 (MEDIO),,,,
2985,ESCUELAS,PLANTEL LIC. ALBERTO FLORES URBINA (OBREGON I),CAJEME,CIUDAD OBREGON,27.477255,-109.92908,CONECTADA,0.04,"27.4776144, -109.9289854",0,NIVEL 2 (MEDIO),,,,
2987,ESCUELAS,PLANTEL OBREGON II,CAJEME,CIUDAD OBREGON,27.442846,-109.925117,CONECTADA,0.02,"27.44298964, -109.9249233",0,NIVEL 2 (MEDIO),,,,
2988,ESCUELAS,PLANTEL OBREGON III,CAJEME,ESPERANZA,27.557384,-109.941708,CONECTADA,0.99,"27.56626, -109.9411",0,NIVEL 2 (MEDIO),,,,
2990,ESCUELAS,PLANTEL PUEBLO YAQUI,CAJEME,PUEBLO YAQUI,27.352181,-110.037657,CONECTADA,0.05,"27.35232762, -110.0380822",0,NIVEL 2 (MEDIO),,,,
2991,ESCUELAS,PLANTEL SAN IGNACIO RIO MUERTO,SAN IGNACIO RIO MUERTO,SAN IGNACIO RIO MUERTO,27.409192,-110.231591,CONECTADA,0.03,"27.40892157, -110.2314224",0,NIVEL 2 (MEDIO),,,,
2992,ESCUELAS,PLANTEL NAVOJOA,NAVOJOA,NAVOJOA,27.065588,-109.449915,CONECTADA,0.01,"27.06563326, -109.4497993",0,NIVEL 2 (MEDIO),,,,
2993,ESCUELAS,PLANTEL ALAMOS,ALAMOS,ALAMOS,27.028033,-108.944085,CONECTADA,0.93,"27.021836, -108.937803",0,NIVEL 2 (MEDIO),,,,
2994,ESCUELAS,PLANTEL ETCHOJOA,ETCHOJOA,ETCHOJOA,26.908412,-109.622586,CONECTADA,0.04,"26.90807591, -109.6227125",0,NIVEL 2 (MEDIO),,,,
2995,ESCUELAS,PLANTEL ALVARO OBREGON SALIDO (HUATABAMPO),HUATABAMPO,HUATABAMPO,26.82170094,-109.6290416,CONECTADA,1.04,"26.820916667, -109.61855556",0,NIVEL 2 (MEDIO),,,,
2996,ESCUELAS,"EMSAD, SANTA MARÍA DEL BUARAJE",NAVOJOA,SANTA MARÍA DEL BUARAJE,27.301389,-109.8,CONECTADA,0.33,"27.30295, -109.80285",0,NIVEL 2 (MEDIO),,,,
2997,ESCUELAS,"EMSAD, BAHÍA DE LOBOS",SAN IGNACIO RIO MUERTO,SAN IGNACIO RIO MUERTO,27.353289,-110.451778,CONECTADA,16.32,"27.446833, -110.324444",0,NIVEL 2 (MEDIO),,,,
2998,ESCUELAS,"EMSAD, ROSARIO TESOPACO",ROSARIO,ROSARIO DE TESOPACO,27.842211,-109.377217,CONECTADA,0.66,"27.840604, -109.370759",0,NIVEL 2 (MEDIO),,,,
2999,ESCUELAS,"EMSAD, EL QUIRIEGO",QUIRIEGO,QUIRIEGO,27.515429,-109.254454,CONECTADA,0.66,"27.52069, -109.251259",0,NIVEL 2 (MEDIO),,,,
3000,ESCUELAS,"EMSAD, CARBO",CARBO,CARBO,29.686231,-110.96755,CONECTADA,0.63,"29.685214, -110.961142",0,NIVEL 2 (MEDIO),,,,
3001,ESCUELAS,"EMSAD, BACERAC",BACERAC,BACERAC,30.364634,-108.926357,CONECTADA,0.68,"30.360799, -108.93182",0,NIVEL 2 (MEDIO),,,,
3002,ESCUELAS,"EMSAD, MASIACA",NAVOJOA,MASIACA,26.763611,-109.235556,CONECTADA,0.08,"26.763306, -109.234861",0,NIVEL 2 (MEDIO),,,,
3003,ESCUELAS,"EMSAD, LOS TANQUES",ALAMOS,LOS TANQUES,27.210556,-108.895,CONECTADA,0.49,"27.21055, -108.89006",0,NIVEL 2 (MEDIO),,,,
3004,ESCUELAS,"EMSAD, BASIROA",ALAMOS,BASIROA,26.7125,-108.901667,CONECTADA,6.59,"26.66351, -108.864288",0,NIVEL 2 (MEDIO),,,,
3005,ESCUELAS,"EMSAD, TUBUTAMA",TUBUTAMA,TUBUTAMA,30.88296,-111.464889,CONECTADA,11.32,"30.847936, -111.576303",0,NIVEL 2 (MEDIO),,,,
3006,ESCUELAS,"EMSAD, TIERRA BLANCA",NAVOJOA,TIERRA BLANCA,27.189167,-109.344167,CONECTADA,12.99,"27.083018, -109.289376",0,NIVEL 2 (MEDIO),,,,
3007,ESCUELAS,"EMSAD, YÉCORA",YÉCORA,YÉCORA,28.36668,-108.929358,CONECTADA,0.75,"28.37264, -108.925702",0,NIVEL 2 (MEDIO),,,,
3008,ESCUELAS,"EMSAD, PUERTO LIBERTAD",PITIQUITO,PUERTO LIBERTAD,29.909134,-112.685205,CONECTADA,52.77,"29.50634, -112.39627",0,NIVEL 2 (MEDIO),,,,
3009,ESCUELAS,"EMSAD, SUAQUI GRANDE",SUAQUI GRANDE,SUAQUI GRANDE,28.39468,-109.892648,CONECTADA,0.07,"28.394783, -109.891928",0,NIVEL 2 (MEDIO),,,,
3010,ESCUELAS,"EMSAD, SAN PEDRO DE LA CUEVA",SAN PEDRO DE LA CUEVA,SAN PEDRO DE LA CUEVA,29.288751,-109.747231,CONECTADA,0.32,"29.288686, -109.743956",0,NIVEL 2 (MEDIO),,,,
3011,ESCUELAS,"EMSAD, MAQUIPO",ALAMOS,EL MAQUIPO,26.723649,-108.715806,CONECTADA,16.2,"26.66351, -108.864288",0,NIVEL 2 (MEDIO),,,,
3012,ESCUELAS,"CECYTE, SANTA ANA",SANTA ANA,SANTA ANA,30.540958,-111.129005,CONECTADA,0.15,"30.54169, -111.12766",0,NIVEL 2 (MEDIO),,,,
3013,ESCUELAS,"CECYTE, EJIDO 24 DE FEBRERO",HUATABAMPO,EJIDO 24 DE FEBRERO,26.509157,-109.104792,CONECTADA,0.1,"26.508286, -109.104936",0,NIVEL 2 (MEDIO),,,,
3014,ESCUELAS,"CECYTE, BANÁMICHI",BANÁMICHI,BANÁMICHI,30.007238,-110.212537,CONECTADA,0.53,"30.007164, -110.218019",0,NIVEL 2 (MEDIO),,,,
3015,ESCUELAS,"CECYTE, GRANADOS",GRANADOS,GRANADOS,29.861567,-109.315296,CONECTADA,0.14,"29.862711, -109.314637",0,NIVEL 2 (MEDIO),,,,
3016,ESCUELAS,"CECYTE, SAHUARIPA",SAHUARIPA,SAHUARIPA,29.048512,-109.235812,CONECTADA,0.82,"29.05581, -109.23689",0,NIVEL 2 (MEDIO),,,,
3017,ESCUELAS,"CECYTE, EJIDO FRANCISCO JAVIER MINA",BÁCUM,FRANCISCO JAVIER MINA (CAMPO 60),27.464922,-110.104989,CONECTADA,1.11,"27.45816, -110.11326",0,NIVEL 2 (MEDIO),,,,
3018,ESCUELAS,"CECYTE, NAVOJOA",NAVOJOA,BACABACHI,26.892969,-109.3985,CONECTADA,0.11,"26.891989, -109.398275",0,NIVEL 2 (MEDIO),,,,
3019,ESCUELAS,"CECYTE, BACOBAMPO",ETCHOJOA,BACOBAMPO,26.985803,-109.65785,CONECTADA,0.81,"26.97865556, -109.6562833",0,NIVEL 2 (MEDIO),,,,
3020,ESCUELAS,"CECYTE, BÁCUM",BÁCUM,BÁCUM,27.545103,-110.084629,CONECTADA,0.55,"27.54989167, -110.083075",0,NIVEL 2 (MEDIO),,,,
3021,ESCUELAS,"CECYTE, SAN PEDRO EL SAUCITO",HERMOSILLO,SAN PEDRO EL SAUCITO,29.177795,-110.884441,CONECTADA,9.73,"29.196339, -110.7865361",0,NIVEL 2 (MEDIO),,,,
3022,ESCUELAS,"CECYTE, POBLADO MIGUEL ALEMÁN",HERMOSILLO,MIGUEL ALEMAN (LA DOCE),28.833789,-111.488073,CONECTADA,0.95,"28.84228, -111.48905",0,NIVEL 2 (MEDIO),,,,
3023,ESCUELAS,"CECYTE, PESQUEIRA",SAN MIGUEL DE HORCASITAS,PESQUEIRA,29.377192,-110.906808,CONECTADA,12.11,"29.27303, -110.94341",0,NIVEL 2 (MEDIO),,,,
3024,ESCUELAS,"CECYTE, JÚPARE",HUATABAMPO,JÚPARE,26.800296,-109.706204,CONECTADA,7.96,"26.842562, -109.641426",0,NIVEL 2 (MEDIO),,,,
3025,ESCUELAS,"CECYTE, BUAYSIACOBE",ETCHOJOA,BUAYSIACOBE,27.075735,-109.687047,CONECTADA,1.9,"27.05884, -109.68408",0,NIVEL 2 (MEDIO),,,,
3026,ESCUELAS,"CECYTE, POTAM",CAJEME,ESPERANZA,27.644202,-110.410145,CONECTADA,2.19,"27.625629, -110.417627",0,NIVEL 2 (MEDIO),,,,
3027,ESCUELAS,"CECYTE, LUIS B. SÁNCHEZ",SAN LUIS RÍO COLORADO,INGENIERO LUIS B. SÁNCHEZ,32.208404,-115.001997,CONECTADA,1.45,"32.20119, -114.98914",0,NIVEL 2 (MEDIO),,,,
3038,ESCUELAS,PLANTEL HERMOSILLO I - DR. SAMUEL OCAÑA GARCÍA,HERMOSILLO,HERMOSILLO,29.028988,-110.910863,CONECTADA,2.03,"29.01491188, -110.9241526",0,NIVEL 2 (MEDIO),,,,
3043,ESCUELAS,PLANTEL CIUDAD OBREGON,CAJEME,CIUDAD OBREGON,27.482124,-109.914472,CONECTADA,1.52,"27.4776144, -109.9289854",0,NIVEL 2 (MEDIO),,,,
3039,ESCUELAS,PLANTEL HERMOSILLO II,HERMOSILLO,HERMOSILLO,29.084808,-110.995461,CONECTADA,2.08,"29.09152931, -110.9754964",0,NIVEL 2 (MEDIO),,,,
3040,ESCUELAS,PLANTEL HERMOSILLO III,HERMOSILLO,HERMOSILLO,29.019681,-110.91,CONECTADA,1.47,"29.01491188, -110.9241526",0,NIVEL 2 (MEDIO),,,,
3041,ESCUELAS,PLANTEL AGUA PRIETA,AGUA PRIETA,AGUA PRIETA,31.312416,-109.533411,CONECTADA,0.13,"31.311738, -109.534488",0,NIVEL 2 (MEDIO),,,,
3042,ESCUELAS,PLANTEL CABORCA,CABORCA,CABORCA,30.722305,-112.127564,CONECTADA,2.35,"30.71350833, -112.1499222",0,NIVEL 2 (MEDIO),,,,
3045,ESCUELAS,PLANTEL EMPALME,EMPALME,EMPALME,27.965681,-110.801327,CONECTADA,1.2,"27.959147, -110.79165",0,NIVEL 2 (MEDIO),,,,
3046,ESCUELAS,PLANTEL GUAYMAS - GRAL. PLUTARCO ELÍAS CALLES,GUAYMAS,GUAYMAS,27.920294,-110.891459,CONECTADA,0.92,"27.91950278, -110.9007333",0,NIVEL 2 (MEDIO),,,,
3047,ESCUELAS,PLANTEL HUATABAMPO,HUATABAMPO,HUATABAMPO,26.836825,-109.647826,CONECTADA,0.9,"26.842562, -109.641426",0,NIVEL 2 (MEDIO),,,,
3048,ESCUELAS,PLANTEL MAGDALENA DE KINO - ING. ARMANDO HOPKINS DURAZO,MAGDALENA,MAGDALENA,30.624157,-110.974941,CONECTADA,0.16,"30.62410894, -110.9732592",0,NIVEL 2 (MEDIO),,,,
3049,ESCUELAS,PLANTEL NACOZARI,NACOZARI,NACOZARI,30.374209,-109.68812,CONECTADA,0.25,"30.37529, -109.68584",0,NIVEL 2 (MEDIO),,,,
3075,ESCUELAS,SUPERIOR ESTATAL DE SONORA-UNIDAD ACADEMICA BENITO JUAREZ,BENITO JUAREZ,VILLA JUAREZ,27.12961,-109.84213,CONECTADA,1.2,"27.128213, -109.830136",0,NIVEL 2 (MEDIO),,,,
3050,ESCUELAS,PLANTEL NAVOJOA,NAVOJOA,NAVOJOA,27.009836,-109.431064,CONECTADA,4.68,"27.04737222, -109.4524333",0,NIVEL 2 (MEDIO),,,,
3051,ESCUELAS,PLANTEL NOGALES,NOGALES,NOGALES,31.277753,-110.944285,CONECTADA,0.11,"31.278361, -110.945246",0,NIVEL 2 (MEDIO),,,,
3052,ESCUELAS,"SUPERIOR TECNOLOGICA DE HERMOSILLO, SONORA",HERMOSILLO,HERMOSILLO,29.00877622,-110.9031215,CONECTADA,2.16,"29.01491188, -110.9241526",0,NIVEL 2 (MEDIO),,,,
3054,ESCUELAS,SUPERIOR TECNOLOGICA DE GUAYMAS,GUAYMAS,GUAYMAS,27.977558,-110.937124,CONECTADA,3.5,"27.94620556, -110.9342083",0,NIVEL 2 (MEDIO),,,,
3064,ESCUELAS,UNIVERSIDAD TECNOLOGICA DE PUERTO PEÑASCO,PUERTO PEÑASCO,PUERTO PEÑASCO,31.349598,-113.504303,CONECTADA,2.99,"31.33396389, -113.52995",0,NIVEL 2 (MEDIO),,,,
3067,ESCUELAS,SUPERIOR ESTATAL DE SONORA-UNIDAD ACADEMICA HERMOSILLO,HERMOSILLO,HERMOSILLO,29.12492,-110.96224,CONECTADA,3.13,"29.14361389, -110.9862722",0,NIVEL 2 (MEDIO),,,,
3068,ESCUELAS,"SUPERIOR ESTATAL DE SONORA-UNIDAD ACADEMICA HERMOSILLO/COORD. INFORMATICA, ED. C.",HERMOSILLO,HERMOSILLO,29.12492,-110.96224,CONECTADA,3.13,"29.14361389, -110.9862722",0,NIVEL 2 (MEDIO),,,,
3069,ESCUELAS,SUPERIOR ESTATAL DE SONORA-UNIDAD ACADEMICA HERMOSILLO,HERMOSILLO,HERMOSILLO,29.12492,-110.96224,CONECTADA,3.13,"29.14361389, -110.9862722",0,NIVEL 2 (MEDIO),,,,
3070,ESCUELAS,SUPERIOR ESTATAL DE SONORA-UNIDAD ACADEMICA HERMOSILLO,HERMOSILLO,HERMOSILLO,29.12492,-110.96224,CONECTADA,3.13,"29.14361389, -110.9862722",0,NIVEL 2 (MEDIO),,,,
3071,ESCUELAS,SUPERIOR ESTATAL DE SONORA-UNIDAD ACADEMICA HERMOSILLO,HERMOSILLO,HERMOSILLO,29.12492,-110.96224,CONECTADA,3.13,"29.14361389, -110.9862722",0,NIVEL 2 (MEDIO),,,,
3073,ESCUELAS,SUPERIOR ESTATAL DE SONORA-UNIDAD ACADEMICA NAVOJOA,NAVOJOA,NAVOJOA,27.04889,-109.45263,CONECTADA,0.17,"27.04738, -109.452824",0,NIVEL 2 (MEDIO),,,,
3074,ESCUELAS,SUPERIOR ESTATAL DE SONORA-UNIDAD ACADEMICA NAVOJOA,NAVOJOA,NAVOJOA,27.04889,-109.45263,CONECTADA,0.17,"27.04738, -109.452824",0,NIVEL 2 (MEDIO),,,,
3077,ESCUELAS,SUPERIOR ESTATAL DE SONORA-UNIDAD ACADEMICA SLRC,SAN LUIS RIO COLORADO,SAN LUIS RIO COLORADO,32.46907,-114.75881,CONECTADA,1.82,"32.456613, -114.746291",0,NIVEL 2 (MEDIO),,,,
3078,ESCUELAS,SUPERIOR ESTATAL DE SONORA-UNIDAD ACADEMICA SLRC,SAN LUIS RIO COLORADO,SAN LUIS RIO COLORADO,32.46907,-114.75881,CONECTADA,1.82,"32.456613, -114.746291",0,NIVEL 2 (MEDIO),,,,
3079,ESCUELAS,SUPERIOR ESTATAL DE SONORA-UNIDAD ACADEMICA MAGDALENA,MAGDALENA DE KINO,MAGDALENA DE KINO,30.81129,-110.98418,CONECTADA,12.3,"30.7773, -110.8616389",0,NIVEL 2 (MEDIO),,,,
3080,ESCUELAS,SUPERIOR ESTATAL DE SONORA-UNIDAD ACADEMICA MAGDALENA,MAGDALENA DE KINO,MAGDALENA DE KINO,30.81129,-110.98418,CONECTADA,12.3,"30.7773, -110.8616389",0,NIVEL 2 (MEDIO),,,,
3563,ESCUELAS,UNIVERSIDAD DE LA SIERRA,MOCTEZUMA,MOCTEZUMA,29.823617,-109.67851,CONECTADA,0,"29.823617, -109.67851",0,NIVEL 2 (MEDIO),,,,
