ID_INSTITUCION,INSTITUCION,PROVEEDOR,COSTO,TORRE_CERCANA,LATITUD_TORRE,LONGITUD_TORRE,DIST_KM
3563,UNIVERSIDAD DE LA SIERRA,TELMEX,,UNIVERSIDAD DE LA SIERRA DE MOCTEZUMA,29.823617,-109.67851,0
3660,CECAP,TELMEX,1292.24,OFICINA DE TELEFONIA RURAL DE SONORA (EDIFICIO MEXICO),29.06757,-110.95845,0
1399,RICARDO MONTIJO CASTRO,TELMEX,,NACO,31.327333,-109.948686,0
3226,HOSPITAL GENERAL DE OBREGON,MEGACABLE,,HOSPITAL GENERAL DE OBREGON,27.4836,-109.955,0
2981,PLANTEL PLUTARCO ELIAS CALLES (AGUA PRIETA),TELMEX,,PLANTEL PLUTARCO ELIAS CALLES,31.31572352,-109.5550348,0
3495,CENTRO ESTATAL DE INFORMACION SOBRE SEGURIDAD PUBLICA,TELMEX,,SSP ESPEJO,29.09152931,-110.9754964,0.01
3491,DESPACHO DEL TITULAR DE LA SECRETARIA,TOTAL PLAY,,CESPEJO,29.09162451,-110.9754325,0.01
3616,SERVICIOS DE SALUD DE SONORA,TELMEX,1449.19,OFICINA DE TELEFONIA RURAL DE SONORA (EDIFICIO MEXICO),29.06757,-110.95845,0.01
3758,TELEFONIA RURAL DE SONORA,TELMEX,2404.31,EDIFICIO SONORA,29.06842354,-110.9572519,0.01
3505,C5I NOGALES,TOTAL PLAY,,(TZ-45) TORRE C5 NOGALES,31.29025556,-110.9511556,0.01
3759,TELEFONIA RURAL DE SONORA,TELMEX,2404.31,EDIFICIO SONORA,29.06842354,-110.9572519,0.01
3223,HOSPITAL GENERAL DEL BAJO RIO MAYO,TELMEX,,(TZ-30) TORRE HOSPITAL GRAL. HUATABAMPO,26.84247222,-109.6411222,0.01
3504,C5I NAVOJOA,TELMEX,,(TZ-45) TORRE C4 NUEVO,27.07895278,-109.443525,0.01
3762,TELEFONIA RURAL DE SONORA,TELMEX,2404.31,UNIVERSIDAD DE LA SIERRA DE MOCTEZUMA,29.823617,-109.67851,0.01
3720,SEC,TELMEX,2404.31,(TZ-45) TORRE SUBCENTRO CABORCA,30.727575,-112.1619417,0.01
3767,TELEFONIA RURAL DE SONORA,TELMEX,0,H. AYUNTAMIENTO DE SAHUARIPA 1,29.05642,-109.23342,0.01
3499,C5I SAN LUIS RIO COLORADO,TOTAL PLAY,,C5 SAN LUIS RIO COLORADO,32.456613,-114.746291,0.01
3760,TELEFONIA RURAL DE SONORA,TELMEX,2404.31,UNIVERSIDAD DE LA SIERRA DE MOCTEZUMA,29.823617,-109.67851,0.01
3602,SUBSECRETARIA DE INGRESOS,TELMEX,2404.31,BMXDGR,29.07631845,-110.9570658,0.01
3428,HOSPITAL GENERAL DEL BAJO RIO MAYO,TELMEX,,HOSPITAL GENERAL,26.842562,-109.641426,0.01
3757,TELEFONIA RURAL DE SONORA,TELMEX,2404.31,EDIFICIO SONORA,29.06842354,-110.9572519,0.01
3719,SEC,TELMEX,2404.31,TORRE C4,27.52598056,-109.9302889,0.01
3718,UNIVERSIDAD DE LA SIERRA,TELMEX,10314.38,UNIVERSIDAD DE LA SIERRA DE MOCTEZUMA,29.823617,-109.67851,0.01
3604,DIRECCION GENERAL DE RECAUDACION,TELMEX,473.28,(TZ-45) TORRE FISCAL,27.49709444,-109.9322056,0.01
3683,COORDINACION GENERAL DEL SISTEMA ESTATAL DE COMUNICACION SOCIAL,TOTAL PLAY,5209,PALACIO,29.0746145,-110.9582516,0.01
3761,TELEFONIA RURAL DE SONORA,TELMEX,2404.31,UNIVERSIDAD DE LA SIERRA DE MOCTEZUMA,29.823617,-109.67851,0.01
2856,GENERAL SALVADOR ALVARADO,TELMEX,,SANTA ANA,30.544389,-111.121275,0.01
3684,SECRETARIA TECNICA DE LA MESA DE SEGURIDAD,TELMEX,473.28,PALACIO,29.0746145,-110.9582516,0.01
3722,SEC,TELMEX,2404.31,(TZ-45) TORRE C5 CANANEA,30.98850278,-110.2630333,0.01
2942,MARIA CANDELARIA CARVAJAL ACOSTA,MEGACABLE,,H. AYUNTAMIENTO EMPALME,27.957581,-110.815899,0.01
2992,PLANTEL NAVOJOA,TOTAL PLAY,,PLANTEL NAVOJOA,27.06563326,-109.4497993,0.01
3502,C5I AGUA PRIETA,TELMEX,,(TZ-45) TORRE SUBCENTRO C5 AGUA PRIETA,31.31913889,-109.5580556,0.01
3181,CENTRO DE SALUD BACUM,TELMEX,,CENTRO DE SALUD BACUM,27.5551,-110.085,0.01
2857,DIEGO A MORENO,TELMEX,,(TZ-45) SIN NOMBRE ESPECIFICADO,30.544323,-111.121223,0.01
3500,C5I PUERTO PEÑASCO,TOTAL PLAY,,(TZ-45) TORRE SUBCENTRO C5 PP,31.33396389,-113.52995,0.01
2987,PLANTEL OBREGON II,TOTAL PLAY,,PLANTEL OBREGON II,27.44298964,-109.9249233,0.02
3724,SEC,TELMEX,2404.31,AGENCIA FISCAL,27.082605,-109.447167,0.02
3723,SEC,TELMEX,2404.31,(TZ-45) TORRE C5 GUAYMAS,27.94620556,-110.9342083,0.02
3721,SEC,TELMEX,2404.31,C5 NOGALES,31.29011,-110.951213,0.02
3658,SUBSECRETARIA DE GOBIERNO DIGITAL,TELMEX,2404.31,EDIFICIO HERMOSILLO,29.06771437,-110.9571943,0.02
3564,SECRETARIA / SUBSECRETARIA DE PROMOCION DEL EMPLEO Y PRODUCTIVIDAD,TELMEX,688.79,EDIFICIO HERMOSILLO,29.06771437,-110.9571943,0.02
3701,DIRECCION GENERAL DE INFORMATICA,TELMEX,2404.31,EDIFICIO HERMOSILLO,29.06771437,-110.9571943,0.02
3601,DIRECCION GENERAL DEL SISTEMA DE INFORMACION FINANCIERA,TELMEX,2404.31,EDIFICIO HERMOSILLO,29.06771437,-110.9571943,0.02
3765,TELEFONIA RURAL DE SONORA,TELMEX,2404.31,(TZ-45) TORRE FISCAL,27.49709444,-109.9322056,0.02
3567,DIRECCION GENERAL OPERATIVA DEL SERVICIO ESTATAL DEL EMPLEO,TELMEX,473.28,(TZ-45) TORRE FISCAL,27.49709444,-109.9322056,0.02
3614,SUBSECRETARIA DE INGRESOS,"GSAT COMUNICACIONES, S.A. DE C.V.",3899,BMXDGR,29.07631845,-110.9570658,0.02
3659,DIRECCION GENERAL DE ADMINISTRACION DE RECURSOS HUMANOS,TELMEX,473.28,EDIFICIO HERMOSILLO,29.06771437,-110.9571943,0.02
550,TELESECUNDARIA 198,COMPUPROYECCIONES,,TELESECUNDARIA NO. 198 DE BAVISPE,30.478768,-108.945214,0.02
3503,C5I OBREGON,TELMEX,,TORRE C4,27.52598056,-109.9302889,0.02
3600,DESPACHO DE LA SECRETARIA.,TELMEX,300.86,EDIFICIO SONORA,29.06842354,-110.9572519,0.02
3725,SEC,TELMEX,2404.31,(TZ-30) TORRE HOSPITAL GRAL. HUATABAMPO,26.84247222,-109.6411222,0.02
3232,HOSPITAL COMUNITARIO VICAM PUEBLO,MEGACABLE,,CENTRO DE SALUD VICAM,27.647,-110.296,0.02
3596,DESPACHO DEL SECRETARIO.,TELMEX,688.79,EDIFICIO SONORA,29.06842354,-110.9572519,0.03
3672,DESPACHO DEL CONSEJERO,TELMEX,688.79,EDIFICIO SONORA,29.06842354,-110.9572519,0.03
3593,DIRECCION GENERAL DE REGISTRO CIVIL,TELMEX,343.97,VSERIS,29.064011,-110.955496,0.03
213,GABINO BARREDA,TELMEX,,H. AYUNTAMIENTODE ARIVECHI,28.92847,-109.18732,0.03
3575,COMISION DE BUSQUEDA DE PERSONAS PARA EL ESTADO DE SONORA,TELMEX,892.73,EDIFICIO SONORA,29.06842354,-110.9572519,0.03
3574,SECRETARIA EJECUTIVA DEL SISTEMA ESTATAL DE PROTECCION INTEGRAL,TELMEX,473.28,EDIFICIO SONORA,29.06842354,-110.9572519,0.03
3661,DESARROLLO ORGANIZACIONAL,TELMEX,559.48,CGOB,29.06763827,-110.9592655,0.03
2991,PLANTEL SAN IGNACIO RIO MUERTO,TELMEX,,PLANTEL SAN IGNACIO RIO MUERTO,27.40892157,-110.2314224,0.03
3715,INSTITUTO SONORENSE DE CULTURA,TELMEX,473.28,PALACIO,29.0746145,-110.9582516,0.04
3657,SUBSECRETARIA DE RECURSOS MATERIALES Y SERVICIOS,TELMEX,688.79,OFICINA DE TELEFONIA RURAL DE SONORA (EDIFICIO MEXICO),29.06757,-110.95845,0.04
2985,PLANTEL LIC. ALBERTO FLORES URBINA (OBREGON I),TOTAL PLAY,,PLANTEL OBREGON I,27.4776144,-109.9289854,0.04
3436,CLINICA HOSPITAL NOGALES,TELMEX,,(TZ-60) TORRE ISSSTESON,31.29834167,-110.9137,0.04
2973,PLANTEL SAN LUIS RIO COLORADO,TOTAL PLAY,,PLANTEL SAN LUIS RIO COLORADO,32.45172232,-114.751234,0.04
3682,OFICINA DEL EJECUTIVO ESTATAL,TELMEX,5751.15,OFICINA DE TELEFONIA RURAL DE SONORA (EDIFICIO MEXICO),29.06757,-110.95845,0.04
3692,ISSSTESON,TOTAL PLAY,1663,(TZ-60) TORRE ISSSTESON,31.29834167,-110.9137,0.04
2994,PLANTEL ETCHOJOA,TELMEX,,PLANTEL ETCHOJOA,26.90807591,-109.6227125,0.04
3453,MODULO EMPALME,TELMEX,,H. AYUNTAMIENTO EMPALME,27.957581,-110.815899,0.04
3664,COMISION DE VIVIENDA DEL ESTADO DE SONORA,TELMEX,2404.31,EDIFICIO SONORA,29.06842354,-110.9572519,0.04
848,NIÑOS HEROES,INDEX,,PRIM NIÑOS HEROES DE SONORA PROGRESISTA,27.262144,-109.909184,0.04
2989,PLANTEL QUETCHEHUECA,TELMEX,,PLANTEL QUETCHEHUECA,27.26486024,-109.9459878,0.04
3577,DIRECCION GENERAL DE REGISTRO CIVIL,TELMEX,4794.33,EDIFICIO HERMOSILLO,29.06771437,-110.9571943,0.05
1169,GABINO BARREDA,INDEX,,PRIM GAVINO BARRERA DE GUAYTANA,27.093839,-109.656901,0.05
2415,TELESECUNDARIA 1,COMPUPROYECCIONES,,CENTRO DE SALUD RURAL DE FUNDICION,27.33064,-109.73827,0.05
3497,C5I HERMOSILLO,TOTAL PLAY,,TORRE C5,29.06370833,-111.0482389,0.05
2790,RAUL RIVERA COTA,TELMEX,,SANTA CRUZ,31.237444,-110.595678,0.05
3763,TELEFONIA RURAL DE SONORA,TELMEX,2404.31,H. AYUNTAMIENTO DE URES,29.42809,-110.38989,0.05
2990,PLANTEL PUEBLO YAQUI,TELMEX,,PLANTEL PUEBLO YAQUI,27.35232762,-110.0380822,0.05
3598,DIR. GRAL. DE PLAN. ADMIN. Y EVALUACION.,TELMEX,688.79,EDIFICIO SONORA,29.06842354,-110.9572519,0.05
3597,DIRECCION GENERAL DE DESARROLLO AGRICOLA,TELMEX,4492.61,EDIFICIO SONORA,29.06842354,-110.9572519,0.05
3764,TELEFONIA RURAL DE SONORA,TELMEX,2404.31,H. AYUNTAMIENTO DE URES,29.42809,-110.38989,0.05
3573,DIRECCION GENERAL DE NOTARIAS,TELMEX,688.79,EDIFICIO HERMOSILLO,29.06771437,-110.9571943,0.05
2980,PLANTEL EUSEBIO FCO. KINO (MAGDALENA),TELMEX,,PLANTEL EUSEBIO FRANCISCO KINO,30.62410894,-110.9732592,0.05
3674,DEFENSORIA PUBLICA,TELMEX,688.79,PALACIO,29.0746145,-110.9582516,0.06
3676,DEFENSORIA PUBLICA,TELMEX,688.79,PALACIO,29.0746145,-110.9582516,0.06
3565,SUBSECRETARIA DE PROMOCION DEL EMPLEO Y PRODUCTIVIDAD,TELMEX,473.28,OFICINA DE TELEFONIA RURAL DE SONORA (EDIFICIO MEXICO),29.06757,-110.95845,0.06
3677,DEFENSORIA PUBLICA,TELMEX,688.79,PALACIO,29.0746145,-110.9582516,0.06
3675,DEFENSORIA PUBLICA,TELMEX,688.79,PALACIOGOB,29.07489666,-110.9580838,0.06
2976,PLANTEL CABORCA,TELMEX,,PLANTEL CABORCA,30.72412696,-112.1621881,0.06
3576,CONSEJO ESTATAL DE POBLACION,TELMEX,473.28,EDIFICIO SONORA,29.06842354,-110.9572519,0.06
3673,DEFENSORIA PUBLICA,TELMEX,688.79,PALACIO,29.0746145,-110.9582516,0.06
2704,TELESECUNDARIA 122,COMPUPROYECCIONES,,PRIM PLAN DE AYALA DE EJ SINGAPUR,27.443028,-110.234133,0.06
3568,SUBSECRETARIA DEL TRABAJO,TELMEX,343.97,OFICINA DE TELEFONIA RURAL DE SONORA (EDIFICIO MEXICO),29.06757,-110.95845,0.06
589,MIGUEL HIDALGO Y COSTILLA,TELMEX,,BENJAMIN HILL,30.167956,-111.117789,0.06
3766,TELEFONIA RURAL DE SONORA,TELMEX,2404.31,C5I OBREGON,27.526008,-109.930316,0.06
1865,FORD 142 NUM. 1,MEGACABLE,,PLANTEL NUEVO HERMOSILLO,29.01221702,-110.9283082,0.06
3612,DIRECCION GENERAL DE RECAUDACION,"GSAT COMUNICACIONES, S.A. DE C.V.",4429,SAHUARIPA,29.056386,-109.233431,0.06
2691,PLAN DE AYALA,INDEX,,PRIM PLAN DE AYALA DE EJ SINGAPUR,27.443028,-110.234133,0.06
2930,TELESECUNDARIA 268,COMPUPROYECCIONES,,PRIM BENITO JUAREZ DE PUERTA DEL SOL,29.461111,-110.275556,0.06
3656,SERVICIOS DE SALUD DE SONORA,TOTAL PLAY,9531,EDIFICIO HERMOSILLO,29.06771437,-110.9571943,0.07
1839,PROF. ROSALIO E MORENO,MEGACABLE,,EDIFICIO HERMOSILLO,29.06771437,-110.9571943,0.07
3689,ISSSTESON,TOTAL PLAY,6668,BMXDGR,29.07631845,-110.9570658,0.07
3450,MODULO CENTRO DE GOBIERNO,TELMEX,,OFICINA DE TELEFONIA RURAL DE SONORA (EDIFICIO MEXICO),29.06757,-110.95845,0.07
3484,ITAMA - CTE NAVOJOA,TELMEX,,AGENCIA FISCAL,27.082605,-109.447167,0.07
2712,TELESECUNDARIA 180,COMPUPROYECCIONES,,H. AYUNTAMIENTO DE SAN JAVIER,28.59521,-109.73969,0.07
3474,MODULO URES,TELMEX,,H. AYUNTAMIENTO DE URES,29.42809,-110.38989,0.07
3009,"EMSAD, SUAQUI GRANDE",COMPUPROYECCIONES,,SUAQUI GRANDE,28.394783,-109.891928,0.07
491,TELESECUNDARIA 208,COMPUPROYECCIONES,,BACANORA,28.977583,-109.399342,0.07
2671,TELESECUNDARIA 221,COMPUPROYECCIONES,,COMISARIA DEL VALLE TACUPETO,28.79736,-109.16551,0.07
1619,ESCUELA SECUNDARIA TECNICA NUM. 61,INDEX,,CENTRO DE SALUD RURAL DE MASIACA,26.763306,-109.234861,0.08
571,JOSEFA ORTIZ DE DOMINGUEZ C JR,MEGACABLE,,(TZ-45) TORRE DIF VILLA JUAREZ,27.128213,-109.830136,0.08
3002,"EMSAD, MASIACA",COMPUPROYECCIONES,,CENTRO DE SALUD RURAL DE MASIACA,26.763306,-109.234861,0.08
1143,LAZARO CARDENAS DEL RIO,MEGACABLE,,(TZ-45) TORRE SALUBRIDAD ETCHOJOA,26.97865556,-109.6562833,0.08
1129,LOS ARBOLITOS,RED SEC,,PRIM NIÑOS HEROES DE CAMPO ESPAÑA,26.990163,-109.708276,0.08
3679,DESPACHO DEL CONSEJERO,TELMEX,688.79,PALACIOGOB,29.07489666,-110.9580838,0.09
2188,BENITO JUAREZ,TELMEX,,H. AYUNTAMIENTODE MOCTEZUMA,29.80268,-109.68059,0.09
3710,COMISION DEL DEPORTE DEL ESTADO DE SONORA,TELMEX,473.28,CUM,29.10935986,-110.9936158,0.09
2008,EMA A DE ALMADA,INDEX,,PRIM INDIGENA EMA A DE ALMADA DE CAMAHUIROA,26.544278,-109.284241,0.09
1605,ESCUELA SECUNDARIA TECNICA NUM. 48,TELMEX,,PLANTEL PUEBLO YAQUI,27.35232762,-110.0380822,0.09
3218,HOSPITAL COMUNITARIO MOCTEZUMA,TELMEX,,H. AYUNTAMIENTODE MOCTEZUMA,29.80268,-109.68059,0.09
739,TOMAS ALVA EDISON,RED SEC,,(TZ-45) TORRE SSPM,27.46464167,-109.9284222,0.09
1246,TELESECUNDARIA 270,RED SEC,,PRIM 20 DE NOVIEMBRE DE BACAJAQUIA,27.074443,-109.65144,0.09
2669,TALAMANTE,TELMEX,,H. AYUNTAMIENTO DE SAHUARIPA 2,29.05637,-109.23347,0.09
3599,SUBSECRETARIA DE GANADERIA,TELMEX,473.27,EDIFICIO HERMOSILLO,29.06771437,-110.9571943,0.1
2142,TELESECUNDARIA 162,COMPUPROYECCIONES,,PRIM EMILIANO ZAPATA DE COBACHI,28.896944,-110.248333,0.1
3447,MODULO CAJEME,TELMEX,,(TZ-45) TORRE SSPM,27.46464167,-109.9284222,0.1
3697,ISSSTESON,TELMEX,559.48,(TZ-45) TORRE SSPM,27.46464167,-109.9284222,0.1
3615,SERVICIOS DE SALUD DE SONORA,TELMEX,688.79,CGOB,29.06763827,-110.9592655,0.1
3182,CENTRO DE SALUD BENJAMIN HILL,TELMEX,,BENJAMIN HILL,30.167956,-111.117789,0.1
3013,"CECYTE, EJIDO 24 DE FEBRERO",COMPUPROYECCIONES,,CECYTES DE EJIDO 24 FEBRERO,26.508286,-109.104936,0.1
564,CUAUHTEMOC,INDEX,,PRIM CUAUHTEMOC DE ACEITUNAS,27.079185,-109.913514,0.1
2139,TELESECUNDARIA 66,COMPUPROYECCIONES,,BIBLIOTECA PUBLICA DE TECORIPA,28.62378,-109.9546,0.11
3222,HOSPITAL GENERAL DE GUAYMAS,TELMEX,,(TZ-60) TORRE CIF GUAYMAS,27.91950278,-110.9007333,0.11
3018,"CECYTE, NAVOJOA",COMPUPROYECCIONES,,PRIM 16 DE SEPTIEMBRE DE CHIRAJOBAMPO,26.891989,-109.398275,0.11
568,21 DE MARZO,INDEX,,CCA DE EL BATEVITO,27.11621,-109.87359,0.11
2367,BENITO JUAREZ,INDEX,,PRIM BENITO JUAREZ DE SINAHUIZA,26.910164,-109.437475,0.11
1842,PROF. JOSE LAFONTAINE,TELMEX,,PALACIOGOB,29.07489666,-110.9580838,0.11
3492,CENTRO DE COMANDO COMUNICACION COMPUTO Y COORDINACION DE INTELIGENCIA,TELMEX,,C5 HERMOSILLO,29.06376,-111.048102,0.12
3455,MODULO GRANADOS,TELMEX,,H. AYUNTAMIENTO DE GRANADOS,29.86225,-109.31035,0.12
2878,TELESECUNDARIA 53,COMPUPROYECCIONES,,SARIC,31.103939,-111.382436,0.12
1292,LA ESCUELITA,RED SEC,,PRIM EMILIANO ZAPATA DE EL CASTILLO,27.520371,-110.183333,0.12
1385,EMILIANO ZAPATA,RED SEC,,PRIM EMILIANO ZAPATA DE EL CASTILLO,27.520371,-110.183333,0.12
2191,GENERAL IGNACIO ZARAGOZA,TELMEX,,(TZ-45)TORRE SEGURIDAD PUBLICA NACO,31.33107222,-109.9482,0.12
3633,COMISION ESTATAL DE PROTECCION CONTRA RIESGOS SANITARIOS ESTADO DE SONORA,TELMEX,473.28,(TZ-45) TORRE HOSPITAL GENERAL,27.48364722,-109.9538472,0.12
2131,RAFAEL JIMENEZ CASTRO,TELMEX,,(TZ-45) TORRE PALACIO,30.7773,-110.8616389,0.13
3041,PLANTEL AGUA PRIETA,TELMEX,,(T5-35) SIN NOMBRE ESPECIFICADO,31.311738,-109.534488,0.13
951,FRANCISCO MIRANDA MONTAÑO,MEGACABLE,,PLANTEL OBREGON II,27.44298964,-109.9249233,0.13
2968,PLANTEL HERMOSILLO VII,TOTAL PLAY,,OFICINA DE TELEFONIA RURAL DE SONORA (EDIFICIO MEXICO),29.06757,-110.95845,0.14
1174,ADOLFO LOPEZ MATEOS,TELMEX,,PLANTEL ETCHOJOA,26.90807591,-109.6227125,0.14
2975,PLANTEL PUERTO PEÑASCO,TELMEX,,PLANTEL PUERTO PEÑASCO,31.32935585,-113.5298673,0.14
501,JARDIN DE NIÑOS NUEVA CREACION,RED SEC,,(TZ-45) PALACIO MUNICIPAL BACUM,27.54989167,-110.083075,0.14
225,TELESECUNDARIA 153,COMPUPROYECCIONES,,SINOQUIPE,30.157514,-110.245836,0.14
1924,TELESECUNDARIA 167,COMPUPROYECCIONES,,HUACHINERA,30.207014,-108.959606,0.14
1082,RICARDO FLORES MAGON,TELMEX,,RADIO TEC,30.98961,-110.26602,0.14
2668,FERNANDO A PAREDES,TELMEX,,H. AYUNTAMIENTO DE SAHUARIPA 2,29.05637,-109.23347,0.14
1027,TELESECUNDARIA 81,COMPUPROYECCIONES,,CUCURPE,30.330397,-110.704533,0.15
3678,DEFENSORIA PUBLICA,TELMEX,688.79,(TZ-45) TORRE FISCAL,27.49709444,-109.9322056,0.15
529,BENITO JUAREZ,MEGACABLE,,(TZ-45) PALACIO MUNICIPAL BACUM,27.54989167,-110.083075,0.15
3714,INSTITUTO SONORENSE DE CULTURA,TELMEX,473.28,EDIFICIO HERMOSILLO,29.06771437,-110.9571943,0.16
3603,SUBSECRETARIA DE INGRESOS,TELMEX,1065.14,PALACIOGOB,29.07489666,-110.9580838,0.16
2186,AUGUSTO FEDERICO FROEBEL,TELMEX,,MOCTEZUMA,29.806925,-109.679853,0.16
2370,FRANCISCO I. MADERO,INDEX,,PRIM FRANCISCO I. MADERO DE FRANCISCO I MADERO,26.848784,-109.366316,0.16
2207,PROF. ALEJANDRO SOTELO BURRUEL,TELMEX,,(TZ-45) TORRE CEDAE,29.07067222,-110.9533944,0.16
3048,PLANTEL MAGDALENA DE KINO - ING. ARMANDO HOPKINS DURAZO,TELMEX,,PLANTEL EUSEBIO FRANCISCO KINO,30.62410894,-110.9732592,0.16
1225,DIONICIO BRISEÑO RODRIGUEZ,TELMEX,,(TZ-45) TORRE H. AYUNTAMIENTO PP,31.30579722,-113.5405861,0.16
1694,PROF. FERNANDO ENRIQUEZ ENRIQUEZ,RED SEC,,(TZ-45) TORRE COMANDANCIA MUNICIPAL,28.84294167,-111.4898444,0.16
544,ADELA PAZ CORDOVA,TELMEX,,BAVIACORA,29.715211,-110.165078,0.16
1226,GENERAL IGNACIO ZARAGOZA,TELMEX,,(TZ-45) TORRE PALACIO MUNICIPAL  ETCHOJOA,26.911617,-109.625892,0.16
3572,DIRECCION GENERAL OPERATIVA DEL SERVICIO ESTATAL DEL EMPLEO,TELMEX,473.28,(TZ-45) TORRE C4 NUEVO,27.07895278,-109.443525,0.16
3461,MODULO NACO,TELMEX,,(TZ-45)TORRE SEGURIDAD PUBLICA NACO,31.33107222,-109.9482,0.16
519,AQUILES SERDAN,INDEX,,PRIM AQUILES SERDAN DE ATOTONILCO,27.305907,-110.172749,0.16
3460,MODULO MOCTEZUMA,TELMEX,,H. AYUNTAMIENTODE MOCTEZUMA,29.80268,-109.68059,0.16
2409,CENTRO ESCOLAR TALAMANTE,MEGACABLE,,(TZ-30) TORRE AGENCIA FISCAL NAVOJOA,27.08241944,-109.4472139,0.16
53,PROF. ARMANDO ACUNA RIVERA,TELMEX,,(T5-35) SIN NOMBRE ESPECIFICADO,31.311738,-109.534488,0.16
3736,INSTITUTO SONORENSE DE CULTURA,TELMEX,473.28,BMXDGR,29.07631845,-110.9570658,0.17
3705,UNIVERSIDAD ESTATAL DE SONORA,TOTAL PLAY,2699,(TZ-45) TORRE UES,27.04737222,-109.4524333,0.17
146,LIC. MIGUEL ALEMAN,INDEX,,CENTRO DE SALUD RURAL 189 DE EL CHINO,26.57152,-108.97534,0.17
3073,SUPERIOR ESTATAL DE SONORA-UNIDAD ACADEMICA NAVOJOA,TOTAL PLAY,,UNIVERSIDAD ESTATAL DE SONORA PLANTEL NAVOJOA,27.04738,-109.452824,0.17
2965,PLANTEL NUEVO HERMOSILLO,TOTAL PLAY,,PLANTEL NUEVO HERMOSILLO,29.01221702,-110.9283082,0.17
3699,ISSSTESON,TELMEX,559.48,(TZ-30) TORRE PUEBLO YAQUI,27.35423611,-110.035575,0.17
177,TELESECUNDARIA 131,COMPUPROYECCIONES,,CENTRO DE SALUD RURAL 189 DE EL CHINO,26.57152,-108.97534,0.17
3074,SUPERIOR ESTATAL DE SONORA-UNIDAD ACADEMICA NAVOJOA,MEGACABLE,,(TZ-45) TORRE UES,27.04737222,-109.4524333,0.17
2116,MARIO BARCELO ABRIL,COMPUPROYECCIONES,,BACADEHUACHI,29.808589,-109.142825,0.17
3464,MODULO PUEBLO YAQUI,TELMEX,,(TZ-30) TORRE PUEBLO YAQUI,27.35423611,-110.035575,0.17
1371,FRANCISCO VILLA,MEGACABLE,,(TZ-60) TORRE CIF GUAYMAS,27.91950278,-110.9007333,0.17
3213,CENTRO DE SALUD CON HOSPITAL SANTA ANA,TELMEX,,(TZ-45) SIN NOMBRE ESPECIFICADO,30.544323,-111.121223,0.17
3570,SECRETARIA,TELMEX,473.28,COMUNICACION SOCIAL,29.0744732,-110.9584987,0.18
3708,COMISION DEL DEPORTE DEL ESTADO DE SONORA,TELMEX,688.79,CUM,29.10935986,-110.9936158,0.18
2190,LIC. BENITO JUAREZ,TELMEX,,PLANTEL PUEBLO YAQUI,27.35232762,-110.0380822,0.18
3454,MODULO ETCHOJOA,TELMEX,,(TZ-45) TORRE PALACIO MUNICIPAL  ETCHOJOA,26.911617,-109.625892,0.18
2053,BENITO JUAREZ,INDEX,,PRIM BENITO JUAREZ DE BENITO JUAREZ,26.60396,-109.1739,0.18
1025,PROF. LUIS BURRUEL AHUMADA,TELMEX,,CARBO,29.685214,-110.961142,0.19
3624,JUNTA DE ASISTENCIA PRIVADA,TELMEX,343.97,BMXDGR,29.07631845,-110.9570658,0.19
2978,PLANTEL NOGALES II,TOTAL PLAY,,NOGALES,31.318347,-110.954427,0.19
3063,SUPERIOR TECNOLOGICA DE SAN LUIS RIO COLORADO,TELNOR,,UTSLRC,32.435785,-114.715726,0.19
545,GENERAL ABELARDO L RODRIGUEZ,TELMEX,,BAVIACORA,29.715211,-110.165078,0.19
1065,NIÑOS HEROES,COMPUPROYECCIONES,,PRIM NIÑOS HEROES DE EJ JUNELANCAHUI,28.069167,-110.548444,0.2
3694,ISSSTESON,TELMEX,967.36,PALACIOGOB,29.07489666,-110.9580838,0.2
2649,PROF. RANDOLFO LAVANDERA,TELMEX,,H. AYUNTAMIENTO DE ROSARIO,27.840604,-109.370759,0.2
2860,PROFR. COSME ROSAS VALENZUELA,TELMEX,,(TZ-45) SIN NOMBRE ESPECIFICADO,30.544323,-111.121223,0.2
1361,ALEJANDRO C. IBERRI,MEGACABLE,,(TZ-60) TORRE CIF GUAYMAS,27.91950278,-110.9007333,0.2
2503,JOSE JOAQUIN FERNANDEZ DE LIZARDI,RED SEC,,NOGALES,31.318347,-110.954427,0.2
3695,ISSSTESON,TELMEX,559.48,PALACIOGOB,29.07489666,-110.9580838,0.2
2371,BENITO JUAREZ,GLOBALSAT,,(TZ-45) SIN NOMBRE ESPECIFICADO,30.544323,-111.121223,0.2
3199,CENTRO DE SALUD MIGUEL ALEMAN,TELMEX,,(TZ-45) TORRE COMANDANCIA MUNICIPAL,28.84294167,-111.4898444,0.2
3265,CENTRO DE SALUD RURAL BANAMICHI,TELMEX,,BANAMICHI,30.007164,-110.218019,0.2
3266,CENTRO DE SALUD RURAL BAVIACORA,TELMEX,,BAVIACORA,29.715211,-110.165078,0.21
2044,JESUS GARCIA,INDEX,,CENTRO DE SALUD RURAL DE VENUSTIANO CARRANZA,26.427719,-109.031198,0.21
3726,UNIVERSIDAD ESTATAL DE SONORA,TOTAL PLAY,1663,(TZ-45) TORRE CEDAE,29.07067222,-110.9533944,0.21
3569,JUNTAS DE CONCILIACION Y ARBITRAJE DEL ESTADO DE SONORA,TELMEX,473.28,COMUNICACION SOCIAL,29.0744732,-110.9584987,0.21
3743,UNIVERSIDAD ESTATAL DE SONORA,TOTAL PLAY,6335,(TZ-45) TORRE CEDAE,29.07067222,-110.9533944,0.21
2840,PROF. ALFONSO MARIN RETIFF,TELMEX,,SANTA ANA,30.544389,-111.121275,0.21
1024,TOMAS VALDEZ VILLEGAS,TELMEX,,PLANTEL NAVOJOA,27.06563326,-109.4497993,0.21
2171,HORACIO SOBARZO,TELMEX,,PLANTEL EUSEBIO FRANCISCO KINO,30.62410894,-110.9732592,0.22
109,BENITO JUAREZ,INDEX,,PRIM BENITO JUAREZ DE 21 DE MARZO,26.525942,-109.075572,0.22
3735,INSTITUTO SONORENSE DE CULTURA,TOTAL PLAY,2688,BMXDGR,29.07631845,-110.9570658,0.22
3688,SECRETARIA PARTICULAR,TELMEX,1206.04,ALAMOS,27.021836,-108.937803,0.22
1411,MACRINA PATIÑO,RED SEC,,(TZ-60) TORRE CIF GUAYMAS,27.91950278,-110.9007333,0.22
518,AMADO NERVO,TELMEX,,CENTRO DE SALUD RURAL DE FRANCISCO J MINA (CAMPO 60),27.45816,-110.11326,0.22
1415,CASA HOGAR PAZ Y BIEN,RED SEC,,(TZ-60) TORRE CIF GUAYMAS,27.91950278,-110.9007333,0.22
3459,MODULO MAGDALENA,TELMEX,,(TZ-45) TORRE C4,30.63,-110.9690972,0.22
2933,MARIA DE JESUS ALVARADO COMPEAN,TELMEX,,"TORRE COMANDANCIA SAN CARLOS, GUAYMAS",27.94951389,-111.0521917,0.23
1116,MI PEQUENO HOGAR,RED SEC,,CENTRO DE SALUD RURAL DE BUAYSIACOBE,27.05884,-109.68408,0.23
3592,DIRECCION GENERAL DE REGISTRO CIVIL,TELMEX,343.97,CESPEJO,29.09162451,-110.9754325,0.23
1360,CUAUHTEMOC,TELMEX,,"TORRE COMANDANCIA SAN CARLOS, GUAYMAS",27.94951389,-111.0521917,0.23
2782,HIMNO NACIONAL,TELNOR,,PLANTEL SAN LUIS RIO COLORADO,32.45172232,-114.751234,0.23
3458,MODULO IMURIS,TELMEX,,(TZ-45) TORRE PALACIO,30.7773,-110.8616389,0.23
3211,CENTRO DE SALUD PROGRESO NORTE,TELMEX,,(TZ-45) COMANDANCIA EL CORTIJO,29.14361389,-110.9862722,0.23
511,NARCIZO MENDOZA,MEGACABLE,,CENTRO DE SALUD RURAL DE FRANCISCO J MINA (CAMPO 60),27.45816,-110.11326,0.24
523,PRESIDENTE MIGUEL ALEMAN,RED SEC,,PRIM PRESIDENTE MIGUEL ALEMAN DE EJ MIGUEL ALEMAN,27.498163,-110.115354,0.24
2065,GUADALUPE VICTORIA,INDEX,,PRIM GUADALUPE VICTORIA DE GUADALUPE VICTORIA,26.553225,-109.114548,0.24
2573,TELESECUNDARIA 319,COMPUPROYECCIONES,,OQUITOA,30.742219,-111.734878,0.24
506,PAULO FREIRE,RED SEC,,PRIM PRESIDENTE MIGUEL ALEMAN DE EJ MIGUEL ALEMAN,27.498163,-110.115354,0.24
2803,ABELARDO L. RODRIGUEZ,TELNOR,,(TZ-45) TORRE AGENCIA FISCAL SLRC,32.47933611,-114.7790444,0.24
1091,TELESECUNDARIA 138,COMPUPROYECCIONES,,C. DE SALUD RURAL ANTONIO ROSALES,28.077694,-110.612917,0.25
3644,DIF SONORA,TELMEX,677.22,VSERIS,29.064011,-110.955496,0.25
3627,SERVICIOS DE SALUD DE SONORA,TELMEX,559.48,CGOB,29.06763827,-110.9592655,0.25
2951,IGNACIO ZARAGOZA,TELMEX,,H. AYUNTAMIENTO DE YECORA,28.37264,-108.925702,0.25
2356,NIÑOS HEROES,INDEX,,PRIM NIÑOS HEROES DE EL SANEAL,26.9128,-109.390694,0.25
3685,SECRETARIA PARTICULAR,DESIERTA PRECIO NO ACEPTABLE,2404.31,EDIFICIO SONORA,29.06842354,-110.9572519,0.25
3229,HOSPITAL PSIQUIATRICO CARLOS NAVA,MEGACABLE,,(TZ-45) TORRE CEDAE,29.07067222,-110.9533944,0.25
539,JOSE ANTONIO VILLA,TELMEX,,BANAMICHI,30.007164,-110.218019,0.25
3704,UNIVERSIDAD ESTATAL DE SONORA,TOTAL PLAY,2699,CUM,29.10935986,-110.9936158,0.26
3702,RADIO SONORA,TELMEX,1912.43,BMXDGR,29.07631845,-110.9570658,0.26
2564,TELESECUNDARIA 189,COMPUPROYECCIONES,,ONAVAS,28.460286,-109.527903,0.26
3584,DIRECCION GENERAL DE CONCERTACION AGRARIA,TELMEX,688.79,COMUNICACION SOCIAL,29.0744732,-110.9584987,0.26
2173,ENRIQUE WOOLFOLK,TELMEX,,(TZ-45) TORRE C4,30.63,-110.9690972,0.26
1474,MIGUEL ALEMAN VALDEZ,MEGACABLE,,(TZ-45) TORRE COMANDANCIA MUNICIPAL,28.84294167,-111.4898444,0.26
2289,MAYAMBO,RED SEC,,(TZ-30) TORRE AGENCIA FISCAL NAVOJOA,27.08241944,-109.4472139,0.26
2414,BENIGNO GARCIA GARCIA,TELMEX,,(TZ-30) TORRE AGENCIA FISCAL NAVOJOA,27.08241944,-109.4472139,0.26
503,RAMON LOPEZ VELARDE,MEGACABLE,,(TZ-45) PALACIO MUNICIPAL BACUM,27.54989167,-110.083075,0.26
3749,CONSEJO ESTATAL DE CONCERTACION PARA LA OBRA PUBLICA,TELMEX,5482.52,VSERIS,29.064011,-110.955496,0.27
1688,DIEGO RIVERA,MEGACABLE,,SSP ESPEJO,29.09152931,-110.9754964,0.27
2204,BELISARIO DOMINGUEZ,TELMEX,,NACOZARI,30.378194,-109.694961,0.27
3609,DIRECCION GENERAL DE ADMINISTRACION,TELMEX,473.28,COMUNICACION SOCIAL,29.0744732,-110.9584987,0.27
1095,ESCUELA SECUNDARIA TECNICA NUM. 14,COMPUPROYECCIONES,,H. AYUNTAMIENTODE ARIVECHI,28.92847,-109.18732,0.27
538,ADELINA LOPEZ FELIX,TELMEX,,BANAMICHI,30.007164,-110.218019,0.28
222,GENERAL ABELARDO L RODRIGUEZ,TELMEX,,ARIZPE,30.338364,-110.167683,0.28
2701,ARTEMISA CORDOVA DE MORENO,TELMEX,,SAN PEDRO DE LA CUEVA,29.288686,-109.743956,0.28
1232,TELESECUNDARIA 130,TELMEX,,CENTRO DE SALUD RURAL DE BUAYSIACOBE,27.05884,-109.68408,0.28
2674,GUADALUPE VICTORIA,TELMEX,,SAN FELIPE DE JESUS,29.858456,-110.243403,0.28
591,HEROES DE CABORCA,RED SEC,,PLANTEL CABORCA,30.72412696,-112.1621881,0.29
1334,LORENZO LOPEZ BALMACEDA,TELMEX,,PLANTEL QUETCHEHUECA,27.26486024,-109.9459878,0.29
3663,CENDI 2,TELMEX,978.94,EDIFICIO SONORA,29.06842354,-110.9572519,0.29
1336,EMIGDIO LOPEZ PEREZ,TELMEX,,CENTRO DE SALUD BACUM,27.5551,-110.085,0.29
1852,CLUB DE LEONES 1,RED SEC,,AUFIS,29.06939286,-110.944628,0.29
3712,COMISION DEL DEPORTE DEL ESTADO DE SONORA,TELMEX,688.79,CUM,29.10935986,-110.9936158,0.29
3706,COMISION DEL DEPORTE DEL ESTADO DE SONORA,TELMEX,473.28,CUM,29.10935986,-110.9936158,0.29
3711,COMISION DEL DEPORTE DEL ESTADO DE SONORA,TELMEX,343.97,CUM,29.10935986,-110.9936158,0.29
3665,SECRETARIA,TELMEX,2608.25,CGOB,29.06763827,-110.9592655,0.3
3202,CENTRO DE SALUD NAVOJOA CENTRO,TELMEX,,PLANTEL NAVOJOA,27.06563326,-109.4497993,0.3
3200,CENTRO DE SALUD NACO,TELMEX,,NACO,31.327333,-109.948686,0.3
2141,TELESECUNDARIA 69,COMPUPROYECCIONES,,ESC PRIM EL PIPILA DE EST. TORRES,28.766305,-110.769459,0.3
2172,JUAN FENOCHIO,TELMEX,,(TZ-45) TORRE C4,30.63,-110.9690972,0.3
1439,TELESECUNDARIA 126,GLOBALSAT,,CENTRO DE SALUD DE FRANCISCO MARQUEZ,28.1576944,-110.5913889,0.3
3444,MODULO ALAMOS,TELMEX,,ALAMOS,27.021836,-108.937803,0.3
949,JOSEFINA VDA DE GALVEZ NUM. 1,TELMEX,,(TZ-30) TORRE PUEBLO YAQUI,27.35423611,-110.035575,0.3
839,IGNACIO RAMIREZ,MEGACABLE,,(TZ-45) TORRE SSPM,27.46464167,-109.9284222,0.3
3215,CENTRO DE SALUD SONOYTA,TELMEX,,(TZ-45) TORRE COMANDANCIA SONOYTA,31.864325,-112.8494722,0.31
3475,ITAMA - OFICINAS GENERALES,TELMEX,,COMUNICACION SOCIAL,29.0744732,-110.9584987,0.31
2630,TELESECUNDARIA 3,COMPUPROYECCIONES,,H. AYUNTAMIENTO DE QUIRIEGO,27.52069,-109.251259,0.31
704,PROF. JOSE L GUERRA A,MEGACABLE,,HOSPITAL GENERAL DE OBREGON,27.4836,-109.955,0.31
3582,COMISION ESTATAL PARA EL  DESARROLLO DE LOS PUEBLOS Y COMUNIDADES INDIGENAS,TELMEX,473.28,COMUNICACION SOCIAL,29.0744732,-110.9584987,0.31
2127,PAULITA VERJAN,TELMEX,,ALAMOS,27.021836,-108.937803,0.31
3010,"EMSAD, SAN PEDRO DE LA CUEVA",COMPUPROYECCIONES,,TEPACHE,29.288686,-109.743956,0.32
3583,DIRECCION GENERAL DEL BOLETIN OFICIAL Y ARCHIVO DEL ESTADO,TELMEX,1504.55,BMXDGR,29.07631845,-110.9570658,0.32
490,JOSE MA MORELOS,TELMEX,,BACANORA,28.977583,-109.399342,0.32
2939,BENITO JUAREZ,TELMEX,,VILLA PESQUEIRA,29.118272,-109.969133,0.32
775,PROFA. BEATRIZ ORDONEZ ACUÑA,RED SEC,,(TZ-45) TORRE SSPM,27.46464167,-109.9284222,0.32
2996,"EMSAD, SANTA MARIA DEL BUARAJE",COMPUPROYECCIONES,,CENTRO DE SALUD RURAL DE STA MA DEL BUARAJE NVO,27.30295,-109.80285,0.33
666,CENTRO DE ATENCION MULTIPLE NUM. 53,MEGACABLE,,PLANTEL NAVOJOA,27.06563326,-109.4497993,0.33
2506,GUSTAVO LAMBERTO MANRIQUEZ RAMOS,RED SEC,,(TZ-60) TORRE ISSSTESON,31.29834167,-110.9137,0.33
3440,CENTRO INTEGRAL DE ATENCION A LA SALUD SUR,TOTAL PLAY,,CGOB,29.06763827,-110.9592655,0.33
3607,DIRECCION GENERAL DE RECAUDACION,TELMEX,343.97,(TZ-45) TORRE COMANDANCIA MUNICIPAL,28.84294167,-111.4898444,0.33
3669,INSTITUTO SONORENSE DE LA JUVENTUD,TELMEX,688.79,(TZ-45) TORRE CEDAE,29.07067222,-110.9533944,0.34
1613,BASSELL IBARRA VILLEGAS,TELMEX,,(TZ-45) TORRE C4 VIEJO SEG PUBLICA,27.08036667,-109.4624361,0.34
2491,MIGUEL HIDALGO,RED SEC,,(TZ-45) TORRE EMBARCADERO,31.32836667,-110.9398083,0.34
2396,JOSE EDUARDO CURLANGO LIMON,TELMEX,,(TZ-45) TORRE EMBARCADERO,31.32836667,-110.9398083,0.34
2072,GENERAL MIGUEL PIÑA,TELMEX,,H. AYUNTAMIENTO DE URES,29.42809,-110.38989,0.34
2892,BENITO JUAREZ,TELMEX,,SUAQUI GRANDE,28.394783,-109.891928,0.34
3219,HOSPITAL COMUNITARIO URES,TELMEX,,H. AYUNTAMIENTO DE URES,29.42809,-110.38989,0.34
3700,TELEVISORA DE HERMOSILLO SA DE CV,TELMEX,473.28,SSP ESPEJO,29.09152931,-110.9754964,0.35
3709,COMISION DEL DEPORTE DEL ESTADO DE SONORA,TELMEX,688.79,CUM,29.10935986,-110.9936158,0.35
1508,PROF. ALFREDO EGUIARTE FLORES,TELMEX,,SSP ESPEJO,29.09152931,-110.9754964,0.35
1339,IGNACIO OSUNA OSUNA,RED SEC,,CENTRO DE SALUD VICAM,27.647,-110.296,0.35
3611,DIRECCION GENERAL DE CONTABILIDAD GUBERNAMENTAL,TELMEX,688.79,(TZ-45) CENTRO INTEGRAL PEI,29.09499722,-111.0287889,0.36
1713,PROF. EDUARDO W VILLA,MEGACABLE,,CESPEJO,29.09162451,-110.9754325,0.36
2300,EMILIANO ZAPATA,INDEX,,PRIM INDIGENA EMILIANO ZAPATA /ENCICLOPEDIA DE CHOACALLE,26.771561,-109.227606,0.36
2393,SECUNDARIA ESTATAL NUM. 33,MEGACABLE,,(TZ-45) COMANDANCIA ZONA NORTE,29.11026111,-110.9913861,0.36
2581,PROF. JOSE CARMELO,RED SEC,,(TZ-45) COMANDANCIA MUNICIPAL PITIQUITO,30.67895278,-112.0493028,0.36
1278,FILOMENO MATA,TELNOR,,(TZ-45) TORRE COMANDANCIA SONOYTA,31.864325,-112.8494722,0.36
2179,PROF. GREGORIO AHUMADA,TELMEX,,CENTRO DE SALUD BACOBAMPO,26.979011,-109.654255,0.36
2560,PEDRO ORTIZ MONTAÑO,TELMEX,,H. AYUNTAMIENTO DE ROSARIO,27.840604,-109.370759,0.36
1652,ESTADO DE OAXACA,MEGACABLE,,SSP ESPEJO,29.09152931,-110.9754964,0.37
1262,ADOLFO LOPEZ MATEOS,TELNOR,,(TZ-45) TORRE COMANDANCIA SONOYTA,31.864325,-112.8494722,0.37
1840,PROF. LAMBERTO HERNANDEZ,COMPUENLACES,,CESPEJO,29.09162451,-110.9754325,0.37
494,BENITO JUAREZ,TELMEX,,BACERAC,30.356653,-108.927858,0.37
3467,MODULO SAN IGNACIO RIO MUERTO,TELMEX,,CAMPO DEPORTIVO MPAL DE SAN IGNACIO RIO MUERTO,27.409988,-110.239434,0.37
1003,ALFONSO ATONDO GARCIA,TELMEX,,RADIO TEC,30.98961,-110.26602,0.37
2879,TELESECUNDARIA 54,COMPUPROYECCIONES,,SASABE,31.470086,-111.547419,0.37
598,MUNDO FELIZ,RED SEC,,PLANTEL CABORCA,30.72412696,-112.1621881,0.37
2282,LEONARDO MAGAÑA ORTEGA,RED SEC,,PLANTEL NAVOJOA,27.06563326,-109.4497993,0.37
1044,TELESECUNDARIA 76,COMPUPROYECCIONES,,DIVISADEROS,29.614828,-109.470172,0.38
889,PRIMERO DE MAYO,MEGACABLE,,(TZ-45) TORRE SSPM,27.46464167,-109.9284222,0.38
2888,TELESECUNDARIA 50,COMPUPROYECCIONES,,SECUNDARIA DE REBEICO,28.88552,-109.75171,0.39
614,ARNULFO SANTIAGO HERNANDEZ,RED SEC,,SITIO C5 CABORCA / ANTENAS TELEMAX,30.7302,-112.159,0.39
3438,CENTRO INTEGRAL DE ATENCION A LA SALUD SUR CENTRO,TOTAL PLAY,,CESPEJO,29.09162451,-110.9754325,0.39
2294,PROF. MANUEL TORRES LERMA,TELMEX,,PLANTEL ETCHOJOA,26.90807591,-109.6227125,0.39
988,EUA,MEGACABLE,,RADIO TEC,30.98961,-110.26602,0.39
507,FRANCISCO JAVIER MINA,MEGACABLE,,CENTRO DE SALUD RURAL DE FRANCISCO J MINA (CAMPO 60),27.45816,-110.11326,0.39
3566,JUNTAS DE CONCILIACION Y ARBITRAJE DEL ESTADO DE SONORA,TELMEX,473.28,(TZ-45) TORRE FISCAL,27.49709444,-109.9322056,0.4
2296,PROF. GILBERTO PACHECO CASTILLO,TELMEX,,PLANTEL PUERTO PEÑASCO,31.32935585,-113.5298673,0.4
2263,ANGEL DEL CAMPO,RED SEC,,UNIVERSIDAD DE SONORA  CAMPUS NAVOJOA,27.074257,-109.429382,0.4
928,MARIA DEL CARMEN LLANES NORIEGA,RED SEC,,PLANTEL OBREGON I,27.4776144,-109.9289854,0.4
1997,RAFAEL RAMIREZ,INDEX,,CENTRO DE SALUD RURAL DE YAVARITOS,26.77914,-109.36883,0.41
3391,CENTRO DE SALUD RURAL YECORA,TELMEX,,YECORA,28.373942,-108.930475,0.41
2200,TELESECUNDARIA 169,COMPUPROYECCIONES,,PALACIO MUNICIPAL DE NACORI CHICO,29.68636,-108.97802,0.41
2095,SECUNDARIA ESTATAL NUM. 11,MEGACABLE,,(TZ-45) TORRE SSPM,27.46464167,-109.9284222,0.42
1849,PROFA. MA GUADALUPE ORTEGA DE SUAREZ,MEGACABLE,,PLANTEL NUEVO HERMOSILLO,29.01221702,-110.9283082,0.42
1683,MIGUEL ALEMAN VALDEZ,TELMEX,,(TZ-45) TORRE COMANDANCIA MUNICIPAL,28.84294167,-111.4898444,0.42
3469,MODULO SANTA ANA,TELMEX,,(TZ-45) SIN NOMBRE ESPECIFICADO,30.544323,-111.121223,0.42
162,BARTOLOME M. SALIDO,TELMEX,,ALAMOS,27.021836,-108.937803,0.42
3643,DIF SONORA,TELMEX,473.28,(TZ-45) COMANDANCIA ZONA NORTE,29.11026111,-110.9913861,0.42
1223,7 DE NOVIEMBRE,TELMEX,,H. AYUNTAMIENTODE MOCTEZUMA,29.80268,-109.68059,0.42
3209,CENTRO DE SALUD PITIQUITO,TELMEX,,(TZ-45) COMANDANCIA MUNICIPAL PITIQUITO,30.67895278,-112.0493028,0.43
2852,NIÑOS HEROES,TELMEX,,(TZ-45) TORRE UNISON,30.54224722,-111.1137528,0.43
2914,EL CAMPESINO,TELMEX,,H. AYUNTAMIENTO DE URES,29.42809,-110.38989,0.43
2838,FELIX ROMERO,TELMEX,,SAN PEDRO DE LA CUEVA,29.288686,-109.743956,0.43
2107,GENERAL JOSE ESTEBAN CORONADO,TELMEX,,H. AYUNTAMIENTO DE SAHUARIPA 2,29.05637,-109.23347,0.44
1614,JOSE LUIS OSUNA VILLA,MEGACABLE,,(TZ-45) TORRE SSPM,27.46464167,-109.9284222,0.45
679,OSWALDO BALLESTEROS BALLESTEROS,RED SEC,,CABORCA,30.727172,-112.155092,0.45
2568,VICENTE MONROY MENDOZA,MEGACABLE,,PLANTEL OBREGON II,27.44298964,-109.9249233,0.45
1261,EMILIO MELGOZA SOLORIO,TELMEX,,(TZ-30) TORRE MARTE R. GOMEZ,27.36791944,-109.8883278,0.45
3586,INSTITUTO SONORENSE  DE LAS MUJERES,TELMEX,343.97,MAGDALENA,30.632581,-110.978589,0.45
1228,ABELARDO L. RODRIGUEZ,MEGACABLE,,CENTRO DE SALUD BACOBAMPO,26.979011,-109.654255,0.45
940,CARLOS M CALLEJA,MEGACABLE,,(TZ-45) TORRE FISCAL,27.49709444,-109.9322056,0.45
2265,OSCAR WILDE,RED SEC,,(TZ-45) TORRE C4 VIEJO SEG PUBLICA,27.08036667,-109.4624361,0.46
2460,IM JIABSI USI,RED SEC,,NOGALES,31.318347,-110.954427,0.46
3756,INSTITUTO SONORENSE DE INFRAESTRUCTURA EDUCATIVA,TELMEX,343.97,(TZ-45) TORRE C4 NUEVO,27.07895278,-109.443525,0.46
1802,BLANCA AZUCENA ESQUER TORRES,MEGACABLE,,PLANTEL NUEVO HERMOSILLO,29.01221702,-110.9283082,0.46
1433,ALBA RIVERA WONG,TELMEX,,(TZ-45) TORRE C5 GUAYMAS,27.94620556,-110.9342083,0.46
3587,DIRECCION GENERAL DE REGISTRO CIVIL,TELMEX,343.97,(TZ-45) TORRE FISCAL,27.49709444,-109.9322056,0.47
1333,JUDITH MALDONADO GUTIERREZ,RED SEC,,(TZ-45) TORRE C5 GUAYMAS,27.94620556,-110.9342083,0.47
960,OLGA DIAZ ESQUER,MEGACABLE,,PLANTEL OBREGON I,27.4776144,-109.9289854,0.47
496,TELESECUNDARIA 86,COMPUPROYECCIONES,,BACOACHI,30.632433,-109.968483,0.47
3770,CENTRO INTEGRAL DE SALUD MENTAL CISAME NOGALES,TELMEX,,NOGALES,31.318347,-110.954427,0.47
1928,BENITO JUAREZ,TELMEX,,HUASABAS,29.910706,-109.301011,0.48
1365,FRANCISCO MARQUEZ,COMPUPROYECCIONES,,CENTRO DE SALUD DE FRANCISCO MARQUEZ,28.1576944,-110.5913889,0.48
3015,"CECYTE, GRANADOS",COMPUPROYECCIONES,,H. AYUNTAMIENTO DE GRANADOS,29.86225,-109.31035,0.48
1090,TELESECUNDARIA 137,COMPUPROYECCIONES,,PRIM LEONA VICARIO DE MAYTORENA,28.075694,-110.747167,0.48
3192,CENTRO DE SALUD GUAYMAS NORTE,TELMEX,,(TZ-45) TORRE C5 GUAYMAS,27.94620556,-110.9342083,0.48
3693,ISSSTESON,TOTAL PLAY,5735,PLANTEL NAVOJOA,27.06563326,-109.4497993,0.49
2391,PROF. MIGUEL ANGEL LOYA MARTINEZ,MEGACABLE,,CESPEJO,29.09162451,-110.9754325,0.49
1798,PROFA. EVANGELINA PAREDES PESQUEIRA,MEGACABLE,,PLANTEL NUEVO HERMOSILLO,29.01221702,-110.9283082,0.49
3437,POLICLINICO SIGLO XXI ISSSTESON  SNTE SECCION 54,TOTAL PLAY,,PLANTEL NAVOJOA,27.06563326,-109.4497993,0.49
2185,MIGUEL HIDALGO Y COSTILLA,TELNOR,,(TZ-45) TORRE AGENCIA FISCAL SLRC,32.47933611,-114.7790444,0.49
2896,TELESECUNDARIA 333,TELMEX,,TEPACHE,29.528978,-109.5296,0.5
636,UNIDAD FORD NUM. 66,TELMEX,,"(TZ-90) CECYTES ""Y""",30.805425,-112.7130333,0.5
2935,PROF. RAFAEL D FIERROS,TELMEX,,VILLA HIDALGO,30.166433,-109.322178,0.5
956,20 DE NOVIEMBRE,RED SEC,,(TZ-45) TORRE HOSPITAL GENERAL,27.48364722,-109.9538472,0.5
1216,LAZARO CARDENAS,TELMEX,,CENTRO DE SALUD RURAL DE BUAYSIACOBE,27.05884,-109.68408,0.51
1872,RAMON GUILLERMO BONFIL VIVEROS,MEGACABLE,,PLANTEL NUEVO HERMOSILLO,29.01221702,-110.9283082,0.51
1403,ESCUELA SECUNDARIA TECNICA NUM. 33,TELMEX,,RAYON,29.707183,-110.567575,0.52
3485,ITAMA - CTE NOGALES,TELMEX,,NOGALES,31.318347,-110.954427,0.52
634,LIC. ADOLFO LOPEZ MATEOS,RED SEC,,CABORCA,30.727172,-112.155092,0.52
1294,BACHOMO,RED SEC,,CENTRO DE SALUD VICAM,27.647,-110.296,0.53
3014,"CECYTE, BANAMICHI",COMPUPROYECCIONES,,BANAMICHI,30.007164,-110.218019,0.53
1293,SEMALULUKUT,RED SEC,,CENTRO DE SALUD VICAM,27.647,-110.296,0.53
1422,LORETO ENCINAS DE AVILES,MEGACABLE,,(TZ-60) TORRE CIF GUAYMAS,27.91950278,-110.9007333,0.54
3622,SERVICIOS DE SALUD DE SONORA,TELMEX,343.97,CESPEJO,29.09162451,-110.9754325,0.54
1013,MELCHOR OCAMPO,TELMEX,,CANANEA,30.9777,-110.308617,0.54
1165,13 DE SEPTIEMBRE,RED SEC,,CENTRO DE SALUD RURAL DE BUAYSIACOBE,27.05884,-109.68408,0.54
3668,DIRECCION GENERAL DE PARTICIPACION SOCIAL,TELMEX,343.97,UNIVERSIDAD DE SONORA  CAMPUS NAVOJOA,27.074257,-109.429382,0.54
3020,"CECYTE, BACUM",COMPUPROYECCIONES,,(TZ-45) PALACIO MUNICIPAL BACUM,27.54989167,-110.083075,0.55
2858,HERMANAS VALENCIA,TELMEX,,SONOYTA,30.544389,-111.121275,0.55
2569,GILDARDO F AVILES,TELMEX,,QUEROBABI,30.050978,-111.03,0.55
1323,LUIS VAN BEETHOVEN,RED SEC,,(TZ-60) TORRE CIF GUAYMAS,27.91950278,-110.9007333,0.55
2903,LORENA GUADALUPE VARELA TREJO,TELMEX,,MAGDALENA,30.632581,-110.978589,0.55
941,EJERCITO NACIONAL MEXICANO,MEGACABLE,,PLANTEL OBREGON II,27.44298964,-109.9249233,0.55
2347,JOSE MA MORELOS Y PAVON,INDEX,,PRIM JOSE MA. MORELOS Y PAVON DE TEACHIVE,26.785231,-109.234619,0.55
2638,GENERAL IGNACIO ZARAGOZA,TELMEX,,RAYON,29.707183,-110.567575,0.56
2853,FRANCISCO GONZALEZ BOCANEGRA,TELMEX,,(TZ-45) TORRE UNISON,30.54224722,-111.1137528,0.56
1332,ISIDRO FABELA ALFARO,RED SEC,,(TZ-60) TORRE CIF GUAYMAS,27.91950278,-110.9007333,0.56
958,MA. DE LA LUZ MARQUEZ,TELMEX,,(TZ-30) TORRE PUEBLO YAQUI,27.35423611,-110.035575,0.56
2893,TELESECUNDARIA 52,TELMEX,,SUAQUI GRANDE,28.394783,-109.891928,0.57
2546,IGNACIO W COVARRUBIAS,MEGACABLE,,NOGALES,31.318347,-110.954427,0.57
1812,ADELINA ENCINAS EZRRE,MEGACABLE,,(TZ-45) CENTRO INTEGRAL PEI,29.09499722,-111.0287889,0.57
741,LAUREANA WRIGTH,RED SEC,,PLANTEL OBREGON I,27.4776144,-109.9289854,0.57
1612,ESCUELA SECUNDARIA TECNICA NUM. 54,COMPUPROYECCIONES,,PRIM 16 DE SEPTIEMBRE DE CHIRAJOBAMPO,26.891989,-109.398275,0.57
3493,COORDINACION ESTATAL DE ADMINISTRACION  EVALUACION Y CONTROL,TOTAL PLAY,,SSP ESPEJO,29.09152931,-110.9754964,0.58
2465,GUADALUPE MARIA DE LOS ANGELES STRAFFON MANZANO,RED SEC,,(TZ-45) TORRE C5 NOGALES,31.29025556,-110.9511556,0.58
3595,INSTITUTO SONORENSE  DE LAS MUJERES,TELMEX,343.97,(TZ-45) TORRE FISCAL,27.49709444,-109.9322056,0.59
2074,PROF. RAFAEL N VARELA,TELMEX,,CUMPAS,29.998067,-109.775114,0.59
2400,MARIA ISABEL IRIBE LEYVA,RED SEC,,(TZ-45) TORRE UES,27.04737222,-109.4524333,0.59
2164,LIC. ADOLFO LOPEZ MATEOS,TELMEX,,MAGDALENA,30.632581,-110.978589,0.59
3623,SERVICIOS DE SALUD DE SONORA,TELMEX,343.97,SSP ESPEJO,29.09152931,-110.9754964,0.59
2403,CENTRO ESCOLAR DEL MAYO,MEGACABLE,,(TZ-45) TORRE C4 NUEVO,27.07895278,-109.443525,0.6
2927,PROF. ENRIQUE QUIJADA,TELMEX,,H. AYUNTAMIENTO DE URES,29.42809,-110.38989,0.6
565,AQUILES SERDAN,TELMEX,,DIF MUNICIPAL DE VILLA JUAREZ,27.128152,-109.829834,0.6
1699,ANGELA MACIAS MARTINEZ,COMPUENLACES,,(TZ-45) COMANDANCIA ZONA NORTE,29.11026111,-110.9913861,0.61
1290,CUAUHTEMOC,TELMEX,,CENTRO DE SALUD VICAM,27.647,-110.296,0.61
3472,MODULO SONOYTA,TELMEX,,(TZ-45) TORRE COMANDANCIA SONOYTA,31.864325,-112.8494722,0.61
1132,JARDIN DE NIÑOS NUEVA CREACION,RED SEC,,CENTRO DE SALUD RURAL DE BUAYSIACOBE,27.05884,-109.68408,0.61
3571,JUNTAS DE CONCILIACION Y ARBITRAJE DEL ESTADO DE SONORA,TELMEX,473.28,(TZ-30) TORRE AGENCIA FISCAL NAVOJOA,27.08241944,-109.4472139,0.62
1993,PROF. OTHON ALMADA,TELMEX,,PLANTEL NAVOJOA,27.06563326,-109.4497993,0.62
1353,FELIPE MATUZ CORDOVA,RED SEC,,CENTRO DE SALUD VICAM,27.647,-110.296,0.62
2158,CLUB DE LEONES,TELMEX,,(TZ-45) TORRE C4,30.63,-110.9690972,0.62
2126,BENITO JUAREZ,TELMEX,,IMURIS,30.793453,-110.846086,0.62
2395,ING JUAN DE DIOS BOJORQUEZ,MEGACABLE,,PLANTEL NUEVO HERMOSILLO,29.01221702,-110.9283082,0.62
2284,ALFRED NOBEL,RED SEC,,UNIVERSIDAD DE SONORA  CAMPUS NAVOJOA,27.074257,-109.429382,0.62
3000,"EMSAD, CARBO",COMPUPROYECCIONES,,CARBO,29.685214,-110.961142,0.63
2476,MARIA VICTORIA TEK SANCHEZ,RED SEC,,(TZ-45) TORRE C5 NOGALES,31.29025556,-110.9511556,0.63
2478,GRACIELA MERINO GONZALEZ,RED SEC,,(TZ-45) TORRE C5 NOGALES,31.29025556,-110.9511556,0.63
787,EDUARDO W VILLA,RED SEC,,(TZ-45) TORRE SSPM,27.46464167,-109.9284222,0.63
2519,ESCUELA PRIMARIA NUEVA CREACION,RED SEC,,(TZ-45) TORRE C5 NOGALES,31.29025556,-110.9511556,0.63
2518,ALVARO OBREGON,RED SEC,,(TZ-45) TORRE C5 NOGALES,31.29025556,-110.9511556,0.63
3468,MODULO SAN LUIS RIO COLORADO,TELMEX,,(TZ-45) TORRE AGENCIA FISCAL SLRC,32.47933611,-114.7790444,0.64
2389,HEROICO COLEGIO MILITAR,TELMEX,,UNIVERSIDAD DE SONORA  CAMPUS NAVOJOA,27.074257,-109.429382,0.64
2533,ESCUELA SECUNDARIA TECNICA ESTATAL NUM. 2,TELMEX,,CENTRO DE SALUD RURAL DE FRANCISCO J MINA (CAMPO 60),27.45816,-110.11326,0.64
1405,ESCUELA SECUNDARIA TECNICA NUM. 35,TELMEX,,"(TZ-90) CECYTES ""Y""",30.805425,-112.7130333,0.65
542,CUITLAHUAC,TELMEX,,BAVIACORA,29.715211,-110.165078,0.65
1461,JESUS LEON GONZALEZ,TELMEX,,(TZ-45) COMANDANCIA EL CORTIJO,29.14361389,-110.9862722,0.65
622,ESCUELA PRIMARIA NUEVA CREACION,COMPUPROYECCIONES,,"(TZ-90) CECYTES ""Y""",30.805425,-112.7130333,0.65
1542,ROBERT OWEN,COMPUENLACES,,(TZ-45) COMANDANCIA EL CORTIJO,29.14361389,-110.9862722,0.65
1801,MARIA DEL ROSARIO CHAVEZ CRUZ,MEGACABLE,,PLANTEL NUEVO HERMOSILLO,29.01221702,-110.9283082,0.65
3769,CENTRO INFANTIL PARA EL DESARROLLO NEUROCONDUCTUAL,TELMEX,,CGOB,29.06763827,-110.9592655,0.66
3204,CENTRO DE SALUD NOGALES,TELMEX,,(TZ-45) TORRE C5 NOGALES,31.29025556,-110.9511556,0.66
1854,PROF. ALBERTO GUTIERREZ,RED SEC,,BMXDGR,29.07631845,-110.9570658,0.66
2998,"EMSAD, ROSARIO TESOPACO",COMPUPROYECCIONES,,H. AYUNTAMIENTO DE ROSARIO,27.840604,-109.370759,0.66
2209,BENITO JUAREZ,TELMEX,,NACOZARI,30.378194,-109.694961,0.66
2999,"EMSAD, EL QUIRIEGO",COMPUPROYECCIONES,,H. AYUNTAMIENTO DE QUIRIEGO,27.52069,-109.251259,0.66
2762,JUAN ESCUTIA,TELNOR,,COMANDANCIA,32.456246,-114.745002,0.67
2317,MOISES SAENZ,TELMEX,,PLANTEL NAVOJOA,27.06563326,-109.4497993,0.67
1012,BENITO JUAREZ,TELMEX,,CANANEA,30.9777,-110.308617,0.68
3707,COMISION DEL DEPORTE DEL ESTADO DE SONORA,TELMEX,473.28,CUM,29.10935986,-110.9936158,0.68
3364,CENTRO DE SALUD RURAL SAHUARIPA,TELMEX,,H. AYUNTAMIENTO DE SAHUARIPA 2,29.05637,-109.23347,0.68
748,JOSE MARTI,RED SEC,,PLANTEL OBREGON I,27.4776144,-109.9289854,0.68
2161,CLUB DE LEONES 2,TELMEX,,PLANTEL EUSEBIO FRANCISCO KINO,30.62410894,-110.9732592,0.68
540,TELESECUNDARIA 238,TELMEX,,BANAMICHI,30.007164,-110.218019,0.68
1355,EUSEBIO FRANCISCO PADRE KINO,TELMEX,,CENTRO DE SALUD VICAM,27.647,-110.296,0.69
2580,MIGUEL HIDALGO Y COSTILLA,RED SEC,,(TZ-45) COMANDANCIA MUNICIPAL PITIQUITO,30.67895278,-112.0493028,0.69
3634,DIRECCION GENERAL DE SERVICIOS DE SALUD A LA PERSONA,TELMEX,473.28,CGOB,29.06763827,-110.9592655,0.7
2493,MARGARITA MAZA DE JUAREZ,RED SEC,,NOGALES,31.318347,-110.954427,0.7
587,SONORA BAJA CALIFORNIA,TELMEX,,BENJAMIN HILL,30.167956,-111.117789,0.7
3466,MODULO SAHUARIPA,TELMEX,,SAN JAVIER,29.056386,-109.233431,0.7
2397,CONCEPCION M DEL CAMPO,RED SEC,,(TZ-45) TORRE C4 NUEVO,27.07895278,-109.443525,0.7
2212,HEROE DE NACOZARI FORD 129 NUM. 1,TELMEX,,NACOZARI,30.378194,-109.694961,0.71
1868,JOSE ANGEL BARRIOS RUIZ,RED SEC,,PLANTEL NUEVO HERMOSILLO,29.01221702,-110.9283082,0.71
986,ARISTOTELES,MEGACABLE,,RADIO TEC,30.98961,-110.26602,0.71
2974,PLANTEL SONOYTA,TELNOR,,(TZ-45) TORRE COMANDANCIA SONOYTA,31.864325,-112.8494722,0.71
2177,GENERAL JESUS GARCIA MORALES,TELMEX,,ARIZPE,30.338364,-110.167683,0.72
3432,HOSPITAL GENERAL DE SAN LUIS RIO COLORADO,TOTAL PLAY,,SAN PEDRO DE LA CUEVA,32.473614,-114.784344,0.72
2690,ESCUADRON 201,INDEX,,PRIM ESCUADRON 201 DE EL POLVORON,27.370639,-110.210761,0.72
1257,ESCUELA SECUNDARIA TECNICA NUM. 21,TELMEX,,BACERAC,30.356653,-108.927858,0.72
744,IGNACIO MARISCAL,RED SEC,,PLANTEL OBREGON I,27.4776144,-109.9289854,0.72
1407,ESCUELA SECUNDARIA TECNICA NUM. 37,TELMEX,,PLANTEL PUERTO PEÑASCO,31.32935585,-113.5298673,0.72
2270,GUSTAVO ADOLFO BECQUER,RED SEC,,UNIVERSIDAD DE SONORA  CAMPUS NAVOJOA,27.074257,-109.429382,0.72
1667,MARTIRES DE CANANEA 1906,MEGACABLE,,(TZ-45) COMANDANCIA ZONA NORTE,29.11026111,-110.9913861,0.73
3201,CENTRO DE SALUD NACOZARI DE GARCIA,TELMEX,,NACOZARI,30.378194,-109.694961,0.73
965,REFUGIO CORAZON DE MARIA,RED SEC,,C5I OBREGON,27.526008,-109.930316,0.73
2441,CLUB ACTIVO 20 30,RED SEC,,NOGALES,31.318347,-110.954427,0.73
2278,AGUSTIN MELGAR,RED SEC,,UNIVERSIDAD DE SONORA  CAMPUS NAVOJOA,27.074257,-109.429382,0.73
882,ALVARO OBREGON,MEGACABLE,,(TZ-30) TORRE MARTE R. GOMEZ,27.36791944,-109.8883278,0.73
26,BENITO JUAREZ,TELMEX,,(TZ-45) TORRE SUBCENTRO C5 AGUA PRIETA,31.31913889,-109.5580556,0.74
3667,DIRECCION GENERAL DE PARTICIPACION SOCIAL,TELMEX,343.97,PLANTEL OBREGON I,27.4776144,-109.9289854,0.74
3666,DIRECCION GENERAL DE DESARROLLO REGIONAL,TELMEX,473.28,PLANTEL OBREGON I,27.4776144,-109.9289854,0.74
3456,MODULO HUASABAS,TELMEX,,HUASABAS,29.910706,-109.301011,0.74
3632,COMISION DE ARBITRAJE MEDICO DEL ESTADO DE SONORA,TELMEX,343.97,AUFIS,29.06939286,-110.944628,0.74
1645,GENERAL LAZARO CARDENAS NUM. 1,COMPUENLACES,,(TZ-45) COMANDANCIA ZONA NORTE,29.11026111,-110.9913861,0.74
3217,HOSPITAL COMUNITARIO ALAMOS,TELMEX,,ALAMOS,27.021836,-108.937803,0.74
3452,MODULO CUMPAS,TELMEX,,CUMPAS,29.998067,-109.775114,0.75
3648,DIF SONORA,TELMEX,473.28,(TZ-45) TORRE AGENCIA FISCAL SLRC,32.47933611,-114.7790444,0.75
2687,19 DE NOVIEMBRE,MEGACABLE,,CAMPO DEPORTIVO MPAL DE SAN IGNACIO RIO MUERTO,27.409988,-110.239434,0.75
1847,GUSTAVO ADOLFO URUCHURTU,RED SEC,,VSERIS,29.064011,-110.955496,0.75
3007,"EMSAD, YECORA",COMPUPROYECCIONES,,H. AYUNTAMIENTO DE YECORA,28.37264,-108.925702,0.75
3713,INSTITUTO DE BECAS Y CREDITO EDUCATIVO DEL ESTADO DE SONORA,TELMEX,387.07,SSP ESPEJO,29.09152931,-110.9754964,0.76
3744,INSTITUTO DE BECAS Y CREDITO EDUCATIVO DEL ESTADO DE SONORA,TOTAL PLAY,5209,SSP ESPEJO,29.09152931,-110.9754964,0.76
3193,CENTRO DE SALUD HUATABAMPO,TELMEX,,(TZ-30) TORRE HOSPITAL GRAL. HUATABAMPO,26.84247222,-109.6411222,0.76
2182,IGNACIO TATO,TELMEX,,MAZATAN,29.005386,-110.145925,0.76
3585,INSTITUTO SONORENSE  DE LAS MUJERES,TELMEX,343.97,(TZ-45) TORRE COMANDANCIA MUNICIPAL,28.84294167,-111.4898444,0.76
3608,DIRECCION GENERAL DE RECAUDACION,TELMEX,343.97,(TZ-45) CENTRO INTEGRAL PEI,29.09499722,-111.0287889,0.77
3184,CENTRO DE SALUD CANANEA,TELMEX,,CANANEA,30.9777,-110.308617,0.77
1758,JUAN AVILA CORDOVA,MEGACABLE,,(TZ-45) TORRE SUBCENTRO C5 AGUA PRIETA,31.31913889,-109.5580556,0.77
2462,LUIS DONALDO COLOSIO MURRIETA,RED SEC,,(TZ-45) TORRE C5 NOGALES,31.29025556,-110.9511556,0.77
3639,DIF SONORA,TOTAL PLAY,8793,CESPEJO,29.09162451,-110.9754325,0.77
3462,MODULO NACOZARI,TELMEX,,NACOZARI,30.378194,-109.694961,0.77
2689,VENUSTIANO CARRANZA,TELMEX,,CAMPO DEPORTIVO MPAL DE SAN IGNACIO RIO MUERTO,27.409988,-110.239434,0.78
2548,FRANCISCO I. MADERO,MEGACABLE,,CERRO EL EMBARCADERO,31.328578,-110.939791,0.78
3448,MODULO CANANEA,TELMEX,,CANANEA,30.9777,-110.308617,0.78
1889,HUMBERTO VILLELA LUGO,RED SEC,,PLANTEL NUEVO HERMOSILLO,29.01221702,-110.9283082,0.78
215,MIGUEL HIDALGO Y COSTILLA,TELMEX,,ARIZPE,30.338364,-110.167683,0.78
1018,GENERAL ESTEBAN BACA CALDERON,TELMEX,,CANANEA,30.9777,-110.308617,0.79
3640,DIF SONORA,TELMEX,7207.44,CESPEJO,29.09162451,-110.9754325,0.79
3049,PLANTEL NACOZARI,TELMEX,,NACOZARI,30.378194,-109.694961,0.79
1930,JOSE RAFAEL CAMPOY,MEGACABLE,,PLANTEL OBREGON I,27.4776144,-109.9289854,0.79
1670,RAMON REAL CARRASCO,COMPUENLACES,,(TZ-45) COMANDANCIA EL CORTIJO,29.14361389,-110.9862722,0.79
1720,MAURICIO RODRIGUEZ KELLY,COMPUENLACES,,(TZ-45) COMANDANCIA EL CORTIJO,29.14361389,-110.9862722,0.79
2449,GUSTAVO DIAZ ORDAZ,RED SEC,,(TZ-45) TORRE C5 NOGALES,31.29025556,-110.9511556,0.79
3578,COORDINACION ESTATAL DE PROTECCION CIVIL,TOTAL PLAY,6699,BMXDGR,29.07631845,-110.9570658,0.8
1015,LEONA VICARIO,MEGACABLE,,CANANEA,30.9777,-110.308617,0.8
1240,TELESECUNDARIA 247,TELMEX,,(TZ-45) TORRE PALACIO MUNICIPAL  ETCHOJOA,26.911617,-109.625892,0.81
2492,JOSE MA MORELOS Y PAVON,RED SEC,,NOGALES,31.318347,-110.954427,0.81
3019,"CECYTE, BACOBAMPO",COMPUPROYECCIONES,,(TZ-45) TORRE SALUBRIDAD ETCHOJOA,26.97865556,-109.6562833,0.81
3717,INSTITUTO SONORENSE DE EDUCACION PARA LOS ADULTOS,TELMEX,688.79,AUFIS,29.06939286,-110.944628,0.82
2715,CARLOS G. CALLES,TELNOR,,PLANTEL SAN LUIS RIO COLORADO,32.45172232,-114.751234,0.82
2556,ANTONIO AGUILAR RENDON,RED SEC,,NOGALES,31.318347,-110.954427,0.82
2504,JOSE DE JESUS FLORES VALVERDE,RED SEC,,NOGALES,31.318347,-110.954427,0.82
1770,ESCUELA SECUNDARIA TECNICA NUM. 80,RED SEC,,NOGALES,31.318347,-110.954427,0.82
2477,FRANCISCO GABILONDO SOLER,RED SEC,,NOGALES,31.318347,-110.954427,0.82
2469,COLINAS DEL SOL,RED SEC,,NOGALES,31.318347,-110.954427,0.82
2125,GENERAL LAZARO CARDENAS,TELMEX,,IMURIS,30.793453,-110.846086,0.82
2482,BELLA AZUCENA VEGA REYES,RED SEC,,NOGALES,31.318347,-110.954427,0.82
3012,"CECYTE, SANTA ANA",COMPUPROYECCIONES,,SANTA ANA,30.544389,-111.121275,0.83
114,REVOLUCION,TELMEX,,ALAMOS,27.021836,-108.937803,0.83
2390,HORACIO POMPA LIZARRAGA,TELNOR,,SAN PEDRO DE LA CUEVA,32.473614,-114.784344,0.83
786,ANTONIO VIVALDI,RED SEC,,HOSPITAL GENERAL DE OBREGON,27.4836,-109.955,0.83
3183,CENTRO DE SALUD BLOCK 410,TELMEX,,(TZ-45) TORRE SSPM,27.46464167,-109.9284222,0.84
3186,CENTRO DE SALUD CUMPAS,TELMEX,,CUMPAS,29.998067,-109.775114,0.84
872,HEROE DE NACOZARI,MEGACABLE,,PLANTEL OBREGON I,27.4776144,-109.9289854,0.85
1907,TELESECUNDARIA 213,TELMEX,,AUFIS,29.06939286,-110.944628,0.85
991,DESPERTAR,MEGACABLE,,CANANEA,30.9777,-110.308617,0.85
995,CANANEA,TELMEX,,CANANEA,30.9777,-110.308617,0.85
1303,JOSE MA MORELOS Y PAVON,RED SEC,,CENTRO DE SALUD VICAM,27.647,-110.296,0.85
1007,MANUEL M DIEGUEZ,MEGACABLE,,CANANEA,30.9777,-110.308617,0.85
2174,SANTIAGO IGLESIAS,TELMEX,,(TZ-45) TORRE C4,30.63,-110.9690972,0.85
2982,PLANTEL NACOZARI DE GARCIA,TELMEX,,NACOZARI,30.378194,-109.694961,0.85
1674,BENITO JUAREZ,MEGACABLE,,CESPEJO,29.09162451,-110.9754325,0.85
2570,TELESECUNDARIA 62,TELMEX,,QUEROBABI,30.050978,-111.03,0.85
31,NIÑOS HEROES,MEGACABLE,,(TZ-45) TORRE BOMBEROS AGUA PRIETA,31.31360556,-109.5359722,0.86
2309,PLUTARCO ELIAS CALLES,INDEX,,UNIVERSIDAD DE SONORA  CAMPUS NAVOJOA,27.074257,-109.429382,0.86
2211,JESUS GARCIA,TELMEX,,NACOZARI,30.378194,-109.694961,0.86
2287,LUIS PETERSSON,TELMEX,,UNIVERSIDAD DE SONORA  CAMPUS NAVOJOA,27.074257,-109.429382,0.86
3638,SERVICIOS DE SALUD DE SONORA,TELMEX,5326.1,CESPEJO,29.09162451,-110.9754325,0.86
2609,BIENVENIDA LOPEZ URQUIDEZ,TELMEX,,H. AYUNTAMIENTO DE YECORA,28.37264,-108.925702,0.86
1270,CLUB DE LEONES,TELNOR,,SIN NOMBRE ESPECIFICADO,31.856907,-112.856682,0.86
808,JAIME TORRES BODET,RED SEC,,(TZ-45) TORRE SSPM,27.46464167,-109.9284222,0.86
671,MIGDALIA BURRUEL ALMAZAN,RED SEC,,(TZ-45) TORRE SUBCENTRO CABORCA,30.727575,-112.1619417,0.86
3473,MODULO UNISON HERMOSILLO,TELMEX,,BMXDGR,29.07631845,-110.9570658,0.86
2702,FRANCISCO I. MADERO,MEGACABLE,,CAMPO DEPORTIVO MPAL DE SAN IGNACIO RIO MUERTO,27.409988,-110.239434,0.87
1259,JUAN BAUTISTA DE ANZA,TELMEX,,FRONTERAS,30.894625,-109.568311,0.87
2361,BENITO JUAREZ,RED SEC,,(TZ-45) TORRE C4 VIEJO SEG PUBLICA,27.08036667,-109.4624361,0.87
950,PROF. HUMBERTO OCHOA MARTINEZ,MEGACABLE,,(TZ-45) TORRE SSPM,27.46464167,-109.9284222,0.87
765,LUIS SANDI,RED SEC,,(TZ-45) TORRE SSPM,27.46464167,-109.9284222,0.87
2595,ERNESTO LORETO HUASICA,TELMEX,,HUASABAS,29.910706,-109.301011,0.87
1404,BENITO JUAREZ GARCIA,TELMEX,,IMURIS,30.793453,-110.846086,0.87
3449,MODULO CASA DE DIA SNTE 54,TELMEX,,CUM,29.10935986,-110.9936158,0.87
613,ROSA AGAZZI,RED SEC,,CABORCA,30.727172,-112.155092,0.88
3494,COORDINACION ESTATAL DE LA POLICIA ESTATAL DE SEGURIDAD PUBLICA,MEGACABLE,,CESPEJO,29.09162451,-110.9754325,0.88
678,JOSEFA FIGUEROA COMADURAN VDA DE OROS,RED SEC,,CABORCA,30.727172,-112.155092,0.88
2181,PROFA. ENRIQUETA URGELL,TELMEX,,CARBO,29.685214,-110.961142,0.89
2291,BENITO PEREZ GALDOS,RED SEC,,UNIVERSIDAD ESTATAL DE SONORA PLANTEL NAVOJOA,27.04738,-109.452824,0.89
817,RECURSOS HIDRAULICOS,RED SEC,,(TZ-45) TORRE HOSPITAL GENERAL,27.48364722,-109.9538472,0.89
597,ALEGRIA,RED SEC,,PLANTEL CABORCA,30.72412696,-112.1621881,0.89
3179,CAAPS,COMPUPROYECCIONES,,CESPEJO,29.09162451,-110.9754325,0.89
1045,BENITO JUAREZ,RED SEC,,H. AYUNTAMIENTO EMPALME,27.957581,-110.815899,0.89
3001,"EMSAD, BACERAC",COMPUPROYECCIONES,,BACERAC,30.356653,-108.927858,0.9
3016,"CECYTE, SAHUARIPA",COMPUPROYECCIONES,,H. AYUNTAMIENTO DE SAHUARIPA 2,29.05637,-109.23347,0.9
3047,PLANTEL HUATABAMPO,TELMEX,,HOSPITAL GENERAL,26.842562,-109.641426,0.9
1881,BERNARDO RIVERA RODRIGUEZ,MEGACABLE,,PLANTEL NUEVO HERMOSILLO,29.01221702,-110.9283082,0.9
1497,PILTZINTLI,COMPUENLACES,,(TZ-45) COMANDANCIA EL CORTIJO,29.14361389,-110.9862722,0.9
2675,TELESECUNDARIA 310,COMPUPROYECCIONES,,SAN FELIPE DE JESUS,29.858456,-110.243403,0.91
3443,MODULO AGUA PRIETA,TELMEX,,(TZ-45) TORRE SUBCENTRO C5 AGUA PRIETA,31.31913889,-109.5580556,0.91
3594,DIRECCION GENERAL DE ATENCION A GRUPOS PRIORITARIOS Y MIGRANTES,TELMEX,473.27,AUFIS,29.06939286,-110.944628,0.92
2895,AMADO NERVO,TELMEX,,YECORA,29.528978,-109.5296,0.92
1703,CARMEN SERDAN,TELMEX,,CUM,29.10935986,-110.9936158,0.92
3185,CENTRO DE SALUD CIUDAD DE LOS NIÑOS,MEGACABLE,,PLANTEL NUEVO HERMOSILLO,29.01221702,-110.9283082,0.92
994,AURORA,MEGACABLE,,RADIO TEC,30.98961,-110.26602,0.92
3046,PLANTEL GUAYMAS - GRAL. PLUTARCO ELIAS CALLES,TELMEX,,(TZ-60) TORRE CIF GUAYMAS,27.91950278,-110.9007333,0.92
909,MARIA LUISA PARRA ALMEIDA,RED SEC,,(TZ-45) TORRE FISCAL,27.49709444,-109.9322056,0.92
1481,BENITO JUAREZ,COMPUENLACES,,CESPEJO,29.09162451,-110.9754325,0.92
3734,INSTITUTO DE BECAS Y CREDITO EDUCATIVO DEL ESTADO DE SONORA,TELMEX,6383.62,PLANTEL OBREGON I,27.4776144,-109.9289854,0.93
2394,PROF. GILBERTO PACHECO C,TELMEX,,BENJAMIN HILL,30.167956,-111.117789,0.93
3745,INSTITUTO DE BECAS Y CREDITO EDUCATIVO DEL ESTADO DE SONORA,TOTAL PLAY,5209,PLANTEL OBREGON I,27.4776144,-109.9289854,0.93
2993,PLANTEL ALAMOS,TELMEX,,ALAMOS,27.021836,-108.937803,0.93
938,ENRIQUE C. REBSAMEN,MEGACABLE,,(TZ-45) TORRE FISCAL,27.49709444,-109.9322056,0.93
1678,JOSEFA ORTIZ DE DOMINGUEZ,MEGACABLE,,(TZ-45) TORRE COMANDANCIA MUNICIPAL,28.84294167,-111.4898444,0.93
3439,CENTRO INTEGRAL DE ATENCION A LA SALUD SUR NORTE,TOTAL PLAY,,(TZ-45) COMANDANCIA ZONA NORTE,29.11026111,-110.9913861,0.94
2697,12 DE OCTUBRE,INDEX,,PRIM 12 DE OCTUBRE DE PUEBLO NUEVO,27.464592,-110.193606,0.94
528,ANA MARIA CASTRO SERRANO,RED SEC,,CENTRO DE SALUD RURAL DE FRANCISCO J MINA (CAMPO 60),27.45816,-110.11326,0.94
3641,DIF SONORA,TELMEX,343.97,CUM,29.10935986,-110.9936158,0.95
1021,ESCUELA SECUNDARIA TECNICA NUM. 4,TELNOR,,SAN LUIS RIO COLORADO,32.473614,-114.784344,0.95
2295,PROF. EDUARDO W VILLA,TELMEX,,BAVIACORA,29.715211,-110.165078,0.96
2869,IGNACIO ZARAGOZA,TELMEX,,SANTA CRUZ,31.237444,-110.595678,0.96
1629,FRANCISCO ROMO MENDOZA,COMPUENLACES,,(TZ-45) COMANDANCIA EL CORTIJO,29.14361389,-110.9862722,0.96
2765,PROFA. EVA S DE LOPEZ MATEOS,TELNOR,,SAN LUIS RIO COLORADO,32.473614,-114.784344,0.96
3590,DIRECCION GENERAL DE REGISTRO CIVIL,TELMEX,343.97,(TZ-45) TORRE COMANDANCIA MUNICIPAL,28.84294167,-111.4898444,0.96
2318,CLUB CAMARA JUNIOR,MEGACABLE,,UNIVERSIDAD DE SONORA  CAMPUS NAVOJOA,27.074257,-109.429382,0.97
893,FORD 122 BENITO JUAREZ,TELMEX,,(TZ-30) TORRE MARTE R. GOMEZ,27.36791944,-109.8883278,0.97
1260,TELESECUNDARIA 216,COMPUPROYECCIONES,,FRONTERAS,30.894625,-109.568311,0.97
2781,GENERAL LAZARO CARDENAS,TELNOR,,C5 SAN LUIS RIO COLORADO,32.456613,-114.746291,0.97
2274,VENUSTIANO CARRANZA,RED SEC,,(TZ-45) TORRE C4 NUEVO,27.07895278,-109.443525,0.97
3487,ITAMA - CTE GUAYMAS,TELMEX,,(TZ-60) TORRE CIF GUAYMAS,27.91950278,-110.9007333,0.97
1724,ABIGAEL BOHORQUEZ,TELMEX,,(TZ-45) COMANDANCIA EL CORTIJO,29.14361389,-110.9862722,0.97
2261,MARCO ANTONIO ARMENTA CORRAL,TELMEX,,UNIVERSIDAD ESTATAL DE SONORA PLANTEL NAVOJOA,27.04738,-109.452824,0.98
2259,LUIS DONALDO COLOSIO MURRIETA,RED SEC,,(TZ-45) TORRE C4 VIEJO SEG PUBLICA,27.08036667,-109.4624361,0.98
1529,PROF. LAZARO MERCADO,MEGACABLE,,VSERIS,29.064011,-110.955496,0.98
1088,20 DE NOVIEMBRE,MEGACABLE,,H. AYUNTAMIENTO EMPALME,27.957581,-110.815899,0.98
2357,JUSTO SIERRA,RED SEC,,(TZ-45) TORRE C4 VIEJO SEG PUBLICA,27.08036667,-109.4624361,0.98
84,ADRIAN SALAS MADERA,TELMEX,,(TZ-45) TORRE COMANDANCIA MUNICIPAL ALAMOS,27.03949722,-108.9448583,0.99
2461,TOSALICARIT,RED SEC,,(TZ-45) TORRE C5 NOGALES,31.29025556,-110.9511556,0.99
665,CENTRO DE ATENCION MULTIPLE NUM. 52,TELMEX,,(TZ-45) TORRE HOSPITAL GENERAL,27.48364722,-109.9538472,0.99
2273,MARIA ENRIQUETA CAMARILLO DE PEREYRA,RED SEC,,PLANTEL NAVOJOA,27.06563326,-109.4497993,0.99
2376,MARIANO ESCOBEDO,MEGACABLE,,UNIVERSIDAD ESTATAL DE SONORA PLANTEL NAVOJOA,27.04738,-109.452824,0.99
2551,VICENTA OCARANZA NUM. 1,RED SEC,,NOGALES,31.318347,-110.954427,1
588,CLUB DE LEONES 1,TELMEX,,BENJAMIN HILL,30.167956,-111.117789,1
887,MEXICO,MEGACABLE,,(TZ-45) TORRE SSPM,27.46464167,-109.9284222,1
1833,PROF. JOSE JESUS VALENZUELA B,COMPUENLACES,,(TZ-45) COMANDANCIA ZONA NORTE,29.11026111,-110.9913861,1
618,MARGARITA MADRIGAL SILVA,RED SEC,,PLANTEL CABORCA,30.72412696,-112.1621881,1
1516,JONAS E SALK,MEGACABLE,,VSERIS,29.064011,-110.955496,1.01
2118,HEROE DE NACOZARI,TELMEX,,(TZ-45) TORRE PALACIO,30.7773,-110.8616389,1.01
1416,BLANCA SIRIA VALENZUELA LAGARDA,TELMEX,,MAZATAN,29.005386,-110.145925,1.01
35,FRANCISCO VILLA,TELMEX,,PLANTEL PLUTARCO ELIAS CALLES,31.31572352,-109.5550348,1.01
1004,FORD 94,TELMEX,,RADIO TEC,30.98961,-110.26602,1.02
1010,RAFAELA M DE RUIZ,MEGACABLE,,SIN NOMBRE ESPECIFICADO,30.977641,-110.308611,1.02
713,MARIA MONTESSORI,RED SEC,,PLANTEL OBREGON I,27.4776144,-109.9289854,1.02
527,ELENA TORRES CUELLAR,RED SEC,,CENTRO DE SALUD RURAL DE FRANCISCO J MINA (CAMPO 60),27.45816,-110.11326,1.02
2602,VICENTE GUERRERO,TELMEX,,PUERTO PEÑASCO,31.305833,-113.540556,1.03
3022,"CECYTE, POBLADO MIGUEL ALEMAN",COMPUPROYECCIONES,,(TZ-45) TORRE COMANDANCIA MUNICIPAL,28.84294167,-111.4898444,1.03
3194,CENTRO DE SALUD IMURIS,TELMEX,,(TZ-45) TORRE PALACIO,30.7773,-110.8616389,1.03
1357,NIÑOS HEROES DE CHAPULTEPEC,TELMEX,,(TZ-60) TORRE CIF GUAYMAS,27.91950278,-110.9007333,1.04
1456,JUAN ESCUTIA,MEGACABLE,,VSERIS,29.064011,-110.955496,1.04
2663,ESCUADRON 201,TELMEX,,H. AYUNTAMIENTO DE SAHUARIPA 2,29.05637,-109.23347,1.04
2802,LUIS G CANO,TELNOR,,SAN PEDRO DE LA CUEVA,32.473614,-114.784344,1.04
818,CLUB DE LEONES,RED SEC,,(TZ-45) TORRE HOSPITAL GENERAL,27.48364722,-109.9538472,1.04
1870,ALMA DELIA ARAGON ROMERO,TELMEX,,(TZ-45) TORRE COMANDANCIA MUNICIPAL,28.84294167,-111.4898444,1.04
577,BENITO JUAREZ,TELMEX,,(TZ-45) TORRE DIF VILLA JUAREZ,27.128213,-109.830136,1.05
2316,RAMON MOROYOQUI GIL,TELMEX,,UNIVERSIDAD DE SONORA  CAMPUS NAVOJOA,27.074257,-109.429382,1.05
2119,JOSEFA ORTIZ DE DOMINGUEZ,TELMEX,,(TZ-45) TORRE PALACIO,30.7773,-110.8616389,1.05
1331,AMERICO VESPUCIO,RED SEC,,(TZ-45) TORRE C5 GUAYMAS,27.94620556,-110.9342083,1.05
517,AQUILES SERDAN,TELMEX,,CENTRO DE SALUD RURAL DE FRANCISCO J MINA (CAMPO 60),27.45816,-110.11326,1.06
2579,JOSE ESTRADA ALVAREZ,TELMEX,,DIF MUNICIPAL DE VILLA JUAREZ,27.128152,-109.829834,1.06
737,ALVARO OBREGON,RED SEC,,(TZ-45) TORRE FISCAL,27.49709444,-109.9322056,1.06
3691,ISSSTESON,TOTAL PLAY,1663,(TZ-45) TORRE FISCAL,27.49709444,-109.9322056,1.06
3434,HOSPITAL ADOLFO LOPEZ MATEOS,TOTAL PLAY,,(TZ-45) TORRE FISCAL,27.49709444,-109.9322056,1.06
819,GENERAL LAZARO CARDENAS,RED SEC,,(TZ-45) TORRE HOSPITAL GENERAL,27.48364722,-109.9538472,1.06
827,HNOS FLORES MAGON,RED SEC,,(TZ-45) TORRE SSPM,27.46464167,-109.9284222,1.06
3645,DIF SONORA,TELMEX,473.28,AUFIS,29.06939286,-110.944628,1.07
2918,21 AGOSTO DE 1944,TELMEX,,URES,29.429167,-110.377742,1.07
2716,SECUNDARIA GENERAL NUM. 3,TELNOR,,COMANDANCIA,32.456246,-114.745002,1.07
3696,ISSSTESON,TELMEX,559.48,(TZ-45) TORRE FISCAL,27.49709444,-109.9322056,1.07
1566,SOLEDAD LEYVA MUNGUIA,RED SEC,,(TZ-45) TORRE COMANDANCIA MUNICIPAL,28.84294167,-111.4898444,1.07
3214,CENTRO DE SALUD SANTA ISABEL,MEGACABLE,,(TZ-45) COMANDANCIA ZONA NORTE,29.11026111,-110.9913861,1.07
2073,CORONEL JOSE MA GIRON,RED SEC,,PLANTEL CABORCA,30.72412696,-112.1621881,1.08
2437,PROF. LUIS BASURTO GUZMAN,TELMEX,,NOGALES,31.318347,-110.954427,1.08
41,ELPIDIO GONZALEZ DUARTE,TELMEX,,(T5-35) SIN NOMBRE ESPECIFICADO,31.311738,-109.534488,1.08
2463,ALEJANDRO SILVA HURTADO,RED SEC,,NOGALES,31.318347,-110.954427,1.08
729,SEBASTIAN LERDO DE TEJADA,RED SEC,,(TZ-45) TORRE SSPM,27.46464167,-109.9284222,1.08
2576,ANTONIO OZUNA BETANCOURT,RED SEC,,(TZ-45) COMANDANCIA MUNICIPAL PITIQUITO,30.67895278,-112.0493028,1.08
600,HEROES DE CABORCA,RED SEC,,(TZ-45) TORRE SUBCENTRO CABORCA,30.727575,-112.1619417,1.09
1725,BELISARIO DOMINGUEZ,TELMEX,,(TZ-45) COMANDANCIA EL CORTIJO,29.14361389,-110.9862722,1.09
3203,CENTRO DE SALUD NAVOJOA ORIENTE,TELMEX,,UNIVERSIDAD DE SONORA  CAMPUS NAVOJOA,27.074257,-109.429382,1.1
821,AMADO NERVO,RED SEC,,PLANTEL OBREGON I,27.4776144,-109.9289854,1.11
3017,"CECYTE, EJIDO FRANCISCO JAVIER MINA",COMPUPROYECCIONES,,CENTRO DE SALUD RURAL DE FRANCISCO J MINA (CAMPO 60),27.45816,-110.11326,1.11
2132,TELESECUNDARIA 366,TELMEX,,(TZ-45) TORRE PALACIO,30.7773,-110.8616389,1.12
998,JUAN RIVERA ARMENTA,RED SEC,,(TZ-45) TORRE HOSPITAL GENERAL,27.48364722,-109.9538472,1.13
1077,MARGARITA MAZA DE JUAREZ,RED SEC,,(TZ-45) TORRE PALACIO MUNICIPAL EMPALME,27.95778611,-110.8157917,1.13
3581,DIRECCION GENERAL DE ATENCION A GRUPOS PRIORITARIOS Y MIGRANTES,TELMEX,688.79,CGOB,29.06763827,-110.9592655,1.13
721,JUAN ESCUTIA,RED SEC,,PLANTEL OBREGON I,27.4776144,-109.9289854,1.14
510,JOSE MARIA LEYVA CAJEME,RED SEC,,CENTRO DE SALUD BACUM,27.5551,-110.085,1.14
1876,PROF. ENRIQUE GARCIA SANCHEZ,COMPUENLACES,,CUM,29.10935986,-110.9936158,1.14
632,JOSE VASCONCELOS,RED SEC,,(TZ-45) TORRE SUBCENTRO CABORCA,30.727575,-112.1619417,1.14
2275,LAURO AGUIRRE,RED SEC,,PLANTEL NAVOJOA,27.06563326,-109.4497993,1.14
1014,IGNACIO HERNANDEZ,TELMEX,,CANANEA,30.9777,-110.308617,1.15
54,MANUEL COSME GUERRERO LOPEZ,TELMEX,,(TZ-45) TORRE SUBCENTRO C5 AGUA PRIETA,31.31913889,-109.5580556,1.15
3481,ITAMA - CTE HERMOSILLO,TELMEX,,BMXDGR,29.07631845,-110.9570658,1.15
2599,1 DE JUNIO,TELMEX,,PLANTEL PUERTO PEÑASCO,31.32935585,-113.5298673,1.15
2456,NUEVO AMANECER,RED SEC,,NOGALES,31.318347,-110.954427,1.15
602,IGNACIO ALLENDE,RED SEC,,CABORCA,30.727172,-112.155092,1.15
3465,MODULO PUERTO PEÑASCO,TELMEX,,SAN FELIPE DE JESUS,31.305833,-113.540438,1.16
3501,C5I CANANEA,TELMEX,,RADIO TEC,30.98961,-110.26602,1.16
570,MARGARITA MAZA DE JUAREZ,TELMEX,,(TZ-45) TORRE DIF VILLA JUAREZ,27.128213,-109.830136,1.16
2128,BARAQUIEL D. FIMBRES,TELMEX,,VILLA HIDALGO,30.166433,-109.322178,1.16
1693,PROF. LAUREANO CALVO BERBER,MEGACABLE,,AUFIS,29.06939286,-110.944628,1.16
2388,LEONEL MORENO ROSANO,TELMEX,,(TZ-45) TORRE DIF VILLA JUAREZ,27.128213,-109.830136,1.16
2508,LUIS DONALDO COLOSIO MURRIETA,RED SEC,,NOGALES,31.318347,-110.954427,1.16
3224,HOSPITAL GENERAL DE NAVOJOA,TELMEX,,PLANTEL NAVOJOA,27.06563326,-109.4497993,1.16
1844,IGNACIA FIMBRES,COMPUENLACES,,CESPEJO,29.09162451,-110.9754325,1.17
2454,SENDEROS,RED SEC,,NOGALES,31.318347,-110.954427,1.17
875,CLUB 20 30,MEGACABLE,,(TZ-45) TORRE SSPM,27.46464167,-109.9284222,1.18
50,JOSEFA ORTIZ DE DOMINGUEZ,TELMEX,,(TZ-45) TORRE SUBCENTRO C5 AGUA PRIETA,31.31913889,-109.5580556,1.18
2283,HERIBERTO LARA CORONA,RED SEC,,UNIVERSIDAD DE SONORA  CAMPUS NAVOJOA,27.074257,-109.429382,1.18
3588,DIRECCION GENERAL DE REGISTRO CIVIL,TELMEX,343.97,(TZ-45) TORRE HOSPITAL GENERAL,27.48364722,-109.9538472,1.18
2983,PLANTEL JOSE MARIA MAYTORENA TAPIA (GUAYMAS),TOTAL PLAY,,(TZ-45) TORRE C5 GUAYMAS,27.94620556,-110.9342083,1.19
1092,ESCUELA SECUNDARIA TECNICA NUM. 11,RED SEC,,(TZ-45) COMANDANCIA MUNICIPAL PITIQUITO,30.67895278,-112.0493028,1.19
3727,UNIVERSIDAD ESTATAL DE SONORA,TELMEX,5751.15,(TZ-45) TORRE DIF VILLA JUAREZ,27.128213,-109.830136,1.2
3075,SUPERIOR ESTATAL DE SONORA-UNIDAD ACADEMICA BENITO JUAREZ,TELMEX,,(TZ-45) TORRE DIF VILLA JUAREZ,27.128213,-109.830136,1.2
2490,FRANCISCO Y JOSE CURIEL RAMOS,RED SEC,,(TZ-60) TORRE ISSSTESON,31.29834167,-110.9137,1.2
3187,CENTRO DE SALUD DOMINGO OLIVARES,TELMEX,,BMXDGR,29.07631845,-110.9570658,1.2
3076,SUPERIOR ESTATAL DE SONORA-UNIDAD ACADEMICA BENITO JUAREZ,TELMEX,,(TZ-45) TORRE DIF VILLA JUAREZ,27.128213,-109.830136,1.2
2948,MIGUEL HIDALGO Y COSTILLA,COMPUPROYECCIONES,,H. AYUNTAMIENTO DE YECORA,28.37264,-108.925702,1.21
2452,NICOLAS BRAVO,RED SEC,,NOGALES,31.318347,-110.954427,1.21
899,ABELARDO L. RODRIGUEZ,RED SEC,,PLANTEL OBREGON II,27.44298964,-109.9249233,1.21
675,FLORENCIA R DE MUNGUIA,RED SEC,,PLANTEL CABORCA,30.72412696,-112.1621881,1.22
2505,RICARDO FLORES MAGON,RED SEC,,(TZ-45) TORRE C5 NOGALES,31.29025556,-110.9511556,1.23
1342,JOSE ZAVALA,RED SEC,,CERRO ONTEME,27.603578,-110.289613,1.23
2338,VICENTE GUERRERO,TELMEX,,CUARENTENARIA BAHUISES,27.127718,-109.469734,1.23
760,MARGARITA PAZ PAREDES,MEGACABLE,,SUBCENTRO (C5I) DE CD. OBREGON,27.5259889,-109.9303222,1.23
207,IGNACIO MANUEL ALTAMIRANO,TELMEX,,(TZ-45) COMANDANCIA DE POLICIA,30.70384167,-111.8277278,1.23
2243,LA LOMITA,RED SEC,,CUARENTENARIA BAHUISES,27.127718,-109.469734,1.23
1463,LUIS DONALDO COLOSIO MURRIETA,MEGACABLE,,(TZ-45) COMANDANCIA ZONA NORTE,29.11026111,-110.9913861,1.24
1894,ADELINA RAMIREZ YANEZ,TELMEX,,(TZ-45) TORRE COMANDANCIA MUNICIPAL,28.84294167,-111.4898444,1.24
2319,MEXICO NUEVO,TELMEX,,CUARENTENARIA BAHUISES,27.127718,-109.469734,1.25
1851,"CLUB DE LEONES 5, MANUEL GONZALEZ",MEGACABLE,,BMXDGR,29.07631845,-110.9570658,1.25
619,CLUB ROTARIO SAN LUIS RIO COLORADO DEL DESIERTO,TELNOR,,COMANDANCIA,32.456246,-114.745002,1.25
2280,GABRIEL GARCIA MARQUEZ,RED SEC,,CUARENTENARIA BAHUISES,27.127718,-109.469734,1.25
1836,DR. JAIME TORRES BODET,COMPUENLACES,,CESPEJO,29.09162451,-110.9754325,1.25
2800,PROFA. ESTHER QUIJADA DOMINGUEZ,TELNOR,,SAN LUIS RIO COLORADO,32.473614,-114.784344,1.26
996,MINERITO,TELMEX,,RADIO TEC,30.98961,-110.26602,1.27
701,MOISES SAENZ,MEGACABLE,,(TZ-45) TORRE FISCAL,27.49709444,-109.9322056,1.27
3208,CENTRO DE SALUD PEÑASCO,TELMEX,,PLANTEL PUERTO PEÑASCO,31.32935585,-113.5298673,1.27
677,6 DE ABRIL,RED SEC,,PLANTEL CABORCA,30.72412696,-112.1621881,1.27
1711,RODOLFO CAMPODONICO,MEGACABLE,,CGOB,29.06763827,-110.9592655,1.27
1714,JOSE VASCONCELOS,COMPUENLACES,,CUM,29.10935986,-110.9936158,1.27
28,PLAN DE AGUA PRIETA,TELMEX,,(TZ-45) TORRE SUBCENTRO C5 AGUA PRIETA,31.31913889,-109.5580556,1.27
8,JOSE LUIS CORREA MURILLO,TELMEX,,AGUA PRIETA,31.31175,-109.535556,1.28
1704,SOR JUANA INES DE LA CRUZ,RED SEC,,CGOB,29.06763827,-110.9592655,1.28
1875,GENERAL IGNACIO L PESQUEIRA,COMPUENLACES,,(TZ-45) COMANDANCIA ZONA NORTE,29.11026111,-110.9913861,1.28
895,GREGORIO TORRES QUINTERO,MEGACABLE,,HOSPITAL GENERAL DE OBREGON,27.4836,-109.955,1.28
2502,PRIMERO DE JUNIO,RED SEC,,C5 NOGALES,31.29011,-110.951213,1.29
1495,TIERRA FERTIL,MEGACABLE,,CGOB,29.06763827,-110.9592655,1.3
2084,PROF. EFRAIN BUENROSTRO,TELMEX,,(TZ-45) COMANDANCIA DE POLICIA,30.70384167,-111.8277278,1.3
1719,MELCHOR OCAMPO,COMPUENLACES,,(TZ-45) COMANDANCIA EL CORTIJO,29.14361389,-110.9862722,1.3
3774,CENTRO DE TRANSFUSION SANGUINEA,TELMEX,,BMXDGR,29.07631845,-110.9570658,1.3
669,TELESFORO LOPEZ,RED SEC,,PLANTEL CABORCA,30.72412696,-112.1621881,1.31
2459,FRONTERA,RED SEC,,C5 NOGALES,31.29011,-110.951213,1.31
2470,PUESTA DEL SOL,RED SEC,,NOGALES,31.318347,-110.954427,1.31
1218,MARTIN R ENCINAS,MEGACABLE,,CENTRO DE SALUD BACOBAMPO,26.979011,-109.654255,1.31
221,CENTRO DE ATENCION MULTIPLE NUM. 11,RED SEC,,(TZ-45) TORRE PALACIO MUNICIPAL EMPALME,27.95778611,-110.8157917,1.31
3205,CENTRO DE SALUD OBREGON CENTRO,TELMEX,,(TZ-45) TORRE FISCAL,27.49709444,-109.9322056,1.31
1732,VICENTE LOMBARDO TOLEDANO,MEGACABLE,,(TZ-45) COMANDANCIA EL CORTIJO,29.14361389,-110.9862722,1.31
954,JESUS AGUIRRE DURAN,MEGACABLE,,(TZ-45) TORRE FISCAL,27.49709444,-109.9322056,1.32
891,FRAY FRANCISCO EUSEBIO KINO,MEGACABLE,,PLANTEL OBREGON II,27.44298964,-109.9249233,1.32
3210,CENTRO DE SALUD POBLADO MIGUEL ALEMAN 2,MEGACABLE,,(TZ-45) TORRE COMANDANCIA MUNICIPAL,28.84294167,-111.4898444,1.32
1675,MARGARITA MAZA DE JUAREZ,COMPUENLACES,,(TZ-45) COMANDANCIA ZONA NORTE,29.11026111,-110.9913861,1.33
1034,MANUEL ORTIZ PAREDES,RED SEC,,AUFIS,29.06939286,-110.944628,1.33
925,AGUSTIN MELGAR,RED SEC,,(TZ-45) TORRE HOSPITAL GENERAL,27.48364722,-109.9538472,1.33
1067,HECTOR MOSQUEIRA MATUTE,TELMEX,,(TZ-45) TORRE PALACIO MUNICIPAL EMPALME,27.95778611,-110.8157917,1.33
3619,SERVICIOS DE SALUD DE SONORA,TELMEX,473.28,(TZ-45) TORRE FISCAL,27.49709444,-109.9322056,1.33
1855,PROF. ANGEL ARRIOLA,TELMEX,,BMXDGR,29.07631845,-110.9570658,1.33
1878,TEODOSIO NAVARRETE GARCIA,MEGACABLE,,(TZ-45) COMANDANCIA EL CORTIJO,29.14361389,-110.9862722,1.33
1838,LIC. ADOLFO LOPEZ MATEOS,MEGACABLE,,(TZ-45) COMANDANCIA ZONA NORTE,29.11026111,-110.9913861,1.33
2516,ROMAN BAQUEIRO TEC,RED SEC,,(TZ-45) TORRE C5 NOGALES,31.29025556,-110.9511556,1.34
3773,DIRECCION GENERAL DE SALUD MENTAL,TELMEX,,SSP ESPEJO,29.09152931,-110.9754964,1.34
567,JOSE MA MORELOS,TELMEX,,(TZ-45) TORRE DIF VILLA JUAREZ,27.128213,-109.830136,1.34
2290,CARLOS LORENZINI,RED SEC,,UNIVERSIDAD DE SONORA  CAMPUS NAVOJOA,27.074257,-109.429382,1.34
3771,DISTRITO DE SALUD 4 OBREGON,TELMEX,,(TZ-45) TORRE FISCAL,27.49709444,-109.9322056,1.35
1483,ARNOLD GESSEL,MEGACABLE,,COMUNICACION SOCIAL,29.0744732,-110.9584987,1.35
2637,ROBERTO H. CRUZ HOYOS,MEGACABLE,,(TZ-45) COMANDANCIA EL CORTIJO,29.14361389,-110.9862722,1.35
2699,23 DE OCTUBRE,MEGACABLE,,CAMPO DEPORTIVO MPAL DE SAN IGNACIO RIO MUERTO,27.409988,-110.239434,1.36
36,SOR JUANA INES DE LA CRUZ,TELMEX,,PLANTEL PLUTARCO ELIAS CALLES,31.31572352,-109.5550348,1.37
1684,NIÑOS HEROES,MEGACABLE,,(TZ-45) COMANDANCIA ZONA NORTE,29.11026111,-110.9913861,1.37
854,JAIME NUNO,MEGACABLE,,(TZ-45) TORRE SSPM,27.46464167,-109.9284222,1.38
2262,JUAN DE LA BARRERA,RED SEC,,AGENCIA FISCAL,27.082605,-109.447167,1.38
1826,INSTITUTO IRIS,TELMEX,,COMUNICACION SOCIAL,29.0744732,-110.9584987,1.38
3617,SERVICIOS DE SALUD DE SONORA,TELMEX,473.28,VSERIS,29.064011,-110.955496,1.38
2532,LUIS DONALDO COLOSIO MURRIETA,RED SEC,,CABORCA,30.727172,-112.155092,1.39
2468,CANDELARIA R. VEGA MUÑOZ,RED SEC,,CERRO EL EMBARCADERO,31.328578,-110.939791,1.39
3435,HOSPITAL ISSSTESON GUAYMAS,TOTAL PLAY,,(TZ-60) TORRE CIF GUAYMAS,27.91950278,-110.9007333,1.39
2075,GENERAL PLUTARCO ELIAS CALLES,TELMEX,,(TZ-45) TORRE SUBCENTRO C5 AGUA PRIETA,31.31913889,-109.5580556,1.39
2511,JOSE VASCONCELOS,RED SEC,,CERRO EL EMBARCADERO,31.328578,-110.939791,1.39
1856,VICENTE MORA,COMPUENLACES,,CESPEJO,29.09162451,-110.9754325,1.4
3496,COORDINACION ESTATAL DEL SISTEMA PENITENCIARIO,TELMEX,,PIND,29.01491188,-110.9241526,1.41
3221,HOSPITAL GENERAL DE CANANEA,TELMEX,,(TZ-45) TORRE C5 CANANEA,30.98850278,-110.2630333,1.41
1500,LEON FELIPE,MEGACABLE,,COMUNICACION SOCIAL,29.0744732,-110.9584987,1.41
1006,LUIS DONALDO COLOSIO MURRIETA,TELMEX,,SIN NOMBRE ESPECIFICADO,30.977641,-110.308611,1.41
1845,IGNACIO RAMIREZ,TELMEX,,AUFIS,29.06939286,-110.944628,1.42
3605,COORDINACION EJECUTIVA DE AUDITORIA FISCAL,TELMEX,343.97,(TZ-45) TORRE FISCAL,27.49709444,-109.9322056,1.42
2440,HUMBERTO CAMPOS VARELA,RED SEC,,(TZ-45) TORRE C5 NOGALES,31.29025556,-110.9511556,1.42
3606,DIRECCION GENERAL DE RECAUDACION,TELMEX,473.28,PLANTEL NUEVO HERMOSILLO,29.01221702,-110.9283082,1.42
1769,ESCUELA SECUNDARIA TECNICA NUM. 79,RED SEC,,HOSPITAL GENERAL,26.842562,-109.641426,1.42
2312,NARCISO MENDOZA,TELMEX,,UNIVERSIDAD ESTATAL DE SONORA PLANTEL NAVOJOA,27.04738,-109.452824,1.43
1549,PRADERAS,MEGACABLE,,CGOB,29.06763827,-110.9592655,1.43
2501,LEONA VICARIO,RED SEC,,(TZ-60) TORRE ISSSTESON,31.29834167,-110.9137,1.44
3620,SERVICIOS DE SALUD DE SONORA,TOTAL PLAY,2794,VSERIS,29.064011,-110.955496,1.44
3630,SERVICIOS DE SALUD DE SONORA,TELMEX,343.97,VSERIS,29.064011,-110.955496,1.44
3698,ISSSTESON,TELMEX,559.48,(TZ-45) TORRE COMANDANCIA MUNICIPAL,28.84294167,-111.4898444,1.44
1460,JOSE VASCONCELOS,TELMEX,,SSP ESPEJO,29.09152931,-110.9754964,1.44
3463,MODULO POBLADO MIGUEL ALEMAN,TELMEX,,(TZ-45) TORRE COMANDANCIA MUNICIPAL,28.84294167,-111.4898444,1.44
3180,CENTRO DE SALUD ALTAR,TELMEX,,(TZ-45) COMANDANCIA DE POLICIA,30.70384167,-111.8277278,1.44
993,SAXI,TELMEX,,(TZ-45) TORRE C5 CANANEA,30.98850278,-110.2630333,1.45
2271,EDMUNDO DE AMICIS,RED SEC,,UNIVERSIDAD ESTATAL DE SONORA PLANTEL NAVOJOA,27.04738,-109.452824,1.45
807,LIBERTAD Y JUSTICIA,RED SEC,,PLANTEL OBREGON II,27.44298964,-109.9249233,1.45
1017,PROF. GILBERTO CASTILLO RIOS,TELMEX,,(TZ-45) TORRE C5 CANANEA,30.98850278,-110.2630333,1.45
3212,CENTRO DE SALUD SAHUARO,TELMEX,,CUM,29.10935986,-110.9936158,1.45
1011,CRUZ AMALIA ELIAS GONZALEZ,MEGACABLE,,SIN NOMBRE ESPECIFICADO,30.977641,-110.308611,1.45
3498,C5I GUAYMAS,TELMEX,,GUAYMAS,27.941844,-110.905094,1.46
2543,BENITO JUAREZ,RED SEC,,(TZ-45) TORRE C5 NOGALES,31.29025556,-110.9511556,1.46
1305,MA. ELENA CHANES,RED SEC,,(TZ-60) TORRE CIF GUAYMAS,27.91950278,-110.9007333,1.46
2867,MARIA JESUS NORIEGA TORRES,TELMEX,,(TZ-45) TORRE COMANDANCIA MUNICIPAL,28.84294167,-111.4898444,1.46
2813,GENERAL VICENTE GUERRERO,TELNOR,,C5 SAN LUIS RIO COLORADO,32.456613,-114.746291,1.46
1883,MIGDELINA GIL SAMANIEGO,COMPUENLACES,,CESPEJO,29.09162451,-110.9754325,1.46
1620,RICARDO MONTIJO MENDOZA,TELMEX,,(TZ-60) TORRE ISSSTESON,31.29834167,-110.9137,1.46
1009,MARGARITA,MEGACABLE,,CANANEA,30.9777,-110.308617,1.46
3040,PLANTEL HERMOSILLO III,TOTAL PLAY,,PIND,29.01491188,-110.9241526,1.47
2143,LUIS DONALDO COLOSIO M,TELMEX,,(TZ-45) TORRE C4,30.63,-110.9690972,1.47
1306,ADOLFO DE LA HUERTA,RED SEC,,(TZ-60) TORRE CIF GUAYMAS,27.91950278,-110.9007333,1.48
1310,CLAUDIO DEBUSSY,RED SEC,,(TZ-45) TORRE C5 GUAYMAS,27.94620556,-110.9342083,1.48
1658,HEROES DE CABORCA,TELMEX,,(TZ-45) COMANDANCIA ZONA NORTE,29.11026111,-110.9913861,1.48
1736,ARMANDO E VERDUGO RIVERA,TELMEX,,PLANTEL NUEVO HERMOSILLO,29.01221702,-110.9283082,1.49
2539,CARMEN YOLANDA CURIEL MONTIEL,RED SEC,,C5 NOGALES,31.29011,-110.951213,1.49
1702,FERNANDO MONTES DE OCA,COMPUENLACES,,CUM,29.10935986,-110.9936158,1.49
873,LIC. ADOLFO LOPEZ MATEOS,RED SEC,,(TZ-45) TORRE SSPM,27.46464167,-109.9284222,1.49
38,ALVARO OBREGON,TELMEX,,(T5-35) SIN NOMBRE ESPECIFICADO,31.311738,-109.534488,1.49
2165,ALVARO OBREGON 2,TELMEX,,(TZ-45) TORRE C4,30.63,-110.9690972,1.49
1722,LUIS DONALDO COLOSIO MURRIETA,COMPUENLACES,,CUM,29.10935986,-110.9936158,1.5
627,EL PENSADOR MEXICANO,RED SEC,,PLANTEL CABORCA,30.72412696,-112.1621881,1.5
700,VALENTIN GOMEZ FARIAS,MEGACABLE,,(TZ-45) TORRE FISCAL,27.49709444,-109.9322056,1.5
2293,SALVADOR DALI,RED SEC,,UNIVERSIDAD DE SONORA  CAMPUS NAVOJOA,27.074257,-109.429382,1.5
1373,SEBASTIAN GONZALEZ,TELMEX,,CENTRO DE SALUD VICAM,27.647,-110.296,1.5
1466,HERIBERTO HUERTA LUNA,TELMEX,,HERMOSILLO,29.061095,-110.941951,1.5
2613,FRANCISCO URREA BERMUDEZ,TELMEX,,(TZ-45) TORRE SUBCENTRO C5 PP,31.33396389,-113.52995,1.5
3446,MODULO CABORCA,TELMEX,,PLANTEL CABORCA,30.72412696,-112.1621881,1.5
2368,RICARDO FLORES MAGON,TELMEX,,(TZ-45) TORRE UES,27.04737222,-109.4524333,1.51
2815,PROFA. ROSAURA RIVERA DE LOPEZ,TELNOR,,COMANDANCIA,32.456246,-114.745002,1.51
2285,HENRI WALLON,RED SEC,,UNIVERSIDAD DE SONORA  CAMPUS NAVOJOA,27.074257,-109.429382,1.52
3043,PLANTEL CIUDAD OBREGON,TELMEX,,PLANTEL OBREGON I,27.4776144,-109.9289854,1.52
1062,MARIANO MATAMOROS,TELMEX,,(TZ-45) TORRE PALACIO MUNICIPAL EMPALME,27.95778611,-110.8157917,1.52
989,ESPERANZA,MEGACABLE,,SIN NOMBRE ESPECIFICADO,30.977641,-110.308611,1.52
3051,PLANTEL NOGALES,TELMEX,,C5 NOGALES,31.29011,-110.951213,1.52
3445,MODULO BENITO JUAREZ,TELMEX,,(TZ-45) TORRE DIF VILLA JUAREZ,27.128213,-109.830136,1.53
1756,CUAUHTEMOC GARCIA VALLEJO,MEGACABLE,,(TZ-45) COMANDANCIA EL CORTIJO,29.14361389,-110.9862722,1.53
1636,JUAN ENRIQUE PESTALOZZI,COMPUENLACES,,(TZ-45) COMANDANCIA EL CORTIJO,29.14361389,-110.9862722,1.53
3227,HOSPITAL GENERAL PUERTO PEÑASCO,TELMEX,,(TZ-45) TORRE SUBCENTRO C5 PP,31.33396389,-113.52995,1.53
1478,NACAMERI,MEGACABLE,,CGOB,29.06763827,-110.9592655,1.53
1731,EJERCITO MEXICANO,MEGACABLE,,PLANTEL NUEVO HERMOSILLO,29.01221702,-110.9283082,1.54
2203,7 DE NOVIEMBRE,TELMEX,,NACOZARI,30.378194,-109.694961,1.54
1857,ROSARIO PALIZA DE CARPIO,COMPUENLACES,,CESPEJO,29.09162451,-110.9754325,1.54
1295,EL TRENECITO,RED SEC,,CENTRO DE SALUD VICAM,27.647,-110.296,1.54
3746,COMISION DE ECOLOGIA Y DESARROLLO SUSTENTABLE DEL ESTADO DE SONORA,TELMEX,300.86,CESPEJO,29.09162451,-110.9754325,1.55
3747,COMISION DE ECOLOGIA Y DESARROLLO SUSTENTABLE DEL ESTADO DE SONORA,TELMEX,2608.25,CESPEJO,29.09162451,-110.9754325,1.55
1162,BENITO JUAREZ,INDEX,,CENTRO DE SALUD BACOBAMPO,26.979011,-109.654255,1.55
1208,GENERAL LAZARO CARDENAS,TELMEX,,CENTRO DE SALUD BACOBAMPO,26.979011,-109.654255,1.55
3748,COMISION DE ECOLOGIA Y DESARROLLO SUSTENTABLE DEL ESTADO DE SONORA,TELMEX,2608.25,CESPEJO,29.09162451,-110.9754325,1.55
1249,TELESECUNDARIA 368,INDEX,,CENTRO DE SALUD BACOBAMPO,26.979011,-109.654255,1.55
1746,GABINO MEDINA VAZQUEZ,TELMEX,,HERMOSILLO,29.061095,-110.941951,1.56
2184,EVOLUCION,COMPUPROYECCIONES,,H. AYUNTAMIENTODE MOCTEZUMA,29.80268,-109.68059,1.56
2601,MIGUEL HIDALGO Y COSTILLA,TELMEX,,SAN FELIPE DE JESUS,31.305833,-113.540438,1.57
2438,JUVENTINO VAZQUEZ ROMO,RED SEC,,NOGALES,31.318347,-110.954427,1.57
1008,ADOLFO LOPEZ MATEOS,TELMEX,,C5 NOGALES,31.29011,-110.951213,1.57
2717,SECUNDARIA GENERAL NUM. 4,TELNOR,,(TZ-45) TORRE AGENCIA FISCAL SLRC,32.47933611,-114.7790444,1.58
646,UNIDAD FORD NUM. 10,RED SEC,,CABORCA,30.727172,-112.155092,1.58
990,VALLE DEL COBRE,MEGACABLE,,RADIO TEC,30.98961,-110.26602,1.58
2281,MANUEL GUTIERREZ NAJERA,RED SEC,,PLANTEL NAVOJOA,27.06563326,-109.4497993,1.58
2814,MA. MERCEDES ANDRADE,TELNOR,,SAN PEDRO DE LA CUEVA,32.473614,-114.784344,1.58
25,GENERAL IGNACIO ZARAGOZA,TELMEX,,(TZ-45) TORRE SUBCENTRO C5 AGUA PRIETA,31.31913889,-109.5580556,1.58
1740,RAFAEL ALVAREZ GONZALEZ,TELMEX,,(TZ-45) COMANDANCIA EL CORTIJO,29.14361389,-110.9862722,1.58
29,ESCUADRON 201,TELMEX,,(TZ-45) TORRE SUBCENTRO C5 AGUA PRIETA,31.31913889,-109.5580556,1.59
2553,MARIA ANTONIETA GASTELUM RIVERA,RED SEC,,(TZ-60) TORRE ISSSTESON,31.29834167,-110.9137,1.6
1834,PROF. AMADEO HERNANDEZ CORONADO,COMPUENLACES,,(TZ-45) COMANDANCIA EL CORTIJO,29.14361389,-110.9862722,1.6
2457,ALAMOS,RED SEC,,(TZ-60) TORRE ISSSTESON,31.29834167,-110.9137,1.6
725,HERMANOS GRIMM,RED SEC,,(TZ-45) TORRE SSPM,27.46464167,-109.9284222,1.61
833,ACAMAPICHTLI,RED SEC,,TORRE C4,27.52598056,-109.9302889,1.61
1397,ANTONIO MONTES GARCIA,MEGACABLE,,(TZ-45) TORRE C5 GUAYMAS,27.94620556,-110.9342083,1.61
1086,CUAUHTEMOC,TELMEX,,(TZ-45) TORRE PALACIO MUNICIPAL EMPALME,27.95778611,-110.8157917,1.61
2392,PROF. PEDRO M AGUILAR,TELMEX,,CAMPO DEPORTIVO MPAL DE SAN IGNACIO RIO MUERTO,27.409988,-110.239434,1.62
1624,TOMAS MARTINEZ CRUZ,RED SEC,,(TZ-45) TORRE COMANDANCIA MUNICIPAL,28.84294167,-111.4898444,1.62
49,GENERAL VICENTE GUERRERO,MEGACABLE,,(TZ-45) TORRE SUBCENTRO C5 AGUA PRIETA,31.31913889,-109.5580556,1.62
2149,SONOTL,MEGACABLE,,(TZ-45) TORRE C4,30.63,-110.9690972,1.63
1288,MACOCHINI,RED SEC,,CENTRO DE SALUD VICAM,27.647,-110.296,1.63
2520,HORACIO AVENDAÑO ARREDONDO,RED SEC,,SAN FERNADO,31.28590912,-110.9913027,1.64
1832,PROFA. ZOILA REYNA DE PALAFOX,MEGACABLE,,(TZ-45) COMANDANCIA EL CORTIJO,29.14361389,-110.9862722,1.64
1665,MIGUEL HIDALGO,RED SEC,,VSERIS,29.064011,-110.955496,1.64
985,MARTIRES DE 1906,MEGACABLE,,SIN NOMBRE ESPECIFICADO,30.977641,-110.308611,1.64
874,ARTICULO TERCERO CONSTITUCIONAL,RED SEC,,HOSPITAL GENERAL DE OBREGON,27.4836,-109.955,1.64
1742,ERNESTO LOPEZ RIESGO,MEGACABLE,,PLANTEL NUEVO HERMOSILLO,29.01221702,-110.9283082,1.65
1762,JOAQUIN ENRIQUEZ FLORES,MEGACABLE,,PLANTEL NUEVO HERMOSILLO,29.01221702,-110.9283082,1.65
1761,GUADALUPE RODRIGUEZ MARIN,MEGACABLE,,(TZ-45) TORRE C5 GUAYMAS,27.94620556,-110.9342083,1.65
2779,PROF. GRACIANO SANCHEZ ROMO,TELNOR,,PLANTEL SAN LUIS RIO COLORADO,32.45172232,-114.751234,1.65
2497,BELISARIO DOMINGUEZ,RED SEC,,(TZ-60) TORRE ISSSTESON,31.29834167,-110.9137,1.66
1459,PROF. RUBEN A GUTIERREZ CARRANZA,TELMEX,,CESPEJO,29.09162451,-110.9754325,1.66
707,MANUEL IÑIGUEZ CAMBEROS,TELMEX,,PLANTEL OBREGON II,27.44298964,-109.9249233,1.66
2847,AIDA JOSEFINA NIEBLA GOMEZ,TELMEX,,SANTA ANA,30.544389,-111.121275,1.66
1712,CINCO DE MAYO,TELMEX,,(TZ-45) CENTRO INTEGRAL PEI,29.09499722,-111.0287889,1.67
3045,PLANTEL EMPALME,TELMEX,,(TZ-45) TORRE PALACIO MUNICIPAL EMPALME,27.95778611,-110.8157917,1.67
1643,HERMANOS FLORES MAGON,MEGACABLE,,COMUNICACION SOCIAL,29.0744732,-110.9584987,1.68
2079,MICAELA A DE BORQUEZ,TELMEX,,HOSPITAL GENERAL,26.842562,-109.641426,1.68
812,NIÑOS HEROES,RED SEC,,PLANTEL OBREGON II,27.44298964,-109.9249233,1.68
1768,ESCUELA SECUNDARIA TECNICA NUM. 78,RED SEC,,(TZ-45) TORRE COMANDANCIA MUNICIPAL,28.84294167,-111.4898444,1.68
2094,TELESECUNDARIA 120,COMPUPROYECCIONES,,CENTRO DE SALUD RURAL DE LAS BOCAS,26.59506,-109.33547,1.69
943,LIC. LUIS ENCINAS,MEGACABLE,,(TZ-45) TORRE FISCAL,27.49709444,-109.9322056,1.69
2515,DIEGO RIVERA,RED SEC,,C5 NOGALES,31.29011,-110.951213,1.69
3681,DEFENSORIA PUBLICA,TELMEX,688.79,HERMOSILLO,29.061095,-110.941951,1.7
644,CAPITAN LORENZO RODRIGUEZ,TELMEX,,CABORCA,30.727172,-112.155092,1.7
612,FRANCISCA VASQUEZ,RED SEC,,CABORCA,30.727172,-112.155092,1.7
3618,SERVICIOS DE SALUD DE SONORA,TELMEX,343.97,C5I OBREGON,27.526008,-109.930316,1.71
2192,GABRIEL VALDEZ VILLA,TELMEX,,NACO,31.327333,-109.948686,1.71
2436,PLUTARCO ELIAS CALLES,RED SEC,,C5 NOGALES,31.29011,-110.951213,1.71
228,TELESECUNDARIA 88,COMPUPROYECCIONES,,ATIL,30.847936,-111.576303,1.72
3579,INSTITUTO SONORENSE  DE LAS MUJERES,TELMEX,473.28,(TZ-45) COMANDANCIA ZONA NORTE,29.11026111,-110.9913861,1.72
2475,RODOLFO MONROY RIVERA,RED SEC,,C5 NOGALES,31.29011,-110.951213,1.72
2784,JUAN G. CABRAL,MEGACABLE,,PLANTEL SAN LUIS RIO COLORADO,32.45172232,-114.751234,1.72
2597,LEONA VICARIO,TELMEX,,PUERTO PEÑASCO,31.305833,-113.540556,1.72
611,RAYMUNDO MARQUEZ LEON,RED SEC,,CABORCA,30.727172,-112.155092,1.72
3196,CENTRO DE SALUD LOMAS DE MADRID,TELMEX,,(TZ-45) COMANDANCIA EL CORTIJO,29.14361389,-110.9862722,1.72
2081,GENERAL ALVARO OBREGON,TELMEX,,(TZ-30) TORRE HOSPITAL GRAL. HUATABAMPO,26.84247222,-109.6411222,1.72
1637,DEMOFILO MALDONADO NATERAS,MEGACABLE,,CUM,29.10935986,-110.9936158,1.72
1813,MARIA HEREDIA DURON,MEGACABLE,,(TZ-45) COMANDANCIA EL CORTIJO,29.14361389,-110.9862722,1.73
1515,ESTEFANIA CASTAÑEDA,MEGACABLE,,(TZ-45) COMANDANCIA EL CORTIJO,29.14361389,-110.9862722,1.74
2984,PLANTEL EMPALME,TELMEX,,(TZ-45) TORRE PALACIO MUNICIPAL EMPALME,27.95778611,-110.8157917,1.74
1863,VICTOR MANUEL BLANCO MARTINEZ,TELMEX,,(TZ-45) COMANDANCIA EL CORTIJO,29.14361389,-110.9862722,1.75
3479,ITAMA - HERMOSILLO I,TELMEX,,HERMOSILLO,29.061095,-110.941951,1.76
802,CENTRO DE ATENCION MULTIPLE NUM. 62,MEGACABLE,,(TZ-45) TORRE COMANDANCIA MUNICIPAL,28.84294167,-111.4898444,1.76
3480,ITAMA - HERMOSILLO I,TELMEX,,HERMOSILLO,29.061095,-110.941951,1.76
1752,SERGIO FLORENTINO MOROYOQUI AYALA,MEGACABLE,,(TZ-45) TORRE COMANDANCIA MUNICIPAL,28.84294167,-111.4898444,1.76
2768,EMILIANO ZAPATA,TELNOR,,PLANTEL SAN LUIS RIO COLORADO,32.45172232,-114.751234,1.76
2521,EDGARDO VILLELA MURRIETA,RED SEC,,C5 NOGALES,31.29011,-110.951213,1.77
3206,CENTRO DE SALUD OBREGON NORTE,TELMEX,,TORRE C4,27.52598056,-109.9302889,1.77
2499,27 DE AGOSTO,RED SEC,,(TZ-60) TORRE ISSSTESON,31.29834167,-110.9137,1.77
2382,NARCIZO MENDOZA,COMPUPROYECCIONES,,PRIM ROSITA C DE AGUILERA DE MUSUABAMPO,27.290221,-109.777697,1.77
2398,ANDRES GARCIA GAXIOLA,RED SEC,,(TZ-45) TORRE C4 VIEJO SEG PUBLICA,27.08036667,-109.4624361,1.77
3408,CENTRO DE SALUD URBANO CABORCA,TELMEX,,PLANTEL CABORCA,30.72412696,-112.1621881,1.77
1850,CLUB DE LEONES 4,MEGACABLE,,VSERIS,29.064011,-110.955496,1.77
1662,EMILIANO ZAPATA,COMPUENLACES,,(TZ-45) COMANDANCIA EL CORTIJO,29.14361389,-110.9862722,1.77
3420,UNEME-ENFERMEDADES CRONICAS OBREGON,TELMEX,,(TZ-45) TORRE SSPM,27.46464167,-109.9284222,1.77
3207,CENTRO DE SALUD OBREGON SUR,TOTAL PLAY,,(TZ-45) TORRE SSPM,27.46464167,-109.9284222,1.78
1708,IGNACIO ALLENDE,COMPUENLACES,,(TZ-45) COMANDANCIA EL CORTIJO,29.14361389,-110.9862722,1.78
3188,CENTRO DE SALUD EMILIANO ZAPATA,TELMEX,,VSERIS,29.064011,-110.955496,1.78
844,MELCHOR OCAMPO,MEGACABLE,,(TZ-45) TORRE SSPM,27.46464167,-109.9284222,1.79
2794,FRANCISCO GALAVIZ GOMEZ,MEGACABLE,,(TZ-45) CENTRO INTEGRAL PEI,29.09499722,-111.0287889,1.79
2448,MARIANO MATAMOROS,RED SEC,,(TZ-60) TORRE ISSSTESON,31.29834167,-110.9137,1.79
1873,ENRIQUETA DE PARODI,COMPUENLACES,,(TZ-45) COMANDANCIA ZONA NORTE,29.11026111,-110.9913861,1.79
2582,ELVIRA LIZARRAGA VALENZUELA,RED SEC,,(TZ-45) COMANDANCIA MUNICIPAL PITIQUITO,30.67895278,-112.0493028,1.8
1131,LA CASITA FELIZ,RED SEC,,CENTRO DE SALUD RURAL DE BUAYSIACOBE,27.05884,-109.68408,1.8
2810,SOLIDARIDAD,TELNOR,,COMANDANCIA,32.456246,-114.745002,1.8
1625,19 DE ABRIL,RED SEC,,(TZ-45) TORRE COMANDANCIA MUNICIPAL,28.84294167,-111.4898444,1.8
1843,PROF. LUIS P MENDEZ,COMPUENLACES,,(TZ-45) COMANDANCIA ZONA NORTE,29.11026111,-110.9913861,1.8
3680,DEFENSORIA PUBLICA,TELMEX,688.79,HERMOSILLO,29.061095,-110.941951,1.81
1544,ROSAS DE LA INFANCIA,MEGACABLE,,(TZ-45) COMANDANCIA EL CORTIJO,29.14361389,-110.9862722,1.81
1190,NIÑOS HEROES,RED SEC,,CENTRO DE SALUD BACOBAMPO,26.979011,-109.654255,1.81
3441,POLICLINICO HUATABAMPO,TELMEX,,(TZ-30) TORRE HOSPITAL GRAL. HUATABAMPO,26.84247222,-109.6411222,1.81
2399,GUADALUPE LOPEZ FELIX,RED SEC,,UNIVERSIDAD DE SONORA  CAMPUS NAVOJOA,27.074257,-109.429382,1.81
2510,SONORA,RED SEC,,SAN FERNADO,31.28590912,-110.9913027,1.82
3729,UNIVERSIDAD ESTATAL DE SONORA,TELMEX,5751.15,C5 SAN LUIS RIO COLORADO,32.456613,-114.746291,1.82
3077,SUPERIOR ESTATAL DE SONORA-UNIDAD ACADEMICA SLRC,TELNOR,,C5 SAN LUIS RIO COLORADO,32.456613,-114.746291,1.82
3078,SUPERIOR ESTATAL DE SONORA-UNIDAD ACADEMICA SLRC,MEGACABLE,,C5 SAN LUIS RIO COLORADO,32.456613,-114.746291,1.82
1343,CAPITAN JUAN BANTEA,RED SEC,,CENTRO DE SALUD VICAM,27.647,-110.296,1.82
1046,AMADO NERVO,TELMEX,,(TZ-45) TORRE PALACIO MUNICIPAL EMPALME,27.95778611,-110.8157917,1.83
768,LIBERTAD,RED SEC,,HOSPITAL GENERAL DE OBREGON,27.4836,-109.955,1.83
3651,DIF SONORA,TELMEX,1300.61,CESPEJO,29.09162451,-110.9754325,1.84
2175,DISTRIBUIDORES NISSAN 38,TELMEX,,(TZ-45) TORRE C4,30.63,-110.9690972,1.84
2617,DOROTEO ROMERO QUIÑONEZ,MEGACABLE,,(TZ-45) CENTRO INTEGRAL PEI,29.09499722,-111.0287889,1.84
667,CENTRO DE ATENCION MULTIPLE NUM. 54,RED SEC,,(TZ-60) TORRE CIF GUAYMAS,27.91950278,-110.9007333,1.85
1867,PROF. JUAN RUIZ DURAZO,COMPUENLACES,,(TZ-45) COMANDANCIA EL CORTIJO,29.14361389,-110.9862722,1.85
1447,TELESECUNDARIA 353,RED SEC,,CENTRO DE SALUD VICAM,27.647,-110.296,1.86
2545,HEROE DE NACOZARI,RED SEC,,(TZ-60) TORRE ISSSTESON,31.29834167,-110.9137,1.86
1647,MEXICO,MEGACABLE,,SSP ESPEJO,29.09152931,-110.9754964,1.86
805,JOSE MARIA LEYVA,RED SEC,,TORRE C4,27.52598056,-109.9302889,1.87
1465,RAFAEL HUERTA SANDOVAL,MEGACABLE,,(TZ-45) COMANDANCIA EL CORTIJO,29.14361389,-110.9862722,1.87
702,LIBERALES DE LA REFORMA,MEGACABLE,,(TZ-45) TORRE SSPM,27.46464167,-109.9284222,1.87
2167,CATALINA ACOSTA DE BERNAL,MEGACABLE,,(TZ-30) TORRE HOSPITAL GRAL. HUATABAMPO,26.84247222,-109.6411222,1.88
1716,NETZAHUALCOYOTL,MEGACABLE,,CGOB,29.06763827,-110.9592655,1.88
1690,EUSEBIO FRANCISCO KINO,MEGACABLE,,CUM,29.10935986,-110.9936158,1.88
1885,PROF. MANUEL MIRAZO NAVARRETE 1,MEGACABLE,,(TZ-45) COMANDANCIA ZONA NORTE,29.11026111,-110.9913861,1.88
2512,FRANCISCO PERALTA GALVEZ,RED SEC,,NOGALES,31.318347,-110.954427,1.89
1005,ELODIA N VDA DE AVILES,TELMEX,,CANANEA,30.9777,-110.308617,1.9
3025,"CECYTE, BUAYSIACOBE",COMPUPROYECCIONES,,CENTRO DE SALUD RURAL DE BUAYSIACOBE,27.05884,-109.68408,1.9
2700,SECUNDARIA TECNICA ESTATAL NUM. 19,COMPUPROYECCIONES,,(TZ-45) TORRE UNISON,30.54224722,-111.1137528,1.9
615,VERONICA CASTILLO JAIME,RED SEC,,PLANTEL CABORCA,30.72412696,-112.1621881,1.9
620,CENTRO DE ATENCION MULTIPLE NUM. 47,COMPUENLACES,,(TZ-45) COMANDANCIA EL CORTIJO,29.14361389,-110.9862722,1.91
2267,ANTONIO CASO,RED SEC,,AGENCIA FISCAL,27.082605,-109.447167,1.91
1827,MARIA DEL CARMEN ALVAREZ FIGUEROA,MEGACABLE,,(TZ-45) COMANDANCIA EL CORTIJO,29.14361389,-110.9862722,1.91
2455,ROSARIO ROLDAN DE ALVARADO,RED SEC,,NOGALES,31.318347,-110.954427,1.91
1296,ILI TAA TACHIRIA,RED SEC,,CENTRO DE SALUD VICAM,27.647,-110.296,1.91
858,TIERRA Y LIBERTAD,TELMEX,,(TZ-45) TORRE SSPM,27.46464167,-109.9284222,1.92
1622,ROGELIO SA¤UDO SEP—LVEDA,TELMEX,,PRIM CUAUHTEMOC DE ACEITUNAS,27.079185,-109.913514,1.93
2260,IGNACIO JOSE ALLENDE,TELMEX,,UNIVERSIDAD DE SONORA  CAMPUS NAVOJOA,27.074257,-109.429382,1.93
3425,HOSPITAL COMUNITARIO DE MAGDALENA,TELMEX,,(TZ-45) TORRE C4,30.63,-110.9690972,1.93
674,CUAUHTEMOC,RED SEC,,PLANTEL CABORCA,30.72412696,-112.1621881,1.93
3197,CENTRO DE SALUD LOS NARANJOS,TELMEX,,AUFIS,29.06939286,-110.944628,1.94
2801,JOSEFA ORTIZ DE DOMINGUEZ,TELNOR,,SAN PEDRO DE LA CUEVA,32.473614,-114.784344,1.94
1864,PROFA. MARGARITA ROMANDIA DE MENDEZ,MEGACABLE,,SSP ESPEJO,29.09152931,-110.9754964,1.94
1537,JOHN LOCKE,MEGACABLE,,SSP ESPEJO,29.09152931,-110.9754964,1.94
1301,FRANCISCO I. MADERO,MEGACABLE,,(TZ-60) TORRE CIF GUAYMAS,27.91950278,-110.9007333,1.96
1389,GENERAL ALVARO OBREGON,MEGACABLE,,(TZ-60) TORRE CIF GUAYMAS,27.91950278,-110.9007333,1.96
2472,MARTHA AMALIA STRAFFON MANZANO,RED SEC,,(TZ-45) TORRE C5 NOGALES,31.29025556,-110.9511556,1.96
939,CARMEN SANCHEZ CORRAL,MEGACABLE,,HOSPITAL GENERAL DE OBREGON,27.4836,-109.955,1.97
2967,PLANTEL PROF. JESUS GUILLERMO CAREAGA CRUZ (REFORMA),TOTAL PLAY,,CESPEJO,29.09162451,-110.9754325,1.98
2496,GENERAL LAZARO CARDENAS,RED SEC,,NOGALES,31.318347,-110.954427,1.98
601,MARIANO ABASOLO,RED SEC,,PLANTEL CABORCA,30.72412696,-112.1621881,1.99
1739,MANUEL GONZALEZ FRANCO,MEGACABLE,,PLANTEL NUEVO HERMOSILLO,29.01221702,-110.9283082,1.99
706,SALVADOR GONZALEZ PARTIDA,MEGACABLE,,HOSPITAL GENERAL DE OBREGON,27.4836,-109.955,1.99
2517,GUSTAVO LAMAS CASTAÑEDA,MEGACABLE,,C5 NOGALES,31.29011,-110.951213,1.99
811,LAZARO CARDENAS DEL RIO,RED SEC,,(TZ-45) TORRE SSPM,27.46464167,-109.9284222,1.99
742,JUAN MALDONADO TETABIATE,MEGACABLE,,TORRE C4,27.52598056,-109.9302889,2
2536,FRANCISCA ARMIDA ROMERO DUARTE,RED SEC,,C5 NOGALES,31.29011,-110.951213,2
1457,"SECUNDARIA GENERAL NO. 2 ""CAJEME""",MEGACABLE,,(TZ-45) COMANDANCIA ZONA NORTE,29.11026111,-110.9913861,2.01
2264,FRANCISCO GONZALEZ BOCANEGRA,RED SEC,,(TZ-45) TORRE C4 VIEJO SEG PUBLICA,27.08036667,-109.4624361,2.01
1784,JOSEFINA B NUÑEZ,MEGACABLE,,BMXDGR,29.07631845,-110.9570658,2.01
3625,DIRECCION GENERAL DE ASISTENCIA SOCIAL,TELMEX,473.28,(TZ-45) COMANDANCIA ZONA NORTE,29.11026111,-110.9913861,2.01
1412,MARIA ELENA ARBALLO PIÑUELAS,RED SEC,,(TZ-60) TORRE CIF GUAYMAS,27.91950278,-110.9007333,2.01
2514,ALEJANDRO C. VILLASEÑOR,TELMEX,,(TZ-60) TORRE ISSSTESON,31.29834167,-110.9137,2.01
982,TELESECUNDARIA 278,RED SEC,,SUBCENTRO (C5I) DE CD. OBREGON,27.5259889,-109.9303222,2.02
959,PROF. BASILIO RUIZ VELAZQUEZ,RED SEC,,SUBCENTRO (C5I) DE CD. OBREGON,27.5259889,-109.9303222,2.02
3610,PROCURADURIA FISCAL,TELMEX,473.28,CESPEJO,29.09162451,-110.9754325,2.02
658,LUIS PASTEUR,RED SEC,,PLANTEL CABORCA,30.72412696,-112.1621881,2.03
3228,HOSPITAL INFANTIL DEL ESTADO DE SONORA,MEGACABLE,,(TZ-45) COMANDANCIA ZONA NORTE,29.11026111,-110.9913861,2.03
3038,PLANTEL HERMOSILLO I - DR. SAMUEL OCAÑA GARCIA,TOTAL PLAY,,PIND,29.01491188,-110.9241526,2.03
1554,LUIS SPOTA,MEGACABLE,,(TZ-45) COMANDANCIA EL CORTIJO,29.14361389,-110.9862722,2.03
2742,CUCAPAH,MEGACABLE,,COMANDANCIA,32.456246,-114.745002,2.03
52,MARGARITA MAZA DE JUAREZ,TELMEX,,(TZ-45) TORRE BOMBEROS AGUA PRIETA,31.31360556,-109.5359722,2.03
1016,IGNACIO MANUEL ALTAMIRANO,TELMEX,,RADIO TEC,30.98961,-110.26602,2.04
3733,COMISION DEL DEPORTE DEL ESTADO DE SONORA,TELMEX,473.28,(TZ-45) COMANDANCIA ZONA NORTE,29.11026111,-110.9913861,2.06
3631,SERVICIOS DE SALUD DE SONORA,TELMEX,559.48,SSP ESPEJO,29.09152931,-110.9754964,2.06
705,FAUSTINO FELIX SERNA,TELMEX,,(TZ-45) TORRE SSPM,27.46464167,-109.9284222,2.06
910,JOSE GABRIEL MACIEL LOZANO,RED SEC,,HOSPITAL GENERAL DE OBREGON,27.4836,-109.955,2.06
1853,CLUB DE LEONES 2,COMPUENLACES,,(TZ-45) COMANDANCIA ZONA NORTE,29.11026111,-110.9913861,2.07
2977,PLANTEL FAUSTINO FELIX SERNA (PITIQUITO),TELMEX,,(TZ-45) COMANDANCIA MUNICIPAL PITIQUITO,30.67895278,-112.0493028,2.07
2789,LORENZO CHAN BE,TELNOR,,UTSLRC,32.435785,-114.715726,2.08
3039,PLANTEL HERMOSILLO II,TOTAL PLAY,,SSP ESPEJO,29.09152931,-110.9754964,2.08
2021,IGNACIO SOTO,TELMEX,,(TZ-30) TORRE HOSPITAL GRAL. HUATABAMPO,26.84247222,-109.6411222,2.08
884,OBREGON NUM. 50,MEGACABLE,,(TZ-45) TORRE FISCAL,27.49709444,-109.9322056,2.08
3629,SERVICIOS DE SALUD DE SONORA,TELMEX,473.28,SSP ESPEJO,29.09152931,-110.9754964,2.09
926,LAURA EUGENIA OCHOA ROBLES,RED SEC,,HOSPITAL GENERAL DE OBREGON,27.4836,-109.955,2.09
1311,MARIANO AZUELA,RED SEC,,(TZ-60) TORRE CIF GUAYMAS,27.91950278,-110.9007333,2.1
3730,UNIVERSIDAD ESTATAL DE SONORA,TELMEX,2422.69,(TZ-45) TORRE COMANDANCIA MUNICIPAL,28.84294167,-111.4898444,2.1
2123,MANUEL AVILA CAMACHO,GLOBALSAT,,IMURIS,30.793453,-110.846086,2.12
1869,LUIS DONALDO COLOSIO MURRIETA,COMPUENLACES,,(TZ-45) COMANDANCIA EL CORTIJO,29.14361389,-110.9862722,2.12
2559,DISTRIBUIDORES NISSAN,RED SEC,,C5 NOGALES,31.29011,-110.951213,2.13
2778,BENITO JUAREZ,TELNOR,,COMANDANCIA,32.456246,-114.745002,2.13
3442,FARMACIA NO. 2,TOTAL PLAY,,CESPEJO,29.09162451,-110.9754325,2.14
3690,ISSSTESON,TOTAL PLAY,2513,CESPEJO,29.09162451,-110.9754325,2.14
1615,JORGE ALBERTO MARTINEZ PLOMOSO,MEGACABLE,,CUM,29.10935986,-110.9936158,2.14
3732,COMISION DEL DEPORTE DEL ESTADO DE SONORA,TELMEX,473.28,BMXDGR,29.07631845,-110.9570658,2.14
1729,PROF. HILARION SANTOS SANDOVAL,MEGACABLE,,HERMOSILLO,29.061095,-110.941951,2.14
3433,CENTRO MEDICO DR. IGNACIO CHAVEZ,TOTAL PLAY,,SSP ESPEJO,29.09152931,-110.9754964,2.14
2150,CAPOSEHUA,RED SEC,,CUARENTENARIA BAHUISES,27.127718,-109.469734,2.14
2324,EMILIANO ZAPATA,RED SEC,,CUARENTENARIA BAHUISES,27.127718,-109.469734,2.14
1032,MARTIRES DE BACOBAMPO,TELMEX,,CUMPAS,29.998067,-109.775114,2.14
2067,RITHA MEDINA JACQUES,TELMEX,,(TZ-30) TORRE HOSPITAL GRAL. HUATABAMPO,26.84247222,-109.6411222,2.15
1753,CENTENARIO DEL DIA DEL MAESTRO,COMPUENLACES,,(TZ-45) COMANDANCIA EL CORTIJO,29.14361389,-110.9862722,2.15
1848,ELISA W DE BERAUD,COMPUENLACES,,BMXDGR,29.07631845,-110.9570658,2.15
1846,PROF. HERIBERTO AJA,TELMEX,,BMXDGR,29.07631845,-110.9570658,2.15
624,JUSTO SIERRA MENDEZ,RED SEC,,PLANTEL CABORCA,30.72412696,-112.1621881,2.16
3052,"SUPERIOR TECNOLOGICA DE HERMOSILLO, SONORA",TELMEX,,PIND,29.01491188,-110.9241526,2.16
676,JUAN FRANCISCO JAVIER,RED SEC,,PLANTEL CABORCA,30.72412696,-112.1621881,2.16
3716,INSTITUTO SONORENSE DE CULTURA,TELMEX,473.28,HOSPITAL GENERAL DE OBREGON,27.4836,-109.955,2.16
3741,INSTITUTO SONORENSE DE CULTURA,TELMEX,473.28,HOSPITAL GENERAL DE OBREGON,27.4836,-109.955,2.16
531,"CENTRO DE ATENCION MULTIPLE,CENTRO DOWN",MEGACABLE,,PLANTEL OBREGON I,27.4776144,-109.9289854,2.17
592,ESTHER SOTO BOJORQUEZ,RED SEC,,PLANTEL CABORCA,30.72412696,-112.1621881,2.17
2618,JUAN CEBALLOS AYALA,TELMEX,,SSP ESPEJO,29.09152931,-110.9754964,2.18
2799,PROF. MIGUEL CAZAREZ DAMIAN,TELNOR,,SAN PEDRO DE LA CUEVA,32.473614,-114.784344,2.19
1648,GENERAL VICENTE GUERRERO,MEGACABLE,,VSERIS,29.064011,-110.955496,2.19
1445,FUNDACION ESPOSOS RODRIGUEZ,TELMEX,,(TZ-45) TORRE BOMBEROS AGUA PRIETA,31.31360556,-109.5359722,2.19
3646,DIF SONORA,TELMEX,892.73,AUFIS,29.06939286,-110.944628,2.19
1860,ENRIQUE QUIJADA,TELMEX,,CUM,29.10935986,-110.9936158,2.19
1766,JOSE RAMON SALCEDO ENRIQUEZ,TELMEX,,(TZ-60) TORRE ISSSTESON,31.29834167,-110.9137,2.19
2596,ARTICULO 115 CONSTITUCIONAL,TELMEX,,PLANTEL PUERTO PEÑASCO,31.32935585,-113.5298673,2.2
2269,JARDIN DE NIÑOS NUEVA CREACION,RED SEC,,UNIVERSIDAD DE SONORA  CAMPUS NAVOJOA,27.074257,-109.429382,2.21
3628,SERVICIOS DE SALUD DE SONORA,TELMEX,473.28,BMXDGR,29.07631845,-110.9570658,2.21
758,PEDRO CURIE,RED SEC,,(TZ-45) TORRE SSPM,27.46464167,-109.9284222,2.21
1895,CENTENARIO DE LA CONSTITUCION 1,COMPUENLACES,,CESPEJO,29.09162451,-110.9754325,2.22
3655,DIRECCION GENERAL DE SERVICIOS DE SALUD A LA PERSONA,TOTAL PLAY,7068,SSP ESPEJO,29.09152931,-110.9754964,2.22
1817,JOSEFINA PADILLA DE JIMENEZ,MEGACABLE,,CESPEJO,29.09162451,-110.9754325,2.22
3755,INSTITUTO SONORENSE DE INFRAESTRUCTURA EDUCATIVA,TELMEX,343.97,(TZ-45) TORRE FISCAL,27.49709444,-109.9322056,2.22
3671,INSTITUTO SONORENSE PARA LA ATENCION DE LOS ADULTOS MAYORES,TELMEX,688.79,(TZ-45) TORRE SSPM,27.46464167,-109.9284222,2.22
1468,SECUNDARIA GENERAL NUM. 15,COMPUENLACES,,CESPEJO,29.09162451,-110.9754325,2.22
1631,ESCUELA PRIMARIA NUEVA CREACION,COMPUENLACES,,(TZ-45) CENTRO INTEGRAL PEI,29.09499722,-111.0287889,2.22
1750,HUGO ROMERO OJEDA,COMPUENLACES,,CESPEJO,29.09162451,-110.9754325,2.22
2666,SECUNDARIA TECNICA ESTATAL NUM. 17,COMPUENLACES,,CESPEJO,29.09162451,-110.9754325,2.22
1632,TADEO ADOLFO VILLA OLIVAS,COMPUENLACES,,(TZ-45) CENTRO INTEGRAL PEI,29.09499722,-111.0287889,2.22
1892,JUAN FIGUEROA ABRIL,TELMEX,,CESPEJO,29.09162451,-110.9754325,2.22
843,SALVADOR ALLENDE,RED SEC,,HOSPITAL GENERAL DE OBREGON,27.4836,-109.955,2.22
3768,ALMACEN QUIROGA,TOTAL PLAY,,SSP ESPEJO,29.09152931,-110.9754964,2.22
1896,BERTHA LIDIA FIGUEROA LOPEZ,MEGACABLE,,CESPEJO,29.09162451,-110.9754325,2.22
1599,NORBERTO SOTELO CRUZ,TELMEX,,CESPEJO,29.09162451,-110.9754325,2.22
1748,SEBASTIAN ARVAYO ARVAYO,TELMEX,,CESPEJO,29.09162451,-110.9754325,2.22
2166,PAULINA CAZARES GARCIA,TELMEX,,(TZ-45) TORRE C4,30.63,-110.9690972,2.22
3650,DIF SONORA,DESIERTA PRECIO NO ACEPTABLE,8836.75,AUFIS,29.06939286,-110.944628,2.23
1700,MAGISTERIO,MEGACABLE,,CGOB,29.06763827,-110.9592655,2.25
55,IEP 7 CORONEL J. CRUZ GALVEZ,TELMEX,,BMXDGR,29.07631845,-110.9570658,2.25
2964,PLANTEL VILLA DE SERIS,TOTAL PLAY,,VSERIS,29.064011,-110.955496,2.26
3451,MODULO COBACH VILLA DE SERIS,TELMEX,,VSERIS,29.064011,-110.955496,2.27
1041,TELESECUNDARIA 163,TELMEX,,CUMPAS,29.998067,-109.775114,2.27
1503,GABRIELA MISTRAL,MEGACABLE,,VSERIS,29.064011,-110.955496,2.28
3613,DIRECCION GENERAL DE RECAUDACION,"GSAT COMUNICACIONES, S.A. DE C.V.",3899,TORRE C5,29.06370833,-111.0482389,2.28
1757,ESCUELA SECUNDARIA TECNICA NUM. 67,MEGACABLE,,UNIVERSIDAD DE SONORA  CAMPUS NAVOJOA,27.074257,-109.429382,2.28
1493,ENRIQUETA DE PARODI,MEGACABLE,,(TZ-45) COMANDANCIA EL CORTIJO,29.14361389,-110.9862722,2.29
1663,ARTICULO 3 CONSTITUCIONAL,MEGACABLE,,CUM,29.10935986,-110.9936158,2.29
633,FRANCISCO VILLA,RED SEC,,PLANTEL CABORCA,30.72412696,-112.1621881,2.29
3731,UNIVERSIDAD TECNOLOGICA DE HERMOSILLO,TOTAL PLAY,9581,PIND,29.01491188,-110.9241526,2.3
869,PDTE MANUEL AVILA CAMACHO,TELMEX,,(TZ-45) TORRE SSPM,27.46464167,-109.9284222,2.3
3483,ITAMA - CTE OBREGON,TELMEX,,HOSPITAL GENERAL DE OBREGON,27.4836,-109.955,2.3
1974,TIERRA DE GENERALES,TELMEX,,(TZ-30) TORRE HOSPITAL GRAL. HUATABAMPO,26.84247222,-109.6411222,2.31
2292,JORGE ISSACS,RED SEC,,UNIVERSIDAD DE SONORA  CAMPUS NAVOJOA,27.074257,-109.429382,2.32
907,JORGE HUMBERTO GUZMAN ROMAN,RED SEC,,(TZ-45) TORRE FISCAL,27.49709444,-109.9322056,2.32
3621,SERVICIOS DE SALUD DE SONORA,TELMEX,1698.75,SSP ESPEJO,29.09152931,-110.9754964,2.32
1141,JESUS GARCIA,RED SEC,,(TZ-45) TORRE PALACIO MUNICIPAL  ETCHOJOA,26.911617,-109.625892,2.33
1163,SANTOS ONTIVEROS GARCIA,RED SEC,,(TZ-45) TORRE PALACIO MUNICIPAL  ETCHOJOA,26.911617,-109.625892,2.33
161,JORGE NIEBLAS PINO,RED SEC,,CABORCA,30.727172,-112.155092,2.35
2685,ELSA GUADALUPE CAÑEZ CORONADO,TELMEX,,AGUA PRIETA,31.31175,-109.535556,2.35
1858,VICENTE GUERRERO,MEGACABLE,,AUFIS,29.06939286,-110.944628,2.35
201,RAUL PONCE DERATT,TELMEX,,(TZ-45) COMANDANCIA DE POLICIA,30.70384167,-111.8277278,2.35
605,ELVIRA CONTRERAS MENDEZ,RED SEC,,PLANTEL CABORCA,30.72412696,-112.1621881,2.37
1767,ESCUELA SECUNDARIA TECNICA NUM. 77,TELMEX,,C5 NOGALES,31.29011,-110.951213,2.37
1760,ROBERTO BAÑAGA SAIZA,TELMEX,,SUBCENTRO (C5I) DE CD. OBREGON,27.5259889,-109.9303222,2.37
1879,PROF. PASCUAL PEREZ GONZALEZ,MEGACABLE,,(TZ-45) COMANDANCIA EL CORTIJO,29.14361389,-110.9862722,2.38
2069,LUIS DONALDO COLOSIO MURRIETA,TELMEX,,(TZ-30) TORRE HOSPITAL GRAL. HUATABAMPO,26.84247222,-109.6411222,2.39
1706,SIMON BOLIVAR,COMPUENLACES,,CUM,29.10935986,-110.9936158,2.4
1126,SAN RAFAEL,RED SEC,,(TZ-45) TORRE SALUBRIDAD ETCHOJOA,26.97865556,-109.6562833,2.41
3216,CENTRO DE SALUD VILLA JUAREZ,TELMEX,,(TZ-45) TORRE DIF VILLA JUAREZ,27.128213,-109.830136,2.42
3647,DIF SONORA,TELMEX,1085.1,(TZ-60) TORRE ISSSTESON,31.29834167,-110.9137,2.44
2091,TELESECUNDARIA 115,INDEX,,CENTRO DE SALUD RURAL DE VENUSTIANO CARRANZA,26.427719,-109.031198,2.44
1709,RICARDO FLORES MAGON,TELMEX,,AUFIS,29.06939286,-110.944628,2.44
1173,ESCUELA PRIMARIA NUEVA CREACION,RED SEC,,(TZ-45) TORRE PALACIO MUNICIPAL  ETCHOJOA,26.911617,-109.625892,2.45
1181,MIGUEL HIDALGO,RED SEC,,(TZ-45) TORRE PALACIO MUNICIPAL  ETCHOJOA,26.911617,-109.625892,2.45
1886,NOE PALOMARES NAVARRO,MEGACABLE,,(TZ-45) COMANDANCIA EL CORTIJO,29.14361389,-110.9862722,2.46
2769,LIC. ADOLFO LOPEZ MATEOS,TELNOR,,SAN LUIS RIO COLORADO,32.473614,-114.784344,2.49
1366,RICARDO FLORES MAGON,COMPUPROYECCIONES,,CENTRO DE SALUD DE FRANCISCO MARQUEZ,28.1576944,-110.5913889,2.49
595,PARAISO INFANTIL,RED SEC,,CABORCA,30.727172,-112.155092,2.5
2068,PROF. ROBERTO AJA ESCOBAR,RED SEC,,HOSPITAL GENERAL,26.842562,-109.641426,2.5
1160,NIÑOS HEROES,RED SEC,,(TZ-45) TORRE PALACIO MUNICIPAL  ETCHOJOA,26.911617,-109.625892,2.51
1877,PROF. GUSTAVO RIVERA,TELMEX,,AUFIS,29.06939286,-110.944628,2.51
2786,AURELIO RENTERIA FLORES,TELNOR,,PLANTEL SAN LUIS RIO COLORADO,32.45172232,-114.751234,2.53
888,ESCUADRON 201,MEGACABLE,,PLANTEL OBREGON II,27.44298964,-109.9249233,2.54
1745,FRANCISCO MENESES FIERROS,MEGACABLE,,(TZ-45) COMANDANCIA EL CORTIJO,29.14361389,-110.9862722,2.56
3662,CENDI 1,TELMEX,861.2,SSP ESPEJO,29.09152931,-110.9754964,2.57
1668,PLUTARCO ELIAS CALLES,COMPUENLACES,,CESPEJO,29.09162451,-110.9754325,2.57
900,ESTEBAN TEROS CAREAGA,TELMEX,,SUBCENTRO (C5I) DE CD. OBREGON,27.5259889,-109.9303222,2.59
964,ROSA IRMA CHINCHILLAS ORDUÑO,RED SEC,,PLANTEL OBREGON I,27.4776144,-109.9289854,2.6
2012,BARTOLOME DE LAS CASAS,INDEX,,CENTRO DE SALUD RURAL DE VENUSTIANO CARRANZA,26.427719,-109.031198,2.6
2995,PLANTEL ALVARO OBREGON SALIDO (HUATABAMPO),TELMEX,,(TZ-30) TORRE HOSPITAL GRAL. HUATABAMPO,26.84247222,-109.6411222,2.6
2253,VICENTE SUAREZ,RED SEC,,AGENCIA FISCAL,27.082605,-109.447167,2.61
2731,ABELARDO L. RODRIGUEZ,TELNOR,,SAN LUIS RIO COLORADO,32.473614,-114.784344,2.61
2303,BELISARIO DOMINGUEZ,RED SEC,,AGENCIA FISCAL,27.082605,-109.447167,2.61
1721,ALICIA MUNOZ ROMERO,TELMEX,,CUM,29.10935986,-110.9936158,2.61
2513,SOR JUANA INES DE LA CRUZ,RED SEC,,C5 NOGALES,31.29011,-110.951213,2.63
3580,COMISION DE BUSQUEDA DE PERSONAS PARA EL ESTADO DE SONORA,TELMEX,1096.67,PLANTEL NUEVO HERMOSILLO,29.01221702,-110.9283082,2.63
3591,DIRECCION GENERAL DE REGISTRO CIVIL,TELMEX,343.97,CESPEJO,29.09162451,-110.9754325,2.64
1329,ANNA FREUD,RED SEC,,(TZ-60) TORRE CIF GUAYMAS,27.91950278,-110.9007333,2.64
2783,JOSE VASCONCELOS,TELNOR,,PLANTEL SAN LUIS RIO COLORADO,32.45172232,-114.751234,2.66
34,JESUS QUIJADA AGUILAR,TELMEX,,(TZ-45) TORRE BOMBEROS AGUA PRIETA,31.31360556,-109.5359722,2.67
1112,LA ESPIGUITA,RED SEC,,(TZ-45) TORRE PALACIO MUNICIPAL  ETCHOJOA,26.911617,-109.625892,2.68
3042,PLANTEL CABORCA,TELMEX,,CABORCA,30.727172,-112.155092,2.69
2479,LOURDES CECILIA BERNAL SALAZAR,RED SEC,,C5 NOGALES,31.29011,-110.951213,2.69
2297,LAZARO CARDENAS DEL RIO,RED SEC,,CUARENTENARIA BAHUISES,27.127718,-109.469734,2.69
1139,NIÑOS HEROES,RED SEC,,PRIM NIÑOS HEROES DE CAMPO ESPAÑA,26.990163,-109.708276,2.69
1201,GENERAL LAZARO CARDENAS,RED SEC,,PRIM NIÑOS HEROES DE CAMPO ESPAÑA,26.990163,-109.708276,2.69
3772,DIRECCION GENERAL DE INFRAESTRUCTURA FISICA,TELMEX,,(TZ-45) CENTRO INTEGRAL PEI,29.09499722,-111.0287889,2.7
2537,YOLANDA EUGENIA CARRILLO MENDEZ,RED SEC,,C5 NOGALES,31.29011,-110.951213,2.7
1835,PROF. FRANCISCO NAVARRO ESTRADA,MEGACABLE,,PLANTEL NUEVO HERMOSILLO,29.01221702,-110.9283082,2.7
1657,RODOLFO ELIAS CALLES,TELMEX,,VSERIS,29.064011,-110.955496,2.71
1751,FAUSTINO FERNANDEZ AGUILAR,RED SEC,,C5 HERMOSILLO,29.06376,-111.048102,2.72
1617,JOSE ARMANDO MARQUEZ VIDAÑA,TELMEX,,CERRO EL VIGIA,27.942091,-110.904878,2.73
1897,ABELARDO VALENZUELA BALLESTEROS,RED SEC,,(TZ-45) COMANDANCIA EL CORTIJO,29.14361389,-110.9862722,2.75
3220,HOSPITAL GENERAL DE CABORCA,TELMEX,,PLANTEL CABORCA,30.72412696,-112.1621881,2.75
1880,SOCORRO BERUMEN GUEVARA,TELMEX,,(TZ-45) COMANDANCIA EL CORTIJO,29.14361389,-110.9862722,2.78
3230,HOSPITAL PSIQUIATRICO CRUZ DEL NORTE,MEGACABLE,,(TZ-45) CENTRO INTEGRAL PEI,29.09499722,-111.0287889,2.78
1300,JARDIN DE NIÑOS NUEVA CREACION,RED SEC,,ONTEME,27.60383333,-110.2893778,2.79
2170,OTHON ALMADA,GLOBALSAT,,(TZ-30) TORRE CERESO,30.67032222,-110.9166611,2.79
1341,VASCO DE QUIROGA,RED SEC,,ONTEME,27.60383333,-110.2893778,2.79
2144,CABORICA,TELMEX,,(TZ-30) TORRE CERESO,30.67032222,-110.9166611,2.79
3636,SERVICIOS DE SALUD DE SONORA,TELMEX,688.79,(TZ-45) COMANDANCIA ZONA NORTE,29.11026111,-110.9913861,2.8
820,20 DE NOVIEMBRE,RED SEC,,C5I OBREGON,27.526008,-109.930316,2.8
1726,ADOLFO DE LA HUERTA,MEGACABLE,,(TZ-45) CENTRO INTEGRAL PEI,29.09499722,-111.0287889,2.81
1650,ESCUELA PRIMARIA FORD NUM. 3,RED SEC,,(TZ-45) TORRE COMANDANCIA MUNICIPAL,28.84294167,-111.4898444,2.83
3654,DIF SONORA,TELMEX,6905.72,(TZ-45) TORRE FISCAL,27.49709444,-109.9322056,2.85
2774,JOSE MARIA MORELOS Y PAVON,MEGACABLE,,PLANTEL SAN LUIS RIO COLORADO,32.45172232,-114.751234,2.85
2760,FRANCISCO SARABIA,TELNOR,,SAN PEDRO DE LA CUEVA,32.473614,-114.784344,2.85
2607,PROF. ARMANDO EDMUNDO ESTRELLA ORTEGA,RED SEC,,PLANTEL CABORCA,30.72412696,-112.1621881,2.86
2966,PLANTEL ERNESTO LOPEZ RIESGO,TOTAL PLAY,,BMXDGR,29.07631845,-110.9570658,2.87
976,PROF. CARLOS ESPINOZA MUÑOZ,TELMEX,,CESPEJO,29.09162451,-110.9754325,2.88
1499,ISAURA RIVERA DE HOYOS,TELMEX,,AUFIS,29.06939286,-110.944628,2.89
1646,HEROE DE NACOZARI,COMPUENLACES,,CESPEJO,29.09162451,-110.9754325,2.89
813,BENITO JUAREZ,RED SEC,,PLANTEL OBREGON II,27.44298964,-109.9249233,2.9
1406,ENRIQUE RIOS ENRIQUEZ,TELNOR,,(TZ-45) TORRE COMANDANCIA SONOYTA,31.864325,-112.8494722,2.9
670,GLORIA AIDE NOGALES MENDEZ,RED SEC,,PLANTEL CABORCA,30.72412696,-112.1621881,2.91
1210,JESUS GARCIA CORONA,TELMEX,,(TZ-45) TORRE PALACIO MUNICIPAL  ETCHOJOA,26.911617,-109.625892,2.91
1239,TELESECUNDARIA 230,TELMEX,,(TZ-45) TORRE PALACIO MUNICIPAL  ETCHOJOA,26.911617,-109.625892,2.91
1224,ESCUELA SECUNDARIA TECNICA NUM. 19,RED SEC,,(TZ-60) TORRE CIF GUAYMAS,27.91950278,-110.9007333,2.92
1884,MARIA GUADALUPE RICO DE RAMIREZ,COMPUENLACES,,(TZ-45) COMANDANCIA EL CORTIJO,29.14361389,-110.9862722,2.94
2163,NIÑOS HEROES,GLOBALSAT,,(TZ-30) TORRE CERESO,30.67032222,-110.9166611,2.94
1400,MARIA ESPERANZA SALCIDO RUIZ,MEGACABLE,,(TZ-60) TORRE CIF GUAYMAS,27.91950278,-110.9007333,2.95
1764,ROBERTO TOPETE GARCIA,TELMEX,,(TZ-45) CENTRO INTEGRAL PEI,29.09499722,-111.0287889,2.95
1455,ARQ. GUSTAVO F. AGUILAR BELTRAN,TELMEX,,CGOB,29.06763827,-110.9592655,2.95
1618,EDUARDO PEÑA IBARRA,MEGACABLE,,PLANTEL NUEVO HERMOSILLO,29.01221702,-110.9283082,2.96
2464,MARTHA PATRICIA LOPEZ ALCANTAR,RED SEC,,C5 NOGALES,31.29011,-110.951213,2.97
1286,BEOSKO CHOKI,RED SEC,,CERRO ONTEME,27.603578,-110.289613,2.98
3064,UNIVERSIDAD TECNOLOGICA DE PUERTO PEÑASCO,MEGACABLE,,(TZ-45) TORRE SUBCENTRO C5 PP,31.33396389,-113.52995,2.99
1738,RAFAEL SANTA CRUZ REYES,MEGACABLE,,(TZ-45) COMANDANCIA EL CORTIJO,29.14361389,-110.9862722,2.99
1096,NICOLAS GARCIA OCEGUEDA,TELMEX,,PRIM PRESIDENTE MIGUEL ALEMAN DE EJ MIGUEL ALEMAN,27.498163,-110.115354,3.01
3687,SECRETARIA PARTICULAR,TELMEX,2422.69,(TZ-45) TORRE C5 GUAYMAS,27.94620556,-110.9342083,3.01
1728,ARMIDA DE LA VARA,MEGACABLE,,(TZ-45) CENTRO INTEGRAL PEI,29.09499722,-111.0287889,3.01
1078,JUAN MALDONADO GUAGUETCHIA,MEGACABLE,,(TZ-45) TORRE PALACIO MUNICIPAL EMPALME,27.95778611,-110.8157917,3.02
3642,DIF SONORA,TELMEX,343.97,AUFIS,29.06939286,-110.944628,3.03
1676,EJIDO DE VILLA DE SERIS,TELMEX,,HERMOSILLO,29.061095,-110.941951,3.03
1164,EMILIANO ZAPATA,RED SEC,,(TZ-30) TORRE HOSPITAL GRAL. HUATABAMPO,26.84247222,-109.6411222,3.03
1434,AARON AMARILLAS BUITIMEA,RED SEC,,ONTEME,27.60383333,-110.2893778,3.03
1450,TELESECUNDARIA 370,RED SEC,,ONTEME,27.60383333,-110.2893778,3.03
1089,ESCUELA SECUNDARIA TECNICA NUM. 10,TELMEX,,(TZ-30) TORRE HOSPITAL GRAL. HUATABAMPO,26.84247222,-109.6411222,3.06
1656,NARCISO MENDOZA,MEGACABLE,,(TZ-45) COMANDANCIA ZONA NORTE,29.11026111,-110.9913861,3.07
2651,OSCAR ROMERO CARPENA,TELMEX,,HOSPITAL GENERAL DE OBREGON,27.4836,-109.955,3.07
1765,ESCUELA SECUNDARIA TECNICA NUM. 75,MEGACABLE,,UTSLRC,32.435785,-114.715726,3.08
963,DISTRIBUIDORES NISSAN 54-1,RED SEC,,PLANTEL OBREGON II,27.44298964,-109.9249233,3.08
1179,NETZAHUALCOYOTL,TELMEX,,(TZ-45) TORRE SALUBRIDAD ETCHOJOA,26.97865556,-109.6562833,3.1
1462,NICOLAS CEDANO TORRES,MEGACABLE,,(TZ-45) COMANDANCIA EL CORTIJO,29.14361389,-110.9862722,3.11
1653,LEONA VICARIO,COMPUENLACES,,(TZ-45) COMANDANCIA EL CORTIJO,29.14361389,-110.9862722,3.12
3070,SUPERIOR ESTATAL DE SONORA-UNIDAD ACADEMICA HERMOSILLO,TOTAL PLAY,,(TZ-45) COMANDANCIA EL CORTIJO,29.14361389,-110.9862722,3.13
3703,UNIVERSIDAD ESTATAL DE SONORA,TOTAL PLAY,5370,(TZ-45) COMANDANCIA EL CORTIJO,29.14361389,-110.9862722,3.13
3069,SUPERIOR ESTATAL DE SONORA-UNIDAD ACADEMICA HERMOSILLO,TOTAL PLAY,,(TZ-45) COMANDANCIA EL CORTIJO,29.14361389,-110.9862722,3.13
3071,SUPERIOR ESTATAL DE SONORA-UNIDAD ACADEMICA HERMOSILLO,MEGACABLE,,(TZ-45) COMANDANCIA EL CORTIJO,29.14361389,-110.9862722,3.13
3068,"SUPERIOR ESTATAL DE SONORA-UNIDAD ACADEMICA HERMOSILLO/COORD. INFORMATICA, ED. C.",TOTAL PLAY,,(TZ-45) COMANDANCIA EL CORTIJO,29.14361389,-110.9862722,3.13
3067,SUPERIOR ESTATAL DE SONORA-UNIDAD ACADEMICA HERMOSILLO,MEGACABLE,,(TZ-45) COMANDANCIA EL CORTIJO,29.14361389,-110.9862722,3.13
3490,USP - UNIVERSIDAD DE LA SEGURIDAD PUBLICA DEL ESTADO,MEGACABLE,,PLANTEL NUEVO HERMOSILLO,29.01221702,-110.9283082,3.13
2030,NARCIZO MENDOZA,RED SEC,,HOSPITAL GENERAL,26.842562,-109.641426,3.13
1935,EL NOPAL,RED SEC,,HOSPITAL GENERAL,26.842562,-109.641426,3.13
3686,SECRETARIA PARTICULAR,TELMEX,2404.31,BMXDGR,29.07631845,-110.9570658,3.14
3191,CENTRO DE SALUD FLORESTA,TELMEX,,CUM,29.10935986,-110.9936158,3.16
1142,JOSEFA ORTIZ DE DOMINGUEZ,RED SEC,,CENTRO DE SALUD BACOBAMPO,26.979011,-109.654255,3.19
1194,21 DE MARZO,RED SEC,,CENTRO DE SALUD BACOBAMPO,26.979011,-109.654255,3.19
2232,MONTESSORI,RED SEC,,CUARENTENARIA BAHUISES,27.127718,-109.469734,3.2
2325,18 DE MARZO,RED SEC,,CUARENTENARIA BAHUISES,27.127718,-109.469734,3.2
2330,ANAHUAC,RED SEC,,AGENCIA FISCAL,27.082605,-109.447167,3.2
2286,ISSAC NEWTON,RED SEC,,AGENCIA FISCAL,27.082605,-109.447167,3.2
2775,DR. JAIME TORRES BODET,TELNOR,,SAN LUIS RIO COLORADO,32.473614,-114.784344,3.2
599,6 DE ABRIL,RED SEC,,PLANTEL CABORCA,30.72412696,-112.1621881,3.2
1718,MARIANO AZUELA,TELMEX,,PLANTEL NUEVO HERMOSILLO,29.01221702,-110.9283082,3.21
3626,CENTRO ESTATAL DE TRASPLANTES,TELMEX,688.79,CESPEJO,29.09162451,-110.9754325,3.21
647,ESCUADRON 201,RED SEC,,PLANTEL CABORCA,30.72412696,-112.1621881,3.22
1409,ESCUELA SECUNDARIA TECNICA NUM. 38,TELMEX,,(TZ-45) TORRE SALUBRIDAD ETCHOJOA,26.97865556,-109.6562833,3.23
1584,HELIO CARLOS AGANZA MORENO,RED SEC,,(TZ-45) COMANDANCIA EL CORTIJO,29.14361389,-110.9862722,3.23
1888,PEDRO VAZQUEZ RUBIANO,MEGACABLE,,(TZ-45) COMANDANCIA EL CORTIJO,29.14361389,-110.9862722,3.25
2969,PLANTEL HERMOSILLO V,TOTAL PLAY,,C5 HERMOSILLO,29.06376,-111.048102,3.28
2421,TELESECUNDARIA 103,RED SEC,,CUARENTENARIA BAHUISES,27.127718,-109.469734,3.28
2343,CONQUISTA DE LA REVOLUCION,RED SEC,,CUARENTENARIA BAHUISES,27.127718,-109.469734,3.28
2228,EL ROSAL,RED SEC,,CUARENTENARIA BAHUISES,27.127718,-109.469734,3.28
3189,CENTRO DE SALUD URBANO Y ESTABILIZACION DE EMPALME,TELMEX,,(TZ-45) TORRE PALACIO MUNICIPAL EMPALME,27.95778611,-110.8157917,3.29
502,OVIDIO DECROLY,MEGACABLE,,PRIM PRESIDENTE MIGUEL ALEMAN DE EJ MIGUEL ALEMAN,27.498163,-110.115354,3.29
1672,JUAN BOURJAC,TELMEX,,C5 HERMOSILLO,29.06376,-111.048102,3.3
1763,JORGE HUMBERTO CHAVEZ FUENTES,TELMEX,,C5 NOGALES,31.29011,-110.951213,3.31
2608,EDELBERTO PADILLA SAMANIEGO,TELMEX,,C5 NOGALES,31.29011,-110.951213,3.32
512,JOSE MA MORELOS Y PAVON,MEGACABLE,,PRIM PRESIDENTE MIGUEL ALEMAN DE EJ MIGUEL ALEMAN,27.498163,-110.115354,3.32
2358,JOSE MA MORELOS,TELMEX,,(TZ-45) TORRE C4 VIEJO SEG PUBLICA,27.08036667,-109.4624361,3.33
3653,DIF SONORA,TELMEX,2320.31,(TZ-45) COMANDANCIA ZONA NORTE,29.11026111,-110.9913861,3.33
1219,GENERAL LAZARO CARDENAS DEL RIO,RED SEC,,CENTRO DE SALUD BACOBAMPO,26.979011,-109.654255,3.33
530,GENERAL ROMAN YOCUPICIO,MEGACABLE,,PRIM PRESIDENTE MIGUEL ALEMAN DE EJ MIGUEL ALEMAN,27.498163,-110.115354,3.34
908,RAFAEL AMAYA AMAYA,RED SEC,,HOSPITAL GENERAL DE OBREGON,27.4836,-109.955,3.34
1464,NETZAHUALCOYOTL,MEGACABLE,,(TZ-45) COMANDANCIA ZONA NORTE,29.11026111,-110.9913861,3.36
1743,LAURA ALICIA FRIAS DE LOPEZ NOGALES,TELMEX,,(TZ-45) COMANDANCIA ZONA NORTE,29.11026111,-110.9913861,3.37
1824,DR. MARCO AURELIO LARIOS RAMOS,TELMEX,,(TZ-45) COMANDANCIA ZONA NORTE,29.11026111,-110.9913861,3.38
2453,VILLA SONORA,RED SEC,,C5 NOGALES,31.29011,-110.951213,3.38
3476,ITAMA - HERMOSILLO II FEMENIL,TELMEX,,VSERIS,29.064011,-110.955496,3.4
1828,PROFA. LYDIA COTAQUE BARRIOS,TELMEX,,(TZ-45) COMANDANCIA ZONA NORTE,29.11026111,-110.9913861,3.4
1324,HEROES DE LA INDEPENDENCIA,RED SEC,,(TZ-60) TORRE CIF GUAYMAS,27.91950278,-110.9007333,3.4
3477,ITAMA - HERMOSILLO II FEMENIL,TELMEX,,VSERIS,29.064011,-110.955496,3.4
2714,LUIS DONALDO COLOSIO MURRIETA,TELNOR,,SAN LUIS RIO COLORADO,32.473614,-114.784344,3.41
3652,DIF SONORA,TELMEX,1085.1,PLANTEL NUEVO HERMOSILLO,29.01221702,-110.9283082,3.43
1741,FRANCISCO CASTILLO BLANCO,COMPUENLACES,,(TZ-45) CENTRO INTEGRAL PEI,29.09499722,-111.0287889,3.43
1759,LUCIO DE LA PAZ DELGADO,COMPUPROYECCIONES,,PLANTEL SAN LUIS RIO COLORADO,32.45172232,-114.751234,3.43
3649,DIF SONORA,TELMEX,892.73,(TZ-45) COMANDANCIA ZONA NORTE,29.11026111,-110.9913861,3.43
929,RAMONCITA GIL OSORIO,RED SEC,,SUBCENTRO (C5I) DE CD. OBREGON,27.5259889,-109.9303222,3.45
2761,IGNACIO ZARAGOZA,TELNOR,,SAN LUIS RIO COLORADO,32.473614,-114.784344,3.46
2120,BRAULIO RODRIGUEZ,GLOBALSAT,,IMURIS,30.793453,-110.846086,3.48
1186,BENITO JUAREZ,RED SEC,,CENTRO DE SALUD BACOBAMPO,26.979011,-109.654255,3.48
1180,JUSTO SIERRA,RED SEC,,(TZ-30) TORRE HOSPITAL GRAL. HUATABAMPO,26.84247222,-109.6411222,3.48
1100,EL BAYNORO,RED SEC,,(TZ-30) TORRE HOSPITAL GRAL. HUATABAMPO,26.84247222,-109.6411222,3.48
1356,CHIMAMPAC,INDEX,,PRIM EMILIANO ZAPATA DE EL CASTILLO,27.520371,-110.183333,3.48
1236,TELESECUNDARIA 184,RED SEC,,(TZ-30) TORRE HOSPITAL GRAL. HUATABAMPO,26.84247222,-109.6411222,3.48
3054,SUPERIOR TECNOLOGICA DE GUAYMAS,MEGACABLE,,(TZ-45) TORRE C5 GUAYMAS,27.94620556,-110.9342083,3.5
1486,CUAUHTEMOC,MEGACABLE,,PLANTEL NUEVO HERMOSILLO,29.01221702,-110.9283082,3.53
1651,GENERAL LAZARO CARDENAS DEL RIO,MEGACABLE,,AUFIS,29.06939286,-110.944628,3.55
1686,GENERAL ABELARDO L RODRIGUEZ,MEGACABLE,,CESPEJO,29.09162451,-110.9754325,3.58
520,MIGUEL HIDALGO,RED SEC,,CENTRO DE SALUD BACUM,27.5551,-110.085,3.6
498,JESUS GARCIA,RED SEC,,CENTRO DE SALUD BACUM,27.5551,-110.085,3.6
534,TELESECUNDARIA 146,RED SEC,,CENTRO DE SALUD BACUM,27.5551,-110.085,3.6
499,GOBERNADOR JESUS VALENZUELA,RED SEC,,CENTRO DE SALUD BACUM,27.5551,-110.085,3.6
1379,BELISARIO DOMINGUEZ,COMPUPROYECCIONES,,CENTRO DE SALUD DE FRANCISCO MARQUEZ,28.1576944,-110.5913889,3.63
673,JARDIN DE NIÑOS NUEVA CREACION,RED SEC,,PLANTEL CABORCA,30.72412696,-112.1621881,3.63
1327,MOLIERE,RED SEC,,(TZ-60) TORRE CIF GUAYMAS,27.91950278,-110.9007333,3.64
2988,PLANTEL OBREGON III,MEGACABLE,,C5I OBREGON,27.526008,-109.930316,3.67
1363,IGNACIO ALLENDE,TELMEX,,(TZ-60) TORRE CIF GUAYMAS,27.91950278,-110.9007333,3.69
2816,MARIA MENDOZA GOMEZ,MEGACABLE,,PLANTEL SAN LUIS RIO COLORADO,32.45172232,-114.751234,3.69
1214,16 DE SEPTIEMBRE,RED SEC,,PLANTEL ETCHOJOA,26.90807591,-109.6227125,3.7
1120,JU-WICHALACA,RED SEC,,PLANTEL ETCHOJOA,26.90807591,-109.6227125,3.7
1209,ESCUADRON 201,RED SEC,,CENTRO DE SALUD BACOBAMPO,26.979011,-109.654255,3.72
1243,TELESECUNDARIA 250,RED SEC,,CENTRO DE SALUD BACOBAMPO,26.979011,-109.654255,3.72
1146,IGNACIO L VALLARTA,RED SEC,,CENTRO DE SALUD BACOBAMPO,26.979011,-109.654255,3.72
1749,ESCUELA PRIMARIA NUEVA CREACION,MEGACABLE,,(TZ-45) CENTRO INTEGRAL PEI,29.09499722,-111.0287889,3.74
1454,JOSE MARIA GONZALEZ HERMOSILLO,TELMEX,,VSERIS,29.064011,-110.955496,3.76
1633,ENRIQUE C. REBSAMEN,TELMEX,,VSERIS,29.064011,-110.955496,3.76
1446,TELESECUNDARIA 331,RED SEC,,CERRO ONTEME,27.603578,-110.289613,3.8
1351,JUAN MALDONADO TETABIATE,RED SEC,,CERRO ONTEME,27.603578,-110.289613,3.8
1289,YOLKO WIKIT,RED SEC,,CERRO ONTEME,27.603578,-110.289613,3.8
1747,LUIS ARTURO PALMA MEZA,TELMEX,,(TZ-45) COMANDANCIA EL CORTIJO,29.14361389,-110.9862722,3.8
1458,ALFREDO E URUCHURTU,MEGACABLE,,AUFIS,29.06939286,-110.944628,3.81
1312,MARIA LUISA ALCOTT,RED SEC,,(TZ-60) TORRE CIF GUAYMAS,27.91950278,-110.9007333,3.82
1528,MAURICIO SAENZ BARRON,MEGACABLE,,CGOB,29.06763827,-110.9592655,3.83
1871,MANUEL RIOS Y RIOS,RED SEC,,VSERIS,29.064011,-110.955496,3.83
1737,ALVARO REMBAU FIGUEROA,COMPUENLACES,,(TZ-45) COMANDANCIA EL CORTIJO,29.14361389,-110.9862722,3.84
1887,MARIA CANDELARIA VANEGAS TREVOR,MEGACABLE,,CGOB,29.06763827,-110.9592655,3.85
3670,INSTITUTO SONORENSE PARA LA ATENCION DE LOS ADULTOS MAYORES,TELMEX,688.79,VSERIS,29.064011,-110.955496,3.89
1133,MAGICO,RED SEC,,(TZ-45) TORRE PALACIO MUNICIPAL  ETCHOJOA,26.911617,-109.625892,3.89
7,TELESECUNDARIA 92,TELMEX,,SAN FELIPE DE JESUS,29.858456,-110.243403,3.91
1673,21 DE MARZO,MEGACABLE,,CGOB,29.06763827,-110.9592655,3.91
4,BELEM M. DE GANDARA,TELMEX,,SAN FELIPE DE JESUS,29.858456,-110.243403,3.94
1392,LIC. ADOLFO LOPEZ MATEOS,TELMEX,,(TZ-60) TORRE CIF GUAYMAS,27.91950278,-110.9007333,3.95
1467,PROFR. HORACIO SORIA LARREA,MEGACABLE,,(TZ-45) CENTRO INTEGRAL PEI,29.09499722,-111.0287889,3.96
1081,MARIA CARO OLIVA,MEGACABLE,,(TZ-45) TORRE PALACIO MUNICIPAL EMPALME,27.95778611,-110.8157917,3.97
6,GENERAL FRANCISCO CONTRERAS,TELMEX,,SAN FELIPE DE JESUS,29.858456,-110.243403,3.98
2752,YOLANDA MUÑOZ MEZA,MEGACABLE,,PLANTEL SAN LUIS RIO COLORADO,32.45172232,-114.751234,3.99
703,SECUNDARIA GENERAL NUM. 8,TELMEX,,C5I OBREGON,27.526008,-109.930316,4
2971,PLANTEL CALIFORNIA,TOTAL PLAY,,(TZ-45) CENTRO INTEGRAL PEI,29.09499722,-111.0287889,4
1121,EL PROGRESO,RED SEC,,PRIM NIÑOS HEROES DE CAMPO ESPAÑA,26.990163,-109.708276,4.02
1184,CONSTITUCION,RED SEC,,PRIM NIÑOS HEROES DE CAMPO ESPAÑA,26.990163,-109.708276,4.02
1238,TELESECUNDARIA 229,RED SEC,,PRIM NIÑOS HEROES DE CAMPO ESPAÑA,26.990163,-109.708276,4.02
902,JOSE MARIA MAYTORENA TAPIA,RED SEC,,SUBCENTRO (C5I) DE CD. OBREGON,27.5259889,-109.9303222,4.06
37,JOSE VASCONCELOS,COMPUPROYECCIONES,,(TZ-45) TORRE SUBCENTRO C5 AGUA PRIETA,31.31913889,-109.5580556,4.07
1038,TELESECUNDARIA 77,TELMEX,,CUMPAS,29.998067,-109.775114,4.08
1161,REVOLUCION,RED SEC,,PLANTEL ETCHOJOA,26.90807591,-109.6227125,4.1
1109,EL ARROYITO,RED SEC,,PLANTEL ETCHOJOA,26.90807591,-109.6227125,4.1
1630,ESCUELA PRIMARIA NUEVA CREACION,COMPUENLACES,,(TZ-45) COMANDANCIA EL CORTIJO,29.14361389,-110.9862722,4.11
1611,MARIA MAGDALENA SPINDOLA GARCIA,TELMEX,,HOSPITAL GENERAL DE OBREGON,27.4836,-109.955,4.11
1175,HERMENEGILDO GALEANA,RED SEC,,(TZ-45) TORRE PALACIO MUNICIPAL  ETCHOJOA,26.911617,-109.625892,4.14
3198,CENTRO DE SALUD LOS OLIVOS,MEGACABLE,,VSERIS,29.064011,-110.955496,4.14
1110,CAPERUCITA ROJA,RED SEC,,(TZ-45) TORRE PALACIO MUNICIPAL  ETCHOJOA,26.911617,-109.625892,4.14
3195,CENTRO DE SALUD LAS MINITAS,MEGACABLE,,CGOB,29.06763827,-110.9592655,4.15
653,LAZARO CARDENAS DEL RIO,COMPUPROYECCIONES,,"(TZ-90) CECYTES ""Y""",30.805425,-112.7130333,4.16
2788,VICENTE GUERRERO,GLOBALSAT,,(TZ-45) SIN NOMBRE ESPECIFICADO,30.544323,-111.121223,4.16
2333,NARCISO MENDOZA,RED SEC,,CUARENTENARIA BAHUISES,27.127718,-109.469734,4.18
2424,TELESECUNDARIA 156,RED SEC,,CUARENTENARIA BAHUISES,27.127718,-109.469734,4.18
2230,MARIPOSITA,RED SEC,,CUARENTENARIA BAHUISES,27.127718,-109.469734,4.18
1119,UME-ILI OLAM,RED SEC,,PLANTEL ETCHOJOA,26.90807591,-109.6227125,4.2
1206,GENERAL FRANCISCO VILLA,RED SEC,,PLANTEL ETCHOJOA,26.90807591,-109.6227125,4.2
1113,LAS ESTRELLITAS,RED SEC,,(TZ-45) TORRE PALACIO MUNICIPAL  ETCHOJOA,26.911617,-109.625892,4.23
1244,TELESECUNDARIA 251,RED SEC,,(TZ-45) TORRE PALACIO MUNICIPAL  ETCHOJOA,26.911617,-109.625892,4.23
1159,JOSE MA MORELOS,RED SEC,,(TZ-45) TORRE PALACIO MUNICIPAL  ETCHOJOA,26.911617,-109.625892,4.23
1220,EMILIANO ZAPATA,RED SEC,,(TZ-45) TORRE PALACIO MUNICIPAL  ETCHOJOA,26.911617,-109.625892,4.24
1191,IGNACIO ALLENDE,RED SEC,,CENTRO DE SALUD BACOBAMPO,26.979011,-109.654255,4.24
1137,EL SOLECITO,RED SEC,,CENTRO DE SALUD BACOBAMPO,26.979011,-109.654255,4.24
1155,MARIANO ARISTA,RED SEC,,CENTRO DE SALUD BACOBAMPO,26.979011,-109.654255,4.24
1469,JUAN AGUILAR PEREZ,COMPUENLACES,,(TZ-45) COMANDANCIA EL CORTIJO,29.14361389,-110.9862722,4.24
1862,EMILIANO ZAPATA,RED SEC,,CERRO 7CERROS  / SITIO C5 HERMOSILLO,28.854599,-111.385835,4.25
1440,EZEQUIEL SILVAS LOPEZ,RED SEC,,CERRO 7CERROS  / SITIO C5 HERMOSILLO,28.854599,-111.385835,4.25
1472,LEONA VICARIO,RED SEC,,CERRO 7CERROS  / SITIO C5 HERMOSILLO,28.854599,-111.385835,4.25
2818,CARMEN RUIZ PAREDES,MEGACABLE,,PLANTEL SAN LUIS RIO COLORADO,32.45172232,-114.751234,4.31
3055,UNIVERSIDAD TECNOLOGICA DE ETCHOJOA,ENINETWORKS,,(TZ-45) TORRE SALUBRIDAD ETCHOJOA,26.97865556,-109.6562833,4.35
1414,ABELARDO L. RODRIGUEZ,RED SEC,,CERRO EL VIGIA,27.942091,-110.904878,4.36
1430,FRANCISCA MAYTORENA CAMPILLO,RED SEC,,CERRO EL VIGIA,27.942091,-110.904878,4.36
904,FELIPE ANGELES,MEGACABLE,,SUBCENTRO (C5I) DE CD. OBREGON,27.5259889,-109.9303222,4.38
1730,SANTIAGO FELIPE XICOTENCATL,RED SEC,,VSERIS,29.064011,-110.955496,4.39
509,PADRE DE LAS CASAS,RED SEC,,CENTRO DE SALUD BACUM,27.5551,-110.085,4.4
497,BATACONCICA,RED SEC,,CENTRO DE SALUD BACUM,27.5551,-110.085,4.4
1744,JESUS JOSE LOYA ABOYTIA,MEGACABLE,,CGOB,29.06763827,-110.9592655,4.43
2239,MI FAMILIA,RED SEC,,UNIVERSIDAD ESTATAL DE SONORA PLANTEL NAVOJOA,27.04738,-109.452824,4.46
898,JOSE VASCONCELOS,MEGACABLE,,C5I OBREGON,27.526008,-109.930316,4.52
2359,VICENTE GUERRERO,RED SEC,,UNIVERSIDAD ESTATAL DE SONORA PLANTEL NAVOJOA,27.04738,-109.452824,4.54
2235,EL GORRIONCITO,RED SEC,,UNIVERSIDAD ESTATAL DE SONORA PLANTEL NAVOJOA,27.04738,-109.452824,4.54
1245,TELESECUNDARIA 261,RED SEC,,(TZ-45) TORRE PALACIO MUNICIPAL  ETCHOJOA,26.911617,-109.625892,4.55
1108,SAHUARITO,RED SEC,,(TZ-45) TORRE PALACIO MUNICIPAL  ETCHOJOA,26.911617,-109.625892,4.58
3637,SERVICIOS DE SALUD DE SONORA,TELMEX,473.28,CGOB,29.06763827,-110.9592655,4.59
1567,MARGARITA URUCHURTU,MEGACABLE,,CGOB,29.06763827,-110.9592655,4.59
2524,FRIDA KAHLO,RED SEC,,C5 NOGALES,31.29011,-110.951213,4.6
1183,5 DE MAYO,RED SEC,,CENTRO DE SALUD BACOBAMPO,26.979011,-109.654255,4.62
1122,PERIQUITO,RED SEC,,CENTRO DE SALUD BACOBAMPO,26.979011,-109.654255,4.62
3050,PLANTEL NAVOJOA,TELMEX,,(TZ-45) TORRE UES,27.04737222,-109.4524333,4.68
2222,EL RANCHITO,RED SEC,,CUARENTENARIA BAHUISES,27.127718,-109.469734,4.71
2341,EL NIGROMANTE,RED SEC,,CUARENTENARIA BAHUISES,27.127718,-109.469734,4.71
2425,TELESECUNDARIA 195,RED SEC,,CUARENTENARIA BAHUISES,27.127718,-109.469734,4.71
1723,VENUSTIANO CARRANZA,MEGACABLE,,VSERIS,29.064011,-110.955496,4.72
1106,ESPERANZA,RED SEC,,PRIM INDIGENA DEL MAYO DE JUCHICA,27.083333,-109.646555,4.77
1231,TELESECUNDARIA 129,RED SEC,,PRIM INDIGENA DEL MAYO DE JUCHICA,27.083333,-109.646555,4.77
1188,EMILIANO ZAPATA,RED SEC,,PRIM INDIGENA DEL MAYO DE JUCHICA,27.083333,-109.646555,4.77
1212,EMILIANO ZAPATA,RED SEC,,PRIM NIÑOS HEROES DE CAMPO ESPAÑA,26.990163,-109.708276,4.81
3739,INSTITUTO SONORENSE DE CULTURA,TELMEX,473.28,VILLA PESQUEIRA,29.118272,-109.969133,4.88
3740,INSTITUTO SONORENSE DE CULTURA,TELMEX,473.28,VILLA PESQUEIRA,29.118272,-109.969133,4.88
3738,INSTITUTO SONORENSE DE CULTURA,TELMEX,473.28,VILLA PESQUEIRA,29.118272,-109.969133,4.88
3737,INSTITUTO SONORENSE DE CULTURA,TELMEX,473.28,VILLA PESQUEIRA,29.118272,-109.969133,4.88
2322,ALFONSO CRUZ DELGADO,RED SEC,,CUARENTENARIA BAHUISES,27.127718,-109.469734,4.89
2215,U-PARISEERO,RED SEC,,CUARENTENARIA BAHUISES,27.127718,-109.469734,4.89
1425,PETRA L DE RODRIGUEZ,RED SEC,,(TZ-45) TORRE VIGIA GUAYMAS,27.942091,-110.904878,4.91
969,TELESECUNDARIA 15,TELMEX,,SUBCENTRO (C5I) DE CD. OBREGON,27.5259889,-109.9303222,4.91
1437,TELESECUNDARIA 124,RED SEC,,(TZ-45) TORRE VIGIA GUAYMAS,27.942091,-110.904878,4.91
1321,ADOLFO RUIZ CORTINES,RED SEC,,CERRO EL VIGIA,27.942091,-110.904878,4.91
2486,MAXTIA JIAPSIPO,RED SEC,,C5 NOGALES,31.29011,-110.951213,4.91
948,REVOLUCION NUM. 1,TELMEX,,HOSPITAL GENERAL DE OBREGON,27.4836,-109.955,4.93
1893,GILDARDO ERNESTO CORDOVA VILLEGAS,MEGACABLE,,PLANTEL NUEVO HERMOSILLO,29.01221702,-110.9283082,5.04
2979,PLANTEL NOGALES,TOTAL PLAY,,C5 NOGALES,31.29011,-110.951213,5.07
1234,TELESECUNDARIA 134,RED SEC,,(TZ-45) TORRE PALACIO MUNICIPAL  ETCHOJOA,26.911617,-109.625892,5.11
1099,EL MANGUITO,RED SEC,,(TZ-45) TORRE PALACIO MUNICIPAL  ETCHOJOA,26.911617,-109.625892,5.11
1202,FRANCISCO I. MADERO,RED SEC,,(TZ-45) TORRE PALACIO MUNICIPAL  ETCHOJOA,26.911617,-109.625892,5.11
823,RICARDO FLORES MAGON,RED SEC,,(TZ-45) PALACIO MUNICIPAL BACUM,27.54989167,-110.083075,5.12
3488,ITAMA - SAN LUIS RIO COLORADO,TELMEX,,PLANTEL SAN LUIS RIO COLORADO,32.45172232,-114.751234,5.12
3489,ITAMA - SAN LUIS RIO COLORADO,TELMEX,,PLANTEL SAN LUIS RIO COLORADO,32.45172232,-114.751234,5.12
971,TELESECUNDARIA 18,RED SEC,,(TZ-45) PALACIO MUNICIPAL BACUM,27.54989167,-110.083075,5.12
752,ALEJANDRO VOLTA,RED SEC,,(TZ-45) PALACIO MUNICIPAL BACUM,27.54989167,-110.083075,5.12
1241,TELESECUNDARIA 248,RED SEC,,CENTRO DE SALUD RURAL DE BUAYSIACOBE,27.05884,-109.68408,5.13
1123,EL NARANJO,RED SEC,,CENTRO DE SALUD RURAL DE BUAYSIACOBE,27.05884,-109.68408,5.13
1192,ESTADO DE MICHOACAN,RED SEC,,CENTRO DE SALUD RURAL DE BUAYSIACOBE,27.05884,-109.68408,5.13
2759,20 DE NOVIEMBRE,TELNOR,,SAN LUIS RIO COLORADO,32.473614,-114.784344,5.18
2307,MANUEL AVILA CAMACHO,RED SEC,,CUARENTENARIA BAHUISES,27.127718,-109.469734,5.25
2249,MI PRIMERA LUZ,RED SEC,,CUARENTENARIA BAHUISES,27.127718,-109.469734,5.25
2623,ESCUELA SECUNDARIA TECNICA ESTATAL NUM. 13,TELMEX,,SUBCENTRO (C5I) DE CD. OBREGON,27.5259889,-109.9303222,5.29
1701,EL NIÑO CAMPESINO,RED SEC,,C5 HERMOSILLO,29.06376,-111.048102,5.31
1145,LUIS G URBINA,INDEX,,CENTRO DE SALUD BACOBAMPO,26.979011,-109.654255,5.31
1058,RAMON MARTINEZ CORRAL,RED SEC,,CENTRO DE SALUD BACOBAMPO,26.979011,-109.654255,5.31
1229,LIC. HORACIO SOBARZO,INDEX,,CENTRO DE SALUD BACOBAMPO,26.979011,-109.654255,5.31
2223,LA PECHITA,RED SEC,,CUARENTENARIA BAHUISES,27.127718,-109.469734,5.32
2776,TOPAHUE,TELNOR,,PLANTEL SAN LUIS RIO COLORADO,32.45172232,-114.751234,5.39
1326,JACINTO BENAVENTE,RED SEC,,(TZ-60) TORRE CIF GUAYMAS,27.91950278,-110.9007333,5.45
2413,ADELAIDA E DE FELIX,TELMEX,,PRIM AQUILES SERDAN DE LA POTABLE,26.878814,-109.448692,5.46
1470,ESCUELA SECUNDARIA TECNICA NUM. 45,TELMEX,,PRIM AQUILES SERDAN DE LA POTABLE,26.878814,-109.448692,5.46
2022,JOSE MA MORELOS,RED SEC,,HOSPITAL GENERAL,26.842562,-109.641426,5.49
1282,TELESECUNDARIA 362,GLOBALSAT,,(TZ-45) TORRE COMANDANCIA SONOYTA,31.864325,-112.8494722,5.49
2159,EMILIANO ZAPATA,GLOBALSAT,,MAGDALENA,30.632581,-110.978589,5.51
2962,TELESECUNDARIA 224,COMPUPROYECCIONES,,CERRO CAMPANERO  2,28.375794,-109.033189,5.54
2834,TELESECUNDARIA 235,COMPUPROYECCIONES,,CARRIZO,29.345094,-110.746816,5.57
2828,ISMAEL S QUIROGA,COMPUPROYECCIONES,,CARRIZO,29.345094,-110.746816,5.57
867,GUADALUPE VICTORIA,RED SEC,,PLANTEL OBREGON II,27.44298964,-109.9249233,5.62
2057,13 DE ENERO,INDEX,,PRIM MARIANO MATAMOROS DE EJ MANUEL CAUDILLO,26.490564,-109.086278,5.62
2029,JOSEFA ORTIZ DE DOMINGUEZ,RED SEC,,HOSPITAL GENERAL,26.842562,-109.641426,5.62
983,TELESECUNDARIA 288,RED SEC,,PLANTEL OBREGON II,27.44298964,-109.9249233,5.62
1931,LOS FRUTITOS,RED SEC,,HOSPITAL GENERAL,26.842562,-109.641426,5.67
2031,GREGORIO TORRES QUINTERO,RED SEC,,HOSPITAL GENERAL,26.842562,-109.641426,5.67
2365,GUADALUPE VICTORIA,RED SEC,,UNIVERSIDAD ESTATAL DE SONORA PLANTEL NAVOJOA,27.04738,-109.452824,5.68
2010,GENERAL FRANCISCO VILLA,RED SEC,,HOSPITAL GENERAL,26.842562,-109.641426,5.68
2236,LA TORTUGUITA,RED SEC,,UNIVERSIDAD ESTATAL DE SONORA PLANTEL NAVOJOA,27.04738,-109.452824,5.68
2887,TELESECUNDARIA 48,COMPUPROYECCIONES,,COMISARIA DE SAN ANTONIO DE LA HUERTA,28.62997,-109.61075,5.7
1344,FRANCISCO I. MADERO,INDEX,,CENTRO DE SALUD VICAM,27.647,-110.296,5.73
1207,NIÑOS HEROES,TELMEX,,CENTRO DE SALUD BACOBAMPO,26.979011,-109.654255,5.78
1221,ANTONIO VILLARREAL CEBREROS,TELMEX,,C5I OBREGON,27.526008,-109.930316,5.79
3482,ITAMA - COCORIT,TELMEX,,C5I OBREGON,27.526008,-109.930316,5.84
2346,NETZAHUALCOYOTL,RED SEC,,CUARENTENARIA BAHUISES,27.127718,-109.469734,5.84
2422,TELESECUNDARIA 109,RED SEC,,CUARENTENARIA BAHUISES,27.127718,-109.469734,5.84
2247,ROSARIO CASTELLANOS,RED SEC,,UNIVERSIDAD DE SONORA  CAMPUS NAVOJOA,27.074257,-109.429382,5.84
2327,ALFREDO DEL MAZO,RED SEC,,UNIVERSIDAD DE SONORA  CAMPUS NAVOJOA,27.074257,-109.429382,5.84
2244,EL SONADOR,RED SEC,,CUARENTENARIA BAHUISES,27.127718,-109.469734,5.84
2076,PROF. MANUEL ROBLES TOVAR,MEGACABLE,,C5I OBREGON,27.526008,-109.930316,5.93
1354,LAZARO CARDENAS,INDEX,,ONTEME,27.60383333,-110.2893778,5.93
1402,ESCUELA SECUNDARIA TECNICA NUM. 32,TELMEX,,PRIM LEONA VICARIO DE MAYTORENA,28.075694,-110.747167,5.95
749,FRANZ HAYDN,RED SEC,,PRIM PRESIDENTE MIGUEL ALEMAN DE EJ MIGUEL ALEMAN,27.498163,-110.115354,5.95
1068,JOSE MA MORELOS,TELMEX,,PRIM LEONA VICARIO DE MAYTORENA,28.075694,-110.747167,5.95
824,JESUS GARCIA,RED SEC,,PRIM PRESIDENTE MIGUEL ALEMAN DE EJ MIGUEL ALEMAN,27.498163,-110.115354,5.95
1689,FORD 96,RED SEC,,(TZ-45) TORRE COMANDANCIA MUNICIPAL,28.84294167,-111.4898444,5.96
3287,CENTRO DE SALUD RURAL LA ATRAVEZADA,TELMEX,,PRIM LEONA VICARIO DE MAYTORENA,28.075694,-110.747167,6.06
750,20 DE NOVIEMBRE,RED SEC,,HOSPITAL GENERAL DE OBREGON,27.4836,-109.955,6.12
849,5 DE FEBRERO,RED SEC,,HOSPITAL GENERAL DE OBREGON,27.4836,-109.955,6.12
946,RUFFO E VITELA,MEGACABLE,,C5I OBREGON,27.526008,-109.930316,6.13
1182,EDO DE VERACRUZ,RED SEC,,PLANTEL ETCHOJOA,26.90807591,-109.6227125,6.13
1117,U-ILI-SEE,RED SEC,,PLANTEL ETCHOJOA,26.90807591,-109.6227125,6.13
522,JOSE MARIA MORELOS,RED SEC,,(TZ-45) PALACIO MUNICIPAL BACUM,27.54989167,-110.083075,6.19
924,JUAN ENRIQUE PESTALOZZI,MEGACABLE,,SUBCENTRO (C5I) DE CD. OBREGON,27.5259889,-109.9303222,6.2
2000,PLAN DE AYALA,RED SEC,,(TZ-30) TORRE HOSPITAL GRAL. HUATABAMPO,26.84247222,-109.6411222,6.23
1944,LA SIEMBRITA,RED SEC,,(TZ-30) TORRE HOSPITAL GRAL. HUATABAMPO,26.84247222,-109.6411222,6.23
2109,10 DE MAYO,TELMEX,,SIN NOMBRE ESPECIFICADO,29.858508,-110.24346,6.25
3190,CENTRO DE SALUD ESPERANZA,MEGACABLE,,TORRE C4,27.52598056,-109.9302889,6.26
944,CLOTILDE FLORES,MEGACABLE,,SUBCENTRO (C5I) DE CD. OBREGON,27.5259889,-109.9303222,6.26
863,CAMARA JUNIOR,TELMEX,,SUBCENTRO (C5I) DE CD. OBREGON,27.5259889,-109.9303222,6.28
1059,LUIS ALFONSO FRANCO AGUAYO,MEGACABLE,,PLANTEL PUEBLO YAQUI,27.35232762,-110.0380822,6.28
851,MARIANO MATAMOROS,RED SEC,,(TZ-45) PALACIO MUNICIPAL BACUM,27.54989167,-110.083075,6.28
1185,BELISARIO DOMINGUEZ,RED SEC,,CENTRO DE SALUD BACOBAMPO,26.979011,-109.654255,6.34
1156,SEVERIANO TALAMANTE,RED SEC,,CENTRO DE SALUD BACOBAMPO,26.979011,-109.654255,6.34
2920,FRANCISCO I. MADERO,TELMEX,,H. AYUNTAMIENTO DE URES,29.42809,-110.38989,6.36
2201,TELESECUNDARIA 170,COMPUPROYECCIONES,,PALACIO MUNICIPAL DE NACORI CHICO,29.68636,-108.97802,6.39
2124,JESUS GARCIA,TELMEX,,(TZ-30) TORRE CERESO,30.67032222,-110.9166611,6.41
2435,TELESECUNDARIA 367,RED SEC,,(TZ-45) TORRE C4 VIEJO SEG PUBLICA,27.08036667,-109.4624361,6.45
2342,IGNACIO MANUEL ALTAMIRANO,RED SEC,,(TZ-45) TORRE C4 VIEJO SEG PUBLICA,27.08036667,-109.4624361,6.45
2213,EL RANCHITO,RED SEC,,(TZ-45) TORRE C4 VIEJO SEG PUBLICA,27.08036667,-109.4624361,6.45
1195,HIMNO NACIONAL,RED SEC,,PRIM INDIGENA DEL MAYO DE JUCHICA,27.083333,-109.646555,6.45
1101,JARDIN DE NIÑOS NUEVA CREACION,RED SEC,,PRIM INDIGENA DEL MAYO DE JUCHICA,27.083333,-109.646555,6.45
1178,BENITO JUAREZ,RED SEC,,(TZ-45) TORRE PALACIO MUNICIPAL  ETCHOJOA,26.911617,-109.625892,6.46
1102,EL GUAYABITO,RED SEC,,(TZ-45) TORRE PALACIO MUNICIPAL  ETCHOJOA,26.911617,-109.625892,6.46
1237,TELESECUNDARIA 194,RED SEC,,(TZ-45) TORRE PALACIO MUNICIPAL  ETCHOJOA,26.911617,-109.625892,6.46
2011,LAZARO CARDENAS,RED SEC,,(TZ-30) TORRE HOSPITAL GRAL. HUATABAMPO,26.84247222,-109.6411222,6.46
3589,DIRECCION GENERAL DE REGISTRO CIVIL,TELMEX,343.97,C5I OBREGON,27.526008,-109.930316,6.48
173,TELESECUNDARIA 31,COMPUPROYECCIONES,,(TZ-45) TORRE COMANDANCIA MUNICIPAL ALAMOS,27.03949722,-108.9448583,6.51
1222,ALEJANDRO CARRILLO DURON,TELMEX,,SIN NOMBRE ESPECIFICADO,29.858508,-110.24346,6.54
3457,MODULO HUEPAC,TELMEX,,SIN NOMBRE ESPECIFICADO,29.858508,-110.24346,6.55
1444,TELESECUNDARIA 287,GLOBALSAT,,ONTEME,27.60383333,-110.2893778,6.56
1211,NARCISO MENDOZA,RED SEC,,CENTRO DE SALUD BACOBAMPO,26.979011,-109.654255,6.57
809,LIC. ALBERTO FLORES URBINA,MEGACABLE,,C5I OBREGON,27.526008,-109.930316,6.6
1205,LAZARO CARDENAS DEL RIO,RED SEC,,HOSPITAL GENERAL,26.842562,-109.641426,6.61
1098,LA ESPINITA,RED SEC,,HOSPITAL GENERAL,26.842562,-109.641426,6.61
829,EMILIANO ZAPATA,RED SEC,,CABAÑAS,27.44756,-109.778307,6.69
1603,EVELIO ESCALANTE ANTE,COMPUPROYECCIONES,,PRIM ADOLFO LOPEZ MATEOS DE EJ JOAQUIN AMARO,27.258411,-109.761846,6.71
2302,AGUILUCHOS DEL PACIFICO,RED SEC,,CUARENTENARIA BAHUISES,27.127718,-109.469734,6.72
2221,LA COMARCA,RED SEC,,CUARENTENARIA BAHUISES,27.127718,-109.469734,6.72
187,TELESECUNDARIA 295,COMPUPROYECCIONES,,(TZ-45) TORRE COMANDANCIA MUNICIPAL ALAMOS,27.03949722,-108.9448583,6.81
831,GENERAL FRUCTUOSO MENDEZ,MEGACABLE,,SUBCENTRO (C5I) DE CD. OBREGON,27.5259889,-109.9303222,6.84
847,JAIME NUNO,RED SEC,,PLANTEL OBREGON II,27.44298964,-109.9249233,6.85
1413,JUAN ALDAMA,RED SEC,,(TZ-45) TORRE VIGIA GUAYMAS,27.942091,-110.904878,7.07
761,XICOTENCATL,RED SEC,,(TZ-45) PALACIO MUNICIPAL BACUM,27.54989167,-110.083075,7.07
1386,FRANCISCO I. MADERO,RED SEC,,CERRO EL VIGIA,27.942091,-110.904878,7.07
968,TELESECUNDARIA 14,RED SEC,,(TZ-45) PALACIO MUNICIPAL BACUM,27.54989167,-110.083075,7.07
883,EMILIANO ZAPATA,RED SEC,,(TZ-45) PALACIO MUNICIPAL BACUM,27.54989167,-110.083075,7.07
2656,TELESECUNDARIA 332,COMPUPROYECCIONES,,ROSARIO,27.850747,-109.365744,7.12
1328,ENRIQUE GONZALEZ MARTINEZ,RED SEC,,(TZ-45) TORRE C5 GUAYMAS,27.94620556,-110.9342083,7.13
2923,GUADALUPE SOTO SANCHEZ,RED SEC,,(TZ-45) TORRE C5 GUAYMAS,27.94620556,-110.9342083,7.13
1958,BATWE,RED SEC,,(TZ-30) TORRE HOSPITAL GRAL. HUATABAMPO,26.84247222,-109.6411222,7.13
1383,EMILIANO ZAPATA,RED SEC,,(TZ-45) TORRE C5 GUAYMAS,27.94620556,-110.9342083,7.13
2037,EMILIANO ZAPATA,RED SEC,,(TZ-30) TORRE HOSPITAL GRAL. HUATABAMPO,26.84247222,-109.6411222,7.13
3,AMADO NERVO,COMPUPROYECCIONES,,BAVIACORA,29.715211,-110.165078,7.16
866,IGNACIO ZARAGOZA,RED SEC,,(TZ-30) TORRE PUEBLO YAQUI,27.35423611,-110.035575,7.27
2034,RICARDO FLORES MAGON,RED SEC,,HOSPITAL GENERAL,26.842562,-109.641426,7.28
2256,JUAN DE LA BARRERA,RED SEC,,UNIVERSIDAD DE SONORA  CAMPUS NAVOJOA,27.074257,-109.429382,7.29
2337,GENERAL BENJAMIN HILL,RED SEC,,UNIVERSIDAD DE SONORA  CAMPUS NAVOJOA,27.074257,-109.429382,7.29
1968,IN ANIA,RED SEC,,HOSPITAL GENERAL,26.842562,-109.641426,7.35
1981,RICARDO FLORES MAGON,RED SEC,,HOSPITAL GENERAL,26.842562,-109.641426,7.35
1933,LOS ALAMITOS,RED SEC,,HOSPITAL GENERAL,26.842562,-109.641426,7.35
1621,ESCUELA SECUNDARIA TECNICA NUM. 63,COMPUPROYECCIONES,,HOSPITAL GENERAL,26.842562,-109.641426,7.35
2016,ESCUELA PRIMARIA NUEVA CREACION,RED SEC,,PRIM AQUILES SERDAN DE LA POTABLE,26.878814,-109.448692,7.36
2025,TIERRA Y LIBERTAD,RED SEC,,HOSPITAL GENERAL,26.842562,-109.641426,7.4
1942,LA ALEGRIA,RED SEC,,(TZ-30) TORRE HOSPITAL GRAL. HUATABAMPO,26.84247222,-109.6411222,7.4
886,NIÑOS HEROES,RED SEC,,CABAÑAS,27.44756,-109.778307,7.42
1176,PIPILA,RED SEC,,CENTRO DE SALUD BACOBAMPO,26.979011,-109.654255,7.48
1410,EDUARDO SALCIDO CELAYA,TELMEX,,H. AYUNTAMIENTO DE URES,29.42809,-110.38989,7.48
2915,EMILIANO ZAPATA,TELMEX,,H. AYUNTAMIENTO DE URES,29.42809,-110.38989,7.48
2500,GENERAL VICENTE GUERRERO,COMPUPROYECCIONES,,(TZ-60) TORRE ISSSTESON,31.29834167,-110.9137,7.49
1200,GENERAL LAZARO CARDENAS,RED SEC,,PRIM 20 DE NOVIEMBRE DE BACAJAQUIA,27.074443,-109.65144,7.52
1114,EL INDITO,RED SEC,,PRIM 20 DE NOVIEMBRE DE BACAJAQUIA,27.074443,-109.65144,7.52
2023,ESTADO DE PUEBLA,RED SEC,,HOSPITAL GENERAL,26.842562,-109.641426,7.67
1954,EL CARITO,RED SEC,,HOSPITAL GENERAL,26.842562,-109.641426,7.67
2308,IGNACIO JOSE ALLENDE,RED SEC,,CUARENTENARIA BAHUISES,27.127718,-109.469734,7.68
2340,DAMIAN CARMONA,RED SEC,,CUARENTENARIA BAHUISES,27.127718,-109.469734,7.7
2242,LA PALOMA,RED SEC,,CUARENTENARIA BAHUISES,27.127718,-109.469734,7.7
1097,TELESECUNDARIA 374,COMPUPROYECCIONES,,PRIM NIÑOS HEROES DE EJ JUNELANCAHUI,28.069167,-110.548444,7.72
1040,TELESECUNDARIA 79,COMPUPROYECCIONES,,CUMPAS,29.998067,-109.775114,7.79
1390,PLUTARCO ELIAS CALLES,COMPUPROYECCIONES,,CENTRO DE SALUD DE FRANCISCO MARQUEZ,28.1576944,-110.5913889,7.8
2972,PLANTEL BAHIA DE KINO,TELMEX,,(TZ-90) COMANDANCIA MUNICIPAL,28.857675,-112.0139167,7.8
2042,MELCHOR OCAMPO,RED SEC,,(TZ-30) TORRE HOSPITAL GRAL. HUATABAMPO,26.84247222,-109.6411222,7.82
2093,TELESECUNDARIA 117,RED SEC,,(TZ-30) TORRE HOSPITAL GRAL. HUATABAMPO,26.84247222,-109.6411222,7.82
1957,MOTCHIK,RED SEC,,(TZ-30) TORRE HOSPITAL GRAL. HUATABAMPO,26.84247222,-109.6411222,7.82
2,GENERAL FRANCISCO CONTRERAS B,TELMEX,,SAN LUIS RIO COLORADO,29.858456,-110.243403,7.87
2628,FERMIN TRUJILLO FUENTES,TELMEX,,(TZ-90) COMANDANCIA MUNICIPAL,28.857675,-112.0139167,7.9
3024,"CECYTE, JUPARE",COMPUPROYECCIONES,,HOSPITAL GENERAL,26.842562,-109.641426,7.96
2793,MARIA TERESA HINOJOSA DE OCHOA,RED SEC,,AUFIS,29.06939286,-110.944628,7.97
186,TELESECUNDARIA 294,COMPUPROYECCIONES,,(TZ-45) TORRE COMANDANCIA MUNICIPAL ALAMOS,27.03949722,-108.9448583,7.97
1494,EL SABER,RED SEC,,HOSPITAL GENERAL,26.842562,-109.641426,8.01
2024,LAZARO CARDENAS,RED SEC,,HOSPITAL GENERAL,26.842562,-109.641426,8.01
1346,COMANDANTE FRANCISCO URBALEJO,RED SEC,,ONTEME,27.60383333,-110.2893778,8.02
2339,BENITO JUAREZ,RED SEC,,(TZ-45) TORRE C4 VIEJO SEG PUBLICA,27.08036667,-109.4624361,8.04
2220,LA ESPINITA,RED SEC,,(TZ-45) TORRE C4 VIEJO SEG PUBLICA,27.08036667,-109.4624361,8.04
2418,TELESECUNDARIA 37,RED SEC,,(TZ-45) TORRE C4 VIEJO SEG PUBLICA,27.08036667,-109.4624361,8.04
1644,PIPILA,RED SEC,,CERRO CEMENTERA,29.061306,-110.941472,8.1
1890,DISTRIBUIDORES NISSAN 47-1,TELMEX,,(TZ-90) COMANDANCIA MUNICIPAL,28.857675,-112.0139167,8.1
1859,LAZARO CARDENAS,TELMEX,,(TZ-90) COMANDANCIA MUNICIPAL,28.857675,-112.0139167,8.13
2305,PROF. SALVADOR RUIZ MEJIA,RED SEC,,CUARENTENARIA BAHUISES,27.127718,-109.469734,8.18
2250,LA LAGUNITA,RED SEC,,CUARENTENARIA BAHUISES,27.127718,-109.469734,8.18
2326,DANIEL DELGADILLO,RED SEC,,UNIVERSIDAD ESTATAL DE SONORA PLANTEL NAVOJOA,27.04738,-109.452824,8.21
2429,TELESECUNDARIA 262,RED SEC,,UNIVERSIDAD ESTATAL DE SONORA PLANTEL NAVOJOA,27.04738,-109.452824,8.21
2219,EL CHINITO,RED SEC,,UNIVERSIDAD ESTATAL DE SONORA PLANTEL NAVOJOA,27.04738,-109.452824,8.21
1825,JULIO GARCIA GONZALEZ,TELMEX,,(TZ-90) COMANDANCIA MUNICIPAL,28.857675,-112.0139167,8.23
1152,SILVESTRE REVUELTAS,RED SEC,,PRIM 20 DE NOVIEMBRE DE BACAJAQUIA,27.074443,-109.65144,8.24
1215,EL CAMPESINO,RED SEC,,PRIM 20 DE NOVIEMBRE DE BACAJAQUIA,27.074443,-109.65144,8.24
2335,HEROES DE SAHUARIPA,RED SEC,,(TZ-45) TORRE C4 VIEJO SEG PUBLICA,27.08036667,-109.4624361,8.28
693,TELESECUNDARIA 369,COMPUPROYECCIONES,,"(TZ-90) CECYTES ""Y""",30.805425,-112.7130333,8.3
552,TELESECUNDARIA 373,COMPUPROYECCIONES,,TELESECUNDARIA NO. 255 DE SAN MIGUELITO,30.516485,-108.969837,8.39
548,BENITO JUAREZ GARCIA,COMPUPROYECCIONES,,TELESECUNDARIA NO. 255 DE SAN MIGUELITO,30.516485,-108.969837,8.39
2849,FLAVIA GALLEGOS PERALTA,GLOBALSAT,,(TZ-45) SIN NOMBRE ESPECIFICADO,30.544323,-111.121223,8.44
2014,FELIPE ANGUAMEA PALMA,RED SEC,,(TZ-30) TORRE HOSPITAL GRAL. HUATABAMPO,26.84247222,-109.6411222,8.47
1952,ILI-SIA,RED SEC,,HOSPITAL GENERAL,26.842562,-109.641426,8.47
972,TELESECUNDARIA 19,TELMEX,,(TZ-30) TORRE PUEBLO YAQUI,27.35423611,-110.035575,8.54
209,TELESECUNDARIA 279,TELMEX,,(TZ-45) COMANDANCIA DE POLICIA,30.70384167,-111.8277278,8.66
1951,ILI-KETWEYO,RED SEC,,(TZ-30) TORRE HOSPITAL GRAL. HUATABAMPO,26.84247222,-109.6411222,8.74
2048,MIGUEL HIDALGO,RED SEC,,(TZ-30) TORRE HOSPITAL GRAL. HUATABAMPO,26.84247222,-109.6411222,8.74
1705,U-TAA,RED SEC,,(TZ-30) TORRE HOSPITAL GRAL. HUATABAMPO,26.84247222,-109.6411222,8.74
1105,U-ILI-AQUI,RED SEC,,PRIM INDIGENA DEL MAYO DE JUCHICA,27.083333,-109.646555,8.74
1204,GILBERTO R LIMON,RED SEC,,PRIM INDIGENA DEL MAYO DE JUCHICA,27.083333,-109.646555,8.74
1671,5 DE MAYO,COMPUPROYECCIONES,,CARRIZO,29.345094,-110.746816,8.75
1965,JUAN CAMPOY VALENZUELA,RED SEC,,HOSPITAL GENERAL,26.842562,-109.641426,8.77
2821,TELESECUNDARIA 282,COMPUPROYECCIONES,,SAN LUIS RIO COLORADO,32.473614,-114.784344,8.78
2375,GENERAL EMILIANO ZAPATA,RED SEC,,CUARENTENARIA BAHUISES,27.127718,-109.469734,8.84
1905,TELESECUNDARIA 185,RED SEC,,CERRO 7CERROS  / SITIO C5 HERMOSILLO,28.854599,-111.385835,8.87
1660,GENERAL ABELARDO L RODRIGUEZ,RED SEC,,CERRO 7CERROS  / SITIO C5 HERMOSILLO,28.854599,-111.385835,8.87
1970,III PARASIM,RED SEC,,HOSPITAL GENERAL,26.842562,-109.641426,8.88
1959,LA VEREDITA,RED SEC,,HOSPITAL GENERAL,26.842562,-109.641426,8.89
1998,NICOLAS BRAVO,INDEX,,HOSPITAL GENERAL,26.842562,-109.641426,8.89
1168,EMILIANO ZAPATA,RED SEC,,PRIM INDIGENA DEL MAYO DE JUCHICA,27.083333,-109.646555,8.9
1103,U-ILI TO-TO-RO-ORA,RED SEC,,PRIM INDIGENA DEL MAYO DE JUCHICA,27.083333,-109.646555,9
1187,CRISTOBAL COLON,RED SEC,,PRIM INDIGENA DEL MAYO DE JUCHICA,27.083333,-109.646555,9
1287,VICENTE BUITIMEA,RED SEC,,CENTRO DE SALUD VICAM,27.647,-110.296,9.02
1349,RAFAEL RAMIREZ,RED SEC,,CENTRO DE SALUD VICAM,27.647,-110.296,9.02
2026,PROF. ALVARO OBREGON,RED SEC,,HOSPITAL GENERAL,26.842562,-109.641426,9.03
1607,ESCUELA SECUNDARIA TECNICA NUM. 50,RED SEC,,HOSPITAL GENERAL,26.842562,-109.641426,9.05
1019,TELESECUNDARIA 214,COMPUPROYECCIONES,,TORRE ELENITA,31.00504444,-110.3799139,9.14
1932,LOS JUGUETITOS,RED SEC,,(TZ-30) TORRE HOSPITAL GRAL. HUATABAMPO,26.84247222,-109.6411222,9.38
3478,ITAMA - GMASS,TELMEX,,AUFIS,29.06939286,-110.944628,9.4
2922,EMILIO CARRANZA,TELMEX,,H. AYUNTAMIENTO DE URES,29.42809,-110.38989,9.42
1364,VICENTE SUAREZ,COMPUPROYECCIONES,,CENTRO DE SALUD DE FRANCISCO MARQUEZ,28.1576944,-110.5913889,9.53
1242,TELESECUNDARIA 249,RED SEC,,PRIM 20 DE NOVIEMBRE DE BACAJAQUIA,27.074443,-109.65144,9.54
1189,NIÑOS HEROES,RED SEC,,PRIM 20 DE NOVIEMBRE DE BACAJAQUIA,27.074443,-109.65144,9.54
1104,LA PLUMITA,RED SEC,,PRIM 20 DE NOVIEMBRE DE BACAJAQUIA,27.074443,-109.65144,9.54
189,TELESECUNDARIA 297,COMPUPROYECCIONES,,(TZ-45) TORRE COMANDANCIA MUNICIPAL ALAMOS,27.03949722,-108.9448583,9.55
1999,FELIPE CARRILLO PUERTO,RED SEC,,(TZ-30) TORRE HOSPITAL GRAL. HUATABAMPO,26.84247222,-109.6411222,9.61
1281,TELESECUNDARIA 350,COMPUPROYECCIONES,,(TZ-45) TORRE COMANDANCIA SONOYTA,31.864325,-112.8494722,9.69
1934,EL FUTURO,RED SEC,,(TZ-30) TORRE HOSPITAL GRAL. HUATABAMPO,26.84247222,-109.6411222,9.81
2035,JOSEFA ORTIZ DE DOMINGUEZ,RED SEC,,(TZ-30) TORRE HOSPITAL GRAL. HUATABAMPO,26.84247222,-109.6411222,9.81
2038,GENERAL PLUTARCO E CALLES,INDEX,,CENTRO DE SALUD RURAL DE VENUSTIANO CARRANZA,26.427719,-109.031198,9.86
1198,FRANCISCO I. MADERO,TELMEX,,PRIM GAVINO BARRERA DE GUAYTANA,27.093839,-109.656901,9.93
